2023-06-29 22:01:47,244 INFO:Starting
2023-06-29 22:03:09,180 INFO:Total games: 10
2023-06-29 22:04:28,159 INFO:Total games: 20
2023-06-29 22:05:36,690 INFO:Total games: 30
2023-06-29 22:05:45,394 INFO:Ending
2023-06-29 22:05:45,394 INFO:Duration: 0 hours, 3 minutes, 58 seconds
2023-06-29 22:07:16,987 INFO:Starting
2023-06-29 22:08:31,496 INFO:Total games: 10
2023-06-29 22:09:34,248 INFO:Total games: 20
2023-06-29 22:10:45,714 INFO:Total games: 30
2023-06-29 22:12:00,188 INFO:Total games: 40
2023-06-29 22:13:22,520 INFO:Total games: 50
2023-06-29 22:14:37,284 INFO:Total games: 60
2023-06-29 22:15:55,927 INFO:Total games: 70
2023-06-29 22:17:24,867 INFO:Total games: 80
2023-06-29 22:18:39,092 INFO:Total games: 90
2023-06-29 22:20:00,608 INFO:Total games: 100
2023-06-29 22:21:12,214 INFO:Total games: 110
2023-06-29 22:22:32,938 INFO:Total games: 120
2023-06-29 22:23:52,347 INFO:Total games: 130
2023-06-29 22:25:06,571 INFO:Total games: 140
2023-06-29 22:26:08,203 INFO:Total games: 150
2023-06-29 22:27:19,962 INFO:Total games: 160
2023-06-29 22:28:32,887 INFO:Total games: 170
2023-06-29 22:29:53,946 INFO:Total games: 180
2023-06-29 22:31:02,760 INFO:Total games: 190
2023-06-29 22:32:13,489 INFO:Total games: 200
2023-06-29 22:33:35,640 INFO:Total games: 210
2023-06-29 22:35:00,318 INFO:Total games: 220
2023-06-29 22:36:17,352 INFO:Total games: 230
2023-06-29 22:37:43,272 INFO:Total games: 240
2023-06-29 22:39:04,298 INFO:Total games: 250
2023-06-29 22:40:24,400 INFO:Total games: 260
2023-06-29 22:41:38,047 INFO:Total games: 270
2023-06-29 22:42:45,645 INFO:Loaded new best model
2023-06-29 22:43:04,376 INFO:Total games: 280
2023-06-29 22:44:29,504 INFO:Total games: 290
2023-06-29 22:45:56,935 INFO:Total games: 300
2023-06-29 22:47:17,348 INFO:Total games: 310
2023-06-29 22:48:35,401 INFO:Total games: 320
2023-06-29 22:49:59,170 INFO:Total games: 330
2023-06-29 22:51:07,284 INFO:Total games: 340
2023-06-29 22:52:37,625 INFO:Total games: 350
2023-06-29 22:53:49,271 INFO:Total games: 360
2023-06-29 22:55:09,863 INFO:Total games: 370
2023-06-29 22:56:40,128 INFO:Total games: 380
2023-06-29 22:58:18,077 INFO:Total games: 390
2023-06-29 22:59:38,338 INFO:Total games: 400
2023-06-29 23:00:54,653 INFO:Total games: 410
2023-06-29 23:02:22,282 INFO:Total games: 420
2023-06-29 23:03:48,408 INFO:Total games: 430
2023-06-29 23:04:58,261 INFO:Total games: 440
2023-06-29 23:06:13,746 INFO:Total games: 450
2023-06-29 23:07:30,255 INFO:Total games: 460
2023-06-29 23:08:50,866 INFO:Total games: 470
2023-06-29 23:10:24,379 INFO:Total games: 480
2023-06-29 23:11:38,988 INFO:Total games: 490
2023-06-29 23:12:53,673 INFO:Total games: 500
2023-06-29 23:14:06,773 INFO:Total games: 510
2023-06-29 23:15:23,811 INFO:Total games: 520
2023-06-29 23:16:43,882 INFO:Total games: 530
2023-06-29 23:18:14,274 INFO:Total games: 540
2023-06-29 23:19:30,018 INFO:Total games: 550
2023-06-29 23:21:02,247 INFO:Total games: 560
2023-06-29 23:22:12,447 INFO:Loaded new best model
2023-06-29 23:22:36,523 INFO:Total games: 570
2023-06-29 23:23:55,675 INFO:Total games: 580
2023-06-29 23:25:14,378 INFO:Total games: 590
2023-06-29 23:26:27,816 INFO:Total games: 600
2023-06-29 23:27:51,150 INFO:Total games: 610
2023-06-29 23:29:19,682 INFO:Total games: 620
2023-06-29 23:30:52,175 INFO:Total games: 630
2023-06-29 23:32:34,002 INFO:Total games: 640
2023-06-29 23:33:58,176 INFO:Total games: 650
2023-06-29 23:35:10,183 INFO:Total games: 660
2023-06-29 23:36:40,004 INFO:Total games: 670
2023-06-29 23:38:11,257 INFO:Total games: 680
2023-06-29 23:39:41,705 INFO:Total games: 690
2023-06-29 23:41:19,216 INFO:Total games: 700
2023-06-29 23:41:28,605 INFO:Loaded new best model
2023-06-29 23:42:53,833 INFO:Total games: 710
2023-06-29 23:44:20,031 INFO:Total games: 720
2023-06-29 23:45:55,550 INFO:Total games: 730
2023-06-29 23:47:10,632 INFO:Total games: 740
2023-06-29 23:48:53,450 INFO:Total games: 750
2023-06-29 23:50:28,944 INFO:Total games: 760
2023-06-29 23:52:17,227 INFO:Total games: 770
2023-06-29 23:54:05,060 INFO:Total games: 780
2023-06-29 23:55:40,444 INFO:Total games: 790
2023-06-29 23:57:22,103 INFO:Total games: 800
2023-06-29 23:58:59,267 INFO:Total games: 810
2023-06-30 00:00:28,004 INFO:Total games: 820
2023-06-30 00:02:00,504 INFO:Total games: 830
2023-06-30 00:03:31,105 INFO:Total games: 840
2023-06-30 00:04:57,738 INFO:Total games: 850
2023-06-30 00:06:26,848 INFO:Total games: 860
2023-06-30 00:07:33,175 INFO:Total games: 870
2023-06-30 00:09:16,895 INFO:Total games: 880
2023-06-30 00:11:01,771 INFO:Total games: 890
2023-06-30 00:12:42,637 INFO:Total games: 900
2023-06-30 00:14:21,541 INFO:Total games: 910
2023-06-30 00:16:09,849 INFO:Total games: 920
2023-06-30 00:17:49,381 INFO:Total games: 930
2023-06-30 00:19:18,952 INFO:Total games: 940
2023-06-30 00:20:55,322 INFO:Total games: 950
2023-06-30 00:22:26,291 INFO:Total games: 960
2023-06-30 00:22:56,671 INFO:Loaded new best model
2023-06-30 00:23:59,879 INFO:Total games: 970
2023-06-30 00:25:27,572 INFO:Total games: 980
2023-06-30 00:26:40,628 INFO:Total games: 990
2023-06-30 00:28:15,754 INFO:Total games: 1000
2023-06-30 00:29:48,240 INFO:Total games: 1010
2023-06-30 00:31:25,133 INFO:Total games: 1020
2023-06-30 00:32:44,409 INFO:Total games: 1030
2023-06-30 00:34:19,863 INFO:Total games: 1040
2023-06-30 00:35:41,006 INFO:Total games: 1050
2023-06-30 00:37:08,783 INFO:Total games: 1060
2023-06-30 00:38:49,550 INFO:Total games: 1070
2023-06-30 00:40:28,951 INFO:Total games: 1080
2023-06-30 00:42:09,058 INFO:Total games: 1090
2023-06-30 00:43:34,608 INFO:Total games: 1100
2023-06-30 00:44:49,045 INFO:Total games: 1110
2023-06-30 00:46:17,242 INFO:Total games: 1120
2023-06-30 00:47:42,196 INFO:Total games: 1130
2023-06-30 00:48:50,033 INFO:Total games: 1140
2023-06-30 00:50:19,790 INFO:Total games: 1150
2023-06-30 00:51:47,736 INFO:Total games: 1160
2023-06-30 00:53:15,051 INFO:Total games: 1170
2023-06-30 00:54:26,031 INFO:Total games: 1180
2023-06-30 00:55:56,942 INFO:Total games: 1190
2023-06-30 00:57:18,205 INFO:Total games: 1200
2023-06-30 00:58:51,465 INFO:Total games: 1210
2023-06-30 01:00:18,133 INFO:Total games: 1220
2023-06-30 01:01:57,171 INFO:Total games: 1230
2023-06-30 01:03:37,702 INFO:Total games: 1240
2023-06-30 01:05:14,427 INFO:Total games: 1250
2023-06-30 01:06:52,394 INFO:Total games: 1260
2023-06-30 01:08:06,255 INFO:Total games: 1270
2023-06-30 01:09:29,465 INFO:Total games: 1280
2023-06-30 01:10:56,582 INFO:Total games: 1290
2023-06-30 01:12:33,896 INFO:Total games: 1300
2023-06-30 01:14:09,730 INFO:Total games: 1310
2023-06-30 01:15:58,318 INFO:Total games: 1320
2023-06-30 01:17:34,320 INFO:Total games: 1330
2023-06-30 01:19:05,164 INFO:Total games: 1340
2023-06-30 01:20:32,864 INFO:Total games: 1350
2023-06-30 01:21:55,530 INFO:Total games: 1360
2023-06-30 01:23:34,496 INFO:Total games: 1370
2023-06-30 01:24:16,883 INFO:Loaded new best model
2023-06-30 01:25:02,667 INFO:Total games: 1380
2023-06-30 01:26:39,549 INFO:Total games: 1390
2023-06-30 01:28:17,165 INFO:Total games: 1400
2023-06-30 01:29:54,589 INFO:Total games: 1410
2023-06-30 01:31:36,047 INFO:Total games: 1420
2023-06-30 01:33:19,577 INFO:Total games: 1430
2023-06-30 01:35:06,395 INFO:Total games: 1440
2023-06-30 01:36:52,125 INFO:Total games: 1450
2023-06-30 01:38:31,629 INFO:Total games: 1460
2023-06-30 01:40:16,100 INFO:Total games: 1470
2023-06-30 01:42:00,395 INFO:Total games: 1480
2023-06-30 01:43:41,508 INFO:Total games: 1490
2023-06-30 01:45:20,437 INFO:Total games: 1500
2023-06-30 01:46:52,137 INFO:Total games: 1510
2023-06-30 01:48:31,652 INFO:Total games: 1520
2023-06-30 01:50:16,832 INFO:Total games: 1530
2023-06-30 01:51:59,309 INFO:Total games: 1540
2023-06-30 01:53:42,898 INFO:Total games: 1550
2023-06-30 01:55:29,194 INFO:Total games: 1560
2023-06-30 01:57:05,748 INFO:Total games: 1570
2023-06-30 01:58:46,537 INFO:Total games: 1580
2023-06-30 02:00:24,550 INFO:Total games: 1590
2023-06-30 02:01:52,436 INFO:Total games: 1600
2023-06-30 02:03:24,032 INFO:Loaded new best model
2023-06-30 02:03:34,595 INFO:Total games: 1610
2023-06-30 02:05:21,887 INFO:Total games: 1620
2023-06-30 02:07:02,334 INFO:Total games: 1630
2023-06-30 02:08:56,208 INFO:Total games: 1640
2023-06-30 02:10:48,343 INFO:Total games: 1650
2023-06-30 02:12:39,198 INFO:Total games: 1660
2023-06-30 02:14:33,289 INFO:Total games: 1670
2023-06-30 02:16:23,236 INFO:Total games: 1680
2023-06-30 02:18:13,895 INFO:Total games: 1690
2023-06-30 02:20:10,218 INFO:Total games: 1700
2023-06-30 02:22:02,696 INFO:Total games: 1710
2023-06-30 02:23:44,788 INFO:Total games: 1720
2023-06-30 02:25:37,057 INFO:Total games: 1730
2023-06-30 02:27:19,024 INFO:Total games: 1740
2023-06-30 02:28:59,184 INFO:Total games: 1750
2023-06-30 02:30:52,983 INFO:Total games: 1760
2023-06-30 02:32:44,323 INFO:Total games: 1770
2023-06-30 02:34:35,778 INFO:Total games: 1780
2023-06-30 02:36:23,730 INFO:Total games: 1790
2023-06-30 02:38:13,726 INFO:Total games: 1800
2023-06-30 02:40:05,344 INFO:Total games: 1810
2023-06-30 02:42:02,577 INFO:Total games: 1820
2023-06-30 02:43:49,569 INFO:Total games: 1830
2023-06-30 02:45:36,885 INFO:Total games: 1840
2023-06-30 02:47:22,513 INFO:Total games: 1850
2023-06-30 02:49:03,562 INFO:Total games: 1860
2023-06-30 02:50:52,399 INFO:Total games: 1870
2023-06-30 02:52:45,957 INFO:Total games: 1880
2023-06-30 02:54:34,195 INFO:Total games: 1890
2023-06-30 02:56:25,865 INFO:Total games: 1900
2023-06-30 02:58:18,659 INFO:Total games: 1910
2023-06-30 03:00:02,048 INFO:Total games: 1920
2023-06-30 03:01:51,291 INFO:Total games: 1930
2023-06-30 03:03:41,233 INFO:Total games: 1940
2023-06-30 03:05:37,162 INFO:Total games: 1950
2023-06-30 03:07:28,109 INFO:Total games: 1960
2023-06-30 03:09:13,352 INFO:Total games: 1970
2023-06-30 03:11:00,379 INFO:Total games: 1980
2023-06-30 03:12:41,806 INFO:Total games: 1990
2023-06-30 03:14:32,837 INFO:Total games: 2000
2023-06-30 03:16:26,802 INFO:Total games: 2010
2023-06-30 03:18:13,783 INFO:Total games: 2020
2023-06-30 03:20:07,070 INFO:Total games: 2030
2023-06-30 03:21:55,858 INFO:Total games: 2040
2023-06-30 03:23:51,912 INFO:Total games: 2050
2023-06-30 03:25:37,224 INFO:Total games: 2060
2023-06-30 03:27:23,181 INFO:Total games: 2070
2023-06-30 03:29:12,940 INFO:Total games: 2080
2023-06-30 03:30:57,303 INFO:Total games: 2090
2023-06-30 03:32:47,256 INFO:Total games: 2100
2023-06-30 03:34:32,830 INFO:Total games: 2110
2023-06-30 03:36:21,270 INFO:Total games: 2120
2023-06-30 03:38:09,343 INFO:Total games: 2130
2023-06-30 03:40:03,235 INFO:Total games: 2140
2023-06-30 03:41:59,105 INFO:Total games: 2150
2023-06-30 03:43:45,742 INFO:Total games: 2160
2023-06-30 03:45:32,097 INFO:Total games: 2170
2023-06-30 03:47:18,503 INFO:Total games: 2180
2023-06-30 03:49:13,400 INFO:Total games: 2190
2023-06-30 03:50:50,895 INFO:Total games: 2200
2023-06-30 03:52:38,484 INFO:Total games: 2210
2023-06-30 03:54:26,379 INFO:Total games: 2220
2023-06-30 03:56:22,821 INFO:Total games: 2230
2023-06-30 03:58:14,088 INFO:Total games: 2240
2023-06-30 04:00:07,046 INFO:Total games: 2250
2023-06-30 04:01:59,364 INFO:Total games: 2260
2023-06-30 04:03:55,037 INFO:Total games: 2270
2023-06-30 04:05:42,324 INFO:Total games: 2280
2023-06-30 04:07:33,561 INFO:Total games: 2290
2023-06-30 04:09:11,554 INFO:Total games: 2300
2023-06-30 04:11:01,029 INFO:Total games: 2310
2023-06-30 04:12:43,262 INFO:Total games: 2320
2023-06-30 04:14:32,046 INFO:Total games: 2330
2023-06-30 04:16:29,719 INFO:Total games: 2340
2023-06-30 04:18:17,372 INFO:Total games: 2350
2023-06-30 04:20:05,572 INFO:Total games: 2360
2023-06-30 04:21:55,101 INFO:Total games: 2370
2023-06-30 04:23:51,491 INFO:Total games: 2380
2023-06-30 04:25:37,241 INFO:Total games: 2390
2023-06-30 04:27:24,485 INFO:Total games: 2400
2023-06-30 04:29:13,876 INFO:Total games: 2410
2023-06-30 04:30:57,795 INFO:Total games: 2420
2023-06-30 04:32:46,313 INFO:Total games: 2430
2023-06-30 04:34:29,140 INFO:Total games: 2440
2023-06-30 04:36:21,713 INFO:Total games: 2450
2023-06-30 04:38:10,029 INFO:Total games: 2460
2023-06-30 04:40:03,071 INFO:Total games: 2470
2023-06-30 04:41:55,772 INFO:Total games: 2480
2023-06-30 04:43:45,911 INFO:Total games: 2490
2023-06-30 04:45:36,719 INFO:Total games: 2500
2023-06-30 04:47:33,409 INFO:Total games: 2510
2023-06-30 04:49:25,549 INFO:Total games: 2520
2023-06-30 04:51:11,754 INFO:Total games: 2530
2023-06-30 04:52:57,206 INFO:Total games: 2540
2023-06-30 04:54:50,099 INFO:Total games: 2550
2023-06-30 04:56:40,151 INFO:Total games: 2560
2023-06-30 04:58:26,971 INFO:Total games: 2570
2023-06-30 05:00:16,868 INFO:Total games: 2580
2023-06-30 05:02:05,521 INFO:Total games: 2590
2023-06-30 05:04:01,351 INFO:Total games: 2600
2023-06-30 05:05:48,745 INFO:Total games: 2610
2023-06-30 05:07:38,364 INFO:Total games: 2620
2023-06-30 05:09:29,412 INFO:Total games: 2630
2023-06-30 05:11:16,375 INFO:Total games: 2640
2023-06-30 05:13:08,534 INFO:Total games: 2650
2023-06-30 05:14:58,509 INFO:Total games: 2660
2023-06-30 05:16:47,392 INFO:Total games: 2670
2023-06-30 05:18:27,721 INFO:Total games: 2680
2023-06-30 05:20:22,089 INFO:Total games: 2690
2023-06-30 05:22:13,315 INFO:Total games: 2700
2023-06-30 05:24:04,166 INFO:Total games: 2710
2023-06-30 05:25:55,862 INFO:Total games: 2720
2023-06-30 05:27:44,056 INFO:Total games: 2730
2023-06-30 05:29:38,014 INFO:Total games: 2740
2023-06-30 05:31:28,618 INFO:Total games: 2750
2023-06-30 05:33:14,931 INFO:Total games: 2760
2023-06-30 05:35:00,668 INFO:Total games: 2770
2023-06-30 05:36:52,858 INFO:Total games: 2780
2023-06-30 05:38:41,021 INFO:Total games: 2790
2023-06-30 05:40:32,193 INFO:Total games: 2800
2023-06-30 05:42:22,796 INFO:Total games: 2810
2023-06-30 05:44:13,531 INFO:Total games: 2820
2023-06-30 05:46:08,164 INFO:Total games: 2830
2023-06-30 05:47:57,751 INFO:Total games: 2840
2023-06-30 05:49:47,676 INFO:Total games: 2850
2023-06-30 05:51:36,008 INFO:Total games: 2860
2023-06-30 05:53:21,872 INFO:Total games: 2870
2023-06-30 05:55:14,522 INFO:Total games: 2880
2023-06-30 05:57:03,002 INFO:Total games: 2890
2023-06-30 05:58:53,398 INFO:Total games: 2900
2023-06-30 06:00:45,144 INFO:Total games: 2910
2023-06-30 06:02:36,405 INFO:Total games: 2920
2023-06-30 06:04:32,776 INFO:Total games: 2930
2023-06-30 06:06:22,574 INFO:Total games: 2940
2023-06-30 06:08:14,165 INFO:Total games: 2950
2023-06-30 06:10:04,439 INFO:Total games: 2960
2023-06-30 06:11:55,763 INFO:Total games: 2970
2023-06-30 06:13:53,104 INFO:Total games: 2980
2023-06-30 06:15:33,686 INFO:Total games: 2990
2023-06-30 06:17:16,843 INFO:Total games: 3000
2023-06-30 06:19:04,354 INFO:Total games: 3010
2023-06-30 06:20:55,900 INFO:Total games: 3020
2023-06-30 06:22:50,976 INFO:Total games: 3030
2023-06-30 06:24:41,875 INFO:Total games: 3040
2023-06-30 06:26:33,871 INFO:Total games: 3050
2023-06-30 06:28:18,759 INFO:Total games: 3060
2023-06-30 06:30:11,243 INFO:Total games: 3070
2023-06-30 06:32:10,262 INFO:Total games: 3080
2023-06-30 06:33:57,079 INFO:Total games: 3090
2023-06-30 06:35:43,592 INFO:Total games: 3100
2023-06-30 06:37:30,360 INFO:Total games: 3110
2023-06-30 06:39:16,253 INFO:Total games: 3120
2023-06-30 06:41:07,088 INFO:Total games: 3130
2023-06-30 06:43:04,587 INFO:Total games: 3140
2023-06-30 06:44:54,264 INFO:Total games: 3150
2023-06-30 06:46:45,464 INFO:Total games: 3160
2023-06-30 06:48:32,729 INFO:Total games: 3170
2023-06-30 06:50:21,244 INFO:Total games: 3180
2023-06-30 06:52:16,276 INFO:Total games: 3190
2023-06-30 06:54:04,734 INFO:Total games: 3200
2023-06-30 06:55:49,049 INFO:Total games: 3210
2023-06-30 06:57:34,994 INFO:Total games: 3220
2023-06-30 06:59:17,549 INFO:Total games: 3230
2023-06-30 07:01:09,086 INFO:Total games: 3240
2023-06-30 07:03:01,200 INFO:Total games: 3250
2023-06-30 07:04:53,496 INFO:Total games: 3260
2023-06-30 07:06:44,495 INFO:Total games: 3270
2023-06-30 07:08:36,932 INFO:Total games: 3280
2023-06-30 07:10:21,496 INFO:Total games: 3290
2023-06-30 07:12:18,187 INFO:Total games: 3300
2023-06-30 07:14:07,639 INFO:Total games: 3310
2023-06-30 07:15:50,106 INFO:Total games: 3320
2023-06-30 07:17:33,553 INFO:Total games: 3330
2023-06-30 07:19:25,367 INFO:Total games: 3340
2023-06-30 07:21:10,818 INFO:Total games: 3350
2023-06-30 07:23:06,762 INFO:Total games: 3360
2023-06-30 07:25:00,079 INFO:Total games: 3370
2023-06-30 07:26:51,663 INFO:Total games: 3380
2023-06-30 07:28:40,754 INFO:Total games: 3390
2023-06-30 07:30:33,464 INFO:Total games: 3400
2023-06-30 07:32:22,110 INFO:Total games: 3410
2023-06-30 07:34:19,713 INFO:Total games: 3420
2023-06-30 07:36:06,185 INFO:Total games: 3430
2023-06-30 07:37:50,538 INFO:Total games: 3440
2023-06-30 07:39:34,841 INFO:Total games: 3450
2023-06-30 07:41:28,062 INFO:Total games: 3460
2023-06-30 07:43:15,642 INFO:Total games: 3470
2023-06-30 07:45:14,059 INFO:Total games: 3480
2023-06-30 07:47:00,889 INFO:Total games: 3490
2023-06-30 07:48:47,625 INFO:Total games: 3500
2023-06-30 07:50:36,062 INFO:Total games: 3510
2023-06-30 07:52:24,871 INFO:Total games: 3520
2023-06-30 07:54:12,972 INFO:Total games: 3530
2023-06-30 07:56:11,334 INFO:Total games: 3540
2023-06-30 07:57:55,014 INFO:Total games: 3550
2023-06-30 07:59:38,378 INFO:Total games: 3560
2023-06-30 08:01:24,165 INFO:Total games: 3570
2023-06-30 08:03:16,594 INFO:Total games: 3580
2023-06-30 08:05:07,491 INFO:Total games: 3590
2023-06-30 08:07:03,880 INFO:Total games: 3600
2023-06-30 08:08:56,568 INFO:Total games: 3610
2023-06-30 08:10:49,927 INFO:Total games: 3620
2023-06-30 08:12:41,577 INFO:Total games: 3630
2023-06-30 08:14:35,580 INFO:Total games: 3640
2023-06-30 08:16:26,156 INFO:Total games: 3650
2023-06-30 08:18:18,626 INFO:Total games: 3660
2023-06-30 08:20:06,583 INFO:Total games: 3670
2023-06-30 08:21:47,182 INFO:Total games: 3680
2023-06-30 08:23:34,210 INFO:Total games: 3690
2023-06-30 08:25:22,428 INFO:Total games: 3700
2023-06-30 08:27:14,107 INFO:Total games: 3710
2023-06-30 08:29:04,347 INFO:Total games: 3720
2023-06-30 08:31:06,498 INFO:Total games: 3730
2023-06-30 08:32:57,776 INFO:Total games: 3740
2023-06-30 08:34:46,253 INFO:Total games: 3750
2023-06-30 08:36:39,033 INFO:Total games: 3760
2023-06-30 08:38:24,312 INFO:Total games: 3770
2023-06-30 08:40:08,136 INFO:Total games: 3780
2023-06-30 08:42:03,436 INFO:Total games: 3790
2023-06-30 08:43:55,530 INFO:Total games: 3800
2023-06-30 08:45:44,141 INFO:Total games: 3810
2023-06-30 08:47:34,613 INFO:Total games: 3820
2023-06-30 08:49:27,250 INFO:Total games: 3830
2023-06-30 08:51:08,814 INFO:Total games: 3840
2023-06-30 08:52:53,959 INFO:Total games: 3850
2023-06-30 08:54:53,540 INFO:Total games: 3860
2023-06-30 08:56:36,813 INFO:Total games: 3870
2023-06-30 08:58:22,175 INFO:Total games: 3880
2023-06-30 09:00:04,562 INFO:Total games: 3890
2023-06-30 09:01:50,967 INFO:Total games: 3900
2023-06-30 09:03:39,613 INFO:Total games: 3910
2023-06-30 09:05:40,133 INFO:Total games: 3920
2023-06-30 09:07:31,030 INFO:Total games: 3930
2023-06-30 09:09:21,339 INFO:Total games: 3940
2023-06-30 09:11:15,786 INFO:Total games: 3950
2023-06-30 09:13:02,484 INFO:Total games: 3960
2023-06-30 09:14:49,850 INFO:Total games: 3970
2023-06-30 09:16:38,375 INFO:Total games: 3980
2023-06-30 09:18:40,867 INFO:Total games: 3990
2023-06-30 09:20:23,897 INFO:Total games: 4000
2023-06-30 09:22:13,578 INFO:Total games: 4010
2023-06-30 09:24:03,754 INFO:Total games: 4020
2023-06-30 09:25:49,140 INFO:Total games: 4030
2023-06-30 09:27:37,395 INFO:Total games: 4040
2023-06-30 09:29:30,646 INFO:Total games: 4050
2023-06-30 09:31:29,986 INFO:Total games: 4060
2023-06-30 09:33:20,811 INFO:Total games: 4070
2023-06-30 09:34:58,839 INFO:Total games: 4080
2023-06-30 09:36:52,045 INFO:Total games: 4090
2023-06-30 09:38:39,679 INFO:Total games: 4100
2023-06-30 09:40:25,690 INFO:Total games: 4110
2023-06-30 09:42:06,202 INFO:Total games: 4120
2023-06-30 09:44:02,701 INFO:Total games: 4130
2023-06-30 09:45:52,501 INFO:Total games: 4140
2023-06-30 09:47:44,977 INFO:Total games: 4150
2023-06-30 09:49:37,530 INFO:Total games: 4160
2023-06-30 09:51:26,192 INFO:Total games: 4170
2023-06-30 09:53:13,368 INFO:Total games: 4180
2023-06-30 09:55:05,493 INFO:Total games: 4190
2023-06-30 09:57:02,363 INFO:Total games: 4200
2023-06-30 09:58:53,163 INFO:Total games: 4210
2023-06-30 10:00:36,015 INFO:Total games: 4220
2023-06-30 10:02:14,145 INFO:Total games: 4230
2023-06-30 10:03:55,781 INFO:Total games: 4240
2023-06-30 10:05:44,029 INFO:Total games: 4250
2023-06-30 10:07:37,421 INFO:Total games: 4260
2023-06-30 10:09:22,204 INFO:Total games: 4270
2023-06-30 10:11:23,754 INFO:Total games: 4280
2023-06-30 10:13:14,340 INFO:Total games: 4290
2023-06-30 10:15:06,483 INFO:Total games: 4300
2023-06-30 10:16:56,030 INFO:Total games: 4310
2023-06-30 10:18:49,871 INFO:Total games: 4320
2023-06-30 10:20:35,724 INFO:Total games: 4330
2023-06-30 10:22:21,293 INFO:Total games: 4340
2023-06-30 10:24:12,814 INFO:Total games: 4350
2023-06-30 10:26:06,083 INFO:Total games: 4360
2023-06-30 10:27:58,609 INFO:Total games: 4370
2023-06-30 10:29:51,358 INFO:Total games: 4380
2023-06-30 10:31:40,932 INFO:Total games: 4390
2023-06-30 10:33:30,784 INFO:Total games: 4400
2023-06-30 10:35:22,471 INFO:Total games: 4410
2023-06-30 10:37:10,752 INFO:Total games: 4420
2023-06-30 10:39:10,713 INFO:Total games: 4430
2023-06-30 10:40:58,760 INFO:Total games: 4440
2023-06-30 10:42:41,182 INFO:Total games: 4450
2023-06-30 10:44:26,957 INFO:Total games: 4460
2023-06-30 10:46:09,553 INFO:Total games: 4470
2023-06-30 10:48:00,165 INFO:Total games: 4480
2023-06-30 10:49:43,619 INFO:Total games: 4490
2023-06-30 10:51:33,357 INFO:Total games: 4500
2023-06-30 10:53:33,474 INFO:Total games: 4510
2023-06-30 10:55:26,191 INFO:Total games: 4520
2023-06-30 10:57:10,195 INFO:Total games: 4530
2023-06-30 10:58:59,879 INFO:Total games: 4540
2023-06-30 11:00:48,574 INFO:Total games: 4550
2023-06-30 11:02:34,865 INFO:Total games: 4560
2023-06-30 11:04:15,737 INFO:Total games: 4570
2023-06-30 11:06:14,288 INFO:Total games: 4580
2023-06-30 11:08:01,622 INFO:Total games: 4590
2023-06-30 11:09:49,487 INFO:Total games: 4600
2023-06-30 11:11:39,046 INFO:Total games: 4610
2023-06-30 11:13:25,707 INFO:Total games: 4620
2023-06-30 11:15:15,462 INFO:Total games: 4630
2023-06-30 11:17:02,812 INFO:Total games: 4640
2023-06-30 11:18:56,671 INFO:Total games: 4650
2023-06-30 11:20:59,805 INFO:Total games: 4660
2023-06-30 11:22:43,018 INFO:Total games: 4670
2023-06-30 11:24:24,662 INFO:Total games: 4680
2023-06-30 11:26:09,945 INFO:Total games: 4690
2023-06-30 11:28:00,157 INFO:Total games: 4700
2023-06-30 11:29:49,126 INFO:Total games: 4710
2023-06-30 11:31:40,459 INFO:Total games: 4720
2023-06-30 11:33:30,633 INFO:Total games: 4730
2023-06-30 11:35:23,438 INFO:Total games: 4740
2023-06-30 11:37:23,597 INFO:Total games: 4750
2023-06-30 11:39:17,078 INFO:Total games: 4760
2023-06-30 11:41:11,103 INFO:Total games: 4770
2023-06-30 11:42:27,750 INFO:Loaded new best model
2023-06-30 11:42:53,533 INFO:Total games: 4780
2023-06-30 11:44:25,951 INFO:Total games: 4790
2023-06-30 11:45:57,934 INFO:Total games: 4800
2023-06-30 11:47:36,322 INFO:Total games: 4810
2023-06-30 11:49:05,120 INFO:Total games: 4820
2023-06-30 11:50:38,293 INFO:Total games: 4830
2023-06-30 11:52:26,208 INFO:Total games: 4840
2023-06-30 11:54:01,282 INFO:Total games: 4850
2023-06-30 11:55:35,086 INFO:Total games: 4860
2023-06-30 11:57:11,300 INFO:Total games: 4870
2023-06-30 11:58:49,546 INFO:Total games: 4880
2023-06-30 12:00:28,087 INFO:Total games: 4890
2023-06-30 12:02:00,561 INFO:Total games: 4900
2023-06-30 12:03:29,786 INFO:Total games: 4910
2023-06-30 12:04:58,255 INFO:Total games: 4920
2023-06-30 12:06:33,291 INFO:Total games: 4930
2023-06-30 12:08:04,648 INFO:Total games: 4940
2023-06-30 12:09:50,729 INFO:Total games: 4950
2023-06-30 12:11:25,781 INFO:Total games: 4960
2023-06-30 12:13:05,782 INFO:Total games: 4970
2023-06-30 12:14:40,909 INFO:Total games: 4980
2023-06-30 12:16:21,513 INFO:Total games: 4990
2023-06-30 12:17:50,423 INFO:Total games: 5000
2023-06-30 12:19:29,120 INFO:Total games: 5010
2023-06-30 12:21:04,940 INFO:Total games: 5020
2023-06-30 12:22:42,994 INFO:Total games: 5030
2023-06-30 12:24:08,659 INFO:Total games: 5040
2023-06-30 12:25:33,810 INFO:Total games: 5050
2023-06-30 12:27:21,588 INFO:Total games: 5060
2023-06-30 12:28:41,917 INFO:Total games: 5070
2023-06-30 12:30:19,213 INFO:Total games: 5080
2023-06-30 12:31:49,937 INFO:Total games: 5090
2023-06-30 12:33:30,856 INFO:Total games: 5100
2023-06-30 12:35:04,254 INFO:Total games: 5110
2023-06-30 12:36:41,626 INFO:Total games: 5120
2023-06-30 12:38:18,014 INFO:Total games: 5130
2023-06-30 12:39:59,648 INFO:Total games: 5140
2023-06-30 12:42:11,827 INFO:Total games: 5150
2023-06-30 12:44:13,388 INFO:Total games: 5160
2023-06-30 12:45:55,061 INFO:Total games: 5170
2023-06-30 12:47:28,183 INFO:Total games: 5180
2023-06-30 12:49:01,047 INFO:Total games: 5190
2023-06-30 12:50:36,438 INFO:Total games: 5200
2023-06-30 12:52:12,429 INFO:Total games: 5210
2023-06-30 12:54:01,114 INFO:Total games: 5220
2023-06-30 12:55:35,287 INFO:Total games: 5230
2023-06-30 12:56:57,607 INFO:Total games: 5240
2023-06-30 12:58:28,481 INFO:Total games: 5250
2023-06-30 13:00:02,372 INFO:Total games: 5260
2023-06-30 13:01:35,614 INFO:Total games: 5270
2023-06-30 13:03:19,694 INFO:Total games: 5280
2023-06-30 13:04:52,348 INFO:Total games: 5290
2023-06-30 13:06:25,954 INFO:Total games: 5300
2023-06-30 13:08:10,751 INFO:Total games: 5310
2023-06-30 13:09:31,481 INFO:Loaded new best model
2023-06-30 13:09:54,133 INFO:Total games: 5320
2023-06-30 13:11:44,926 INFO:Total games: 5330
2023-06-30 13:13:34,558 INFO:Total games: 5340
2023-06-30 13:15:29,329 INFO:Total games: 5350
2023-06-30 13:17:26,562 INFO:Total games: 5360
2023-06-30 13:19:21,955 INFO:Total games: 5370
2023-06-30 13:21:33,279 INFO:Total games: 5380
2023-06-30 13:23:32,646 INFO:Total games: 5390
2023-06-30 13:25:33,753 INFO:Total games: 5400
2023-06-30 13:27:39,527 INFO:Total games: 5410
2023-06-30 13:29:46,155 INFO:Total games: 5420
2023-06-30 13:31:53,605 INFO:Total games: 5430
2023-06-30 13:33:54,697 INFO:Total games: 5440
2023-06-30 13:35:55,355 INFO:Total games: 5450
2023-06-30 13:37:55,291 INFO:Total games: 5460
2023-06-30 13:40:17,321 INFO:Total games: 5470
2023-06-30 13:42:24,816 INFO:Total games: 5480
2023-06-30 13:44:18,569 INFO:Total games: 5490
2023-06-30 13:46:13,474 INFO:Total games: 5500
2023-06-30 13:48:12,395 INFO:Total games: 5510
2023-06-30 13:50:10,835 INFO:Total games: 5520
2023-06-30 13:52:09,895 INFO:Total games: 5530
2023-06-30 13:54:03,065 INFO:Total games: 5540
2023-06-30 13:55:59,205 INFO:Total games: 5550
2023-06-30 13:58:01,480 INFO:Total games: 5560
2023-06-30 14:00:11,593 INFO:Total games: 5570
2023-06-30 14:02:06,169 INFO:Total games: 5580
2023-06-30 14:04:04,677 INFO:Total games: 5590
2023-06-30 14:06:02,377 INFO:Total games: 5600
2023-06-30 14:07:59,512 INFO:Total games: 5610
2023-06-30 14:09:50,355 INFO:Total games: 5620
2023-06-30 14:11:47,398 INFO:Total games: 5630
2023-06-30 14:13:44,064 INFO:Total games: 5640
2023-06-30 14:15:42,779 INFO:Total games: 5650
2023-06-30 14:17:55,538 INFO:Total games: 5660
2023-06-30 14:19:53,312 INFO:Total games: 5670
2023-06-30 14:21:50,581 INFO:Total games: 5680
2023-06-30 14:23:40,446 INFO:Total games: 5690
2023-06-30 14:25:31,253 INFO:Total games: 5700
2023-06-30 14:27:27,579 INFO:Total games: 5710
2023-06-30 14:29:26,897 INFO:Total games: 5720
2023-06-30 14:31:18,125 INFO:Total games: 5730
2023-06-30 14:33:14,216 INFO:Total games: 5740
2023-06-30 14:35:08,946 INFO:Total games: 5750
2023-06-30 14:37:18,372 INFO:Total games: 5760
2023-06-30 14:39:15,646 INFO:Total games: 5770
2023-06-30 14:41:12,451 INFO:Total games: 5780
2023-06-30 14:43:05,849 INFO:Total games: 5790
2023-06-30 14:44:59,756 INFO:Total games: 5800
2023-06-30 14:46:42,544 INFO:Total games: 5810
2023-06-30 14:48:38,398 INFO:Total games: 5820
2023-06-30 14:50:34,279 INFO:Total games: 5830
2023-06-30 14:52:28,301 INFO:Total games: 5840
2023-06-30 14:54:24,468 INFO:Total games: 5850
2023-06-30 14:56:35,385 INFO:Total games: 5860
2023-06-30 14:58:31,472 INFO:Total games: 5870
2023-06-30 15:00:29,471 INFO:Total games: 5880
2023-06-30 15:02:25,425 INFO:Total games: 5890
2023-06-30 15:04:21,948 INFO:Total games: 5900
2023-06-30 15:06:16,067 INFO:Total games: 5910
2023-06-30 15:08:03,705 INFO:Total games: 5920
2023-06-30 15:10:01,698 INFO:Total games: 5930
2023-06-30 15:11:56,090 INFO:Total games: 5940
2023-06-30 15:13:50,576 INFO:Total games: 5950
2023-06-30 15:15:59,771 INFO:Total games: 5960
2023-06-30 15:17:56,271 INFO:Total games: 5970
2023-06-30 15:19:49,923 INFO:Total games: 5980
2023-06-30 15:21:42,900 INFO:Total games: 5990
2023-06-30 15:23:37,818 INFO:Total games: 6000
2023-06-30 15:25:33,515 INFO:Total games: 6010
2023-06-30 15:27:27,347 INFO:Total games: 6020
2023-06-30 15:29:20,719 INFO:Total games: 6030
2023-06-30 15:31:12,864 INFO:Total games: 6040
2023-06-30 15:33:09,398 INFO:Total games: 6050
2023-06-30 15:35:02,785 INFO:Total games: 6060
2023-06-30 15:37:14,688 INFO:Total games: 6070
2023-06-30 15:39:11,555 INFO:Total games: 6080
2023-06-30 15:41:09,492 INFO:Total games: 6090
2023-06-30 15:43:06,463 INFO:Total games: 6100
2023-06-30 15:45:03,800 INFO:Total games: 6110
2023-06-30 15:47:00,310 INFO:Total games: 6120
2023-06-30 15:48:49,192 INFO:Total games: 6130
2023-06-30 15:50:38,973 INFO:Total games: 6140
2023-06-30 15:52:29,270 INFO:Total games: 6150
2023-06-30 15:54:26,885 INFO:Total games: 6160
2023-06-30 15:56:34,490 INFO:Total games: 6170
2023-06-30 15:58:26,629 INFO:Total games: 6180
2023-06-30 16:00:19,122 INFO:Total games: 6190
2023-06-30 16:02:15,882 INFO:Total games: 6200
2023-06-30 16:04:11,980 INFO:Total games: 6210
2023-06-30 16:06:02,480 INFO:Total games: 6220
2023-06-30 16:08:01,147 INFO:Total games: 6230
2023-06-30 16:10:04,112 INFO:Total games: 6240
2023-06-30 16:12:01,537 INFO:Total games: 6250
2023-06-30 16:14:02,894 INFO:Total games: 6260
2023-06-30 16:16:08,864 INFO:Total games: 6270
2023-06-30 16:18:36,495 INFO:Total games: 6280
2023-06-30 16:20:40,772 INFO:Total games: 6290
2023-06-30 16:22:35,295 INFO:Total games: 6300
2023-06-30 16:24:32,616 INFO:Total games: 6310
2023-06-30 16:26:31,270 INFO:Total games: 6320
2023-06-30 16:28:27,671 INFO:Total games: 6330
2023-06-30 16:30:16,113 INFO:Total games: 6340
2023-06-30 16:32:12,616 INFO:Total games: 6350
2023-06-30 16:34:04,841 INFO:Total games: 6360
2023-06-30 16:35:53,984 INFO:Total games: 6370
2023-06-30 16:37:49,691 INFO:Total games: 6380
2023-06-30 16:40:02,703 INFO:Total games: 6390
2023-06-30 16:41:58,490 INFO:Total games: 6400
2023-06-30 16:43:52,293 INFO:Total games: 6410
2023-06-30 16:45:48,299 INFO:Total games: 6420
2023-06-30 16:47:44,499 INFO:Total games: 6430
2023-06-30 16:49:38,753 INFO:Total games: 6440
2023-06-30 16:51:35,250 INFO:Total games: 6450
2023-06-30 16:53:32,381 INFO:Total games: 6460
2023-06-30 16:55:28,537 INFO:Total games: 6470
2023-06-30 16:57:19,763 INFO:Total games: 6480
2023-06-30 16:59:09,798 INFO:Total games: 6490
2023-06-30 17:01:07,513 INFO:Total games: 6500
2023-06-30 17:03:20,915 INFO:Total games: 6510
2023-06-30 17:05:15,925 INFO:Total games: 6520
2023-06-30 17:07:14,768 INFO:Total games: 6530
2023-06-30 17:09:12,147 INFO:Total games: 6540
2023-06-30 17:11:07,181 INFO:Total games: 6550
2023-06-30 17:13:02,979 INFO:Total games: 6560
2023-06-30 17:14:58,739 INFO:Total games: 6570
2023-06-30 17:16:51,389 INFO:Total games: 6580
2023-06-30 17:18:45,466 INFO:Total games: 6590
2023-06-30 17:20:38,460 INFO:Total games: 6600
2023-06-30 17:22:30,059 INFO:Total games: 6610
2023-06-30 17:24:42,174 INFO:Total games: 6620
2023-06-30 17:26:37,688 INFO:Total games: 6630
2023-06-30 17:28:30,323 INFO:Total games: 6640
2023-06-30 17:30:24,008 INFO:Total games: 6650
2023-06-30 17:32:21,845 INFO:Total games: 6660
2023-06-30 17:34:17,067 INFO:Total games: 6670
2023-06-30 17:36:14,589 INFO:Total games: 6680
2023-06-30 17:38:02,134 INFO:Total games: 6690
2023-06-30 17:39:55,923 INFO:Total games: 6700
2023-06-30 17:41:49,231 INFO:Total games: 6710
2023-06-30 17:43:46,892 INFO:Total games: 6720
2023-06-30 17:45:39,861 INFO:Total games: 6730
2023-06-30 17:47:51,068 INFO:Total games: 6740
2023-06-30 17:49:49,343 INFO:Total games: 6750
2023-06-30 17:51:47,184 INFO:Total games: 6760
2023-06-30 17:53:45,303 INFO:Total games: 6770
2023-06-30 17:55:42,781 INFO:Total games: 6780
2023-06-30 17:57:38,087 INFO:Total games: 6790
2023-06-30 17:59:33,181 INFO:Total games: 6800
2023-06-30 18:01:20,999 INFO:Total games: 6810
2023-06-30 18:03:18,143 INFO:Total games: 6820
2023-06-30 18:05:14,473 INFO:Total games: 6830
2023-06-30 18:07:10,997 INFO:Total games: 6840
2023-06-30 18:09:07,899 INFO:Total games: 6850
2023-06-30 18:11:23,532 INFO:Total games: 6860
2023-06-30 18:13:21,547 INFO:Total games: 6870
2023-06-30 18:15:15,919 INFO:Total games: 6880
2023-06-30 18:17:13,030 INFO:Total games: 6890
2023-06-30 18:19:07,301 INFO:Total games: 6900
2023-06-30 18:20:57,987 INFO:Total games: 6910
2023-06-30 18:22:49,598 INFO:Total games: 6920
2023-06-30 18:24:46,587 INFO:Total games: 6930
2023-06-30 18:26:42,750 INFO:Total games: 6940
2023-06-30 18:28:39,979 INFO:Total games: 6950
2023-06-30 18:30:32,260 INFO:Total games: 6960
2023-06-30 18:32:25,378 INFO:Total games: 6970
2023-06-30 18:34:33,392 INFO:Total games: 6980
2023-06-30 18:36:31,138 INFO:Total games: 6990
2023-06-30 18:38:26,519 INFO:Total games: 7000
2023-06-30 18:40:22,483 INFO:Total games: 7010
2023-06-30 18:42:13,548 INFO:Total games: 7020
2023-06-30 18:44:05,491 INFO:Total games: 7030
2023-06-30 18:46:03,703 INFO:Total games: 7040
2023-06-30 18:47:59,906 INFO:Total games: 7050
2023-06-30 18:49:58,056 INFO:Total games: 7060
2023-06-30 18:51:55,540 INFO:Total games: 7070
2023-06-30 18:53:54,001 INFO:Total games: 7080
2023-06-30 18:55:52,520 INFO:Total games: 7090
2023-06-30 18:57:58,390 INFO:Total games: 7100
2023-06-30 18:59:55,078 INFO:Total games: 7110
2023-06-30 19:01:48,108 INFO:Total games: 7120
2023-06-30 19:03:39,474 INFO:Total games: 7130
2023-06-30 19:05:32,372 INFO:Total games: 7140
2023-06-30 19:07:26,133 INFO:Total games: 7150
2023-06-30 19:09:26,033 INFO:Total games: 7160
2023-06-30 19:11:24,443 INFO:Total games: 7170
2023-06-30 19:13:20,357 INFO:Total games: 7180
2023-06-30 19:15:14,490 INFO:Total games: 7190
2023-06-30 19:17:08,164 INFO:Total games: 7200
2023-06-30 19:19:02,204 INFO:Total games: 7210
2023-06-30 19:20:59,160 INFO:Total games: 7220
2023-06-30 19:23:11,735 INFO:Total games: 7230
2023-06-30 19:25:04,818 INFO:Total games: 7240
2023-06-30 19:26:59,940 INFO:Total games: 7250
2023-06-30 19:28:56,386 INFO:Total games: 7260
2023-06-30 19:30:55,487 INFO:Total games: 7270
2023-06-30 19:32:53,213 INFO:Total games: 7280
2023-06-30 19:34:52,785 INFO:Total games: 7290
2023-06-30 19:36:47,738 INFO:Total games: 7300
2023-06-30 19:38:43,432 INFO:Total games: 7310
2023-06-30 19:40:38,783 INFO:Total games: 7320
2023-06-30 19:42:36,725 INFO:Total games: 7330
2023-06-30 19:44:33,344 INFO:Total games: 7340
2023-06-30 19:46:24,524 INFO:Total games: 7350
2023-06-30 19:48:36,749 INFO:Total games: 7360
2023-06-30 19:50:31,857 INFO:Total games: 7370
2023-06-30 19:52:25,021 INFO:Total games: 7380
2023-06-30 19:54:21,877 INFO:Total games: 7390
2023-06-30 19:56:20,265 INFO:Total games: 7400
2023-06-30 19:58:18,706 INFO:Total games: 7410
2023-06-30 20:00:17,145 INFO:Total games: 7420
2023-06-30 20:02:15,157 INFO:Total games: 7430
2023-06-30 20:04:10,404 INFO:Total games: 7440
2023-06-30 20:06:04,301 INFO:Total games: 7450
2023-06-30 20:07:54,622 INFO:Total games: 7460
2023-06-30 20:09:53,382 INFO:Total games: 7470
2023-06-30 20:11:48,194 INFO:Total games: 7480
2023-06-30 20:13:58,727 INFO:Total games: 7490
2023-06-30 20:15:47,719 INFO:Total games: 7500
2023-06-30 20:17:39,517 INFO:Total games: 7510
2023-06-30 20:19:35,269 INFO:Total games: 7520
2023-06-30 20:21:32,941 INFO:Total games: 7530
2023-06-30 20:23:28,274 INFO:Total games: 7540
2023-06-30 20:25:25,402 INFO:Total games: 7550
2023-06-30 20:27:17,852 INFO:Total games: 7560
2023-06-30 20:29:12,522 INFO:Total games: 7570
2023-06-30 20:31:09,489 INFO:Total games: 7580
2023-06-30 20:33:04,858 INFO:Total games: 7590
2023-06-30 20:35:03,098 INFO:Total games: 7600
2023-06-30 20:36:55,561 INFO:Total games: 7610
2023-06-30 20:39:12,987 INFO:Total games: 7620
2023-06-30 20:41:08,103 INFO:Total games: 7630
2023-06-30 20:43:04,853 INFO:Total games: 7640
2023-06-30 20:45:02,570 INFO:Total games: 7650
2023-06-30 20:46:58,621 INFO:Total games: 7660
2023-06-30 20:48:47,052 INFO:Total games: 7670
2023-06-30 20:50:38,015 INFO:Total games: 7680
2023-06-30 20:52:31,984 INFO:Total games: 7690
2023-06-30 20:54:30,133 INFO:Total games: 7700
2023-06-30 20:56:26,324 INFO:Total games: 7710
2023-06-30 20:58:22,007 INFO:Total games: 7720
2023-06-30 21:00:19,300 INFO:Total games: 7730
2023-06-30 21:02:12,285 INFO:Total games: 7740
2023-06-30 21:04:09,901 INFO:Total games: 7750
2023-06-30 21:06:27,660 INFO:Total games: 7760
2023-06-30 21:08:25,533 INFO:Total games: 7770
2023-06-30 21:10:16,673 INFO:Total games: 7780
2023-06-30 21:12:10,556 INFO:Total games: 7790
2023-06-30 21:14:03,354 INFO:Total games: 7800
2023-06-30 21:15:57,528 INFO:Total games: 7810
2023-06-30 21:17:54,692 INFO:Total games: 7820
2023-06-30 21:19:52,869 INFO:Total games: 7830
2023-06-30 21:21:50,253 INFO:Total games: 7840
2023-06-30 21:23:48,075 INFO:Total games: 7850
2023-06-30 21:25:34,871 INFO:Total games: 7860
2023-06-30 21:27:29,074 INFO:Total games: 7870
2023-06-30 21:29:27,066 INFO:Total games: 7880
2023-06-30 21:31:15,385 INFO:Total games: 7890
2023-06-30 21:33:28,369 INFO:Total games: 7900
2023-06-30 21:35:24,764 INFO:Total games: 7910
2023-06-30 21:37:22,420 INFO:Total games: 7920
2023-06-30 21:39:21,305 INFO:Total games: 7930
2023-06-30 21:41:19,475 INFO:Total games: 7940
2023-06-30 21:43:16,974 INFO:Total games: 7950
2023-06-30 21:45:14,708 INFO:Total games: 7960
2023-06-30 21:47:11,440 INFO:Total games: 7970
2023-06-30 21:49:06,158 INFO:Total games: 7980
2023-06-30 21:51:01,003 INFO:Total games: 7990
2023-06-30 21:52:53,295 INFO:Total games: 8000
2023-06-30 21:54:50,331 INFO:Total games: 8010
2023-06-30 21:56:47,615 INFO:Total games: 8020
2023-06-30 21:58:44,326 INFO:Total games: 8030
2023-06-30 22:01:01,629 INFO:Total games: 8040
2023-06-30 22:02:56,368 INFO:Total games: 8050
2023-06-30 22:04:53,157 INFO:Total games: 8060
2023-06-30 22:06:50,694 INFO:Total games: 8070
2023-06-30 22:08:48,126 INFO:Total games: 8080
2023-06-30 22:10:44,391 INFO:Total games: 8090
2023-06-30 22:12:36,205 INFO:Total games: 8100
2023-06-30 22:14:32,052 INFO:Total games: 8110
2023-06-30 22:16:29,508 INFO:Total games: 8120
2023-06-30 22:18:26,293 INFO:Total games: 8130
2023-06-30 22:20:21,693 INFO:Total games: 8140
2023-06-30 22:22:17,965 INFO:Total games: 8150
2023-06-30 22:24:14,498 INFO:Total games: 8160
2023-06-30 22:26:10,635 INFO:Total games: 8170
2023-06-30 22:28:29,210 INFO:Total games: 8180
2023-06-30 22:30:25,524 INFO:Total games: 8190
2023-06-30 22:32:19,915 INFO:Total games: 8200
2023-06-30 22:34:10,559 INFO:Total games: 8210
2023-06-30 22:35:58,846 INFO:Total games: 8220
2023-06-30 22:37:55,615 INFO:Total games: 8230
2023-06-30 22:39:51,997 INFO:Total games: 8240
2023-06-30 22:41:51,221 INFO:Total games: 8250
2023-06-30 22:43:49,792 INFO:Total games: 8260
2023-06-30 22:45:46,124 INFO:Total games: 8270
2023-06-30 22:47:44,867 INFO:Total games: 8280
2023-06-30 22:49:39,836 INFO:Total games: 8290
2023-06-30 22:51:36,147 INFO:Total games: 8300
2023-06-30 22:53:34,817 INFO:Total games: 8310
2023-06-30 22:55:25,785 INFO:Total games: 8320
2023-06-30 22:57:42,063 INFO:Total games: 8330
2023-06-30 22:59:39,760 INFO:Total games: 8340
2023-06-30 23:01:35,070 INFO:Total games: 8350
2023-06-30 23:03:32,788 INFO:Total games: 8360
2023-06-30 23:05:29,725 INFO:Total games: 8370
2023-06-30 23:07:23,737 INFO:Total games: 8380
2023-06-30 23:09:21,746 INFO:Total games: 8390
2023-06-30 23:11:19,346 INFO:Total games: 8400
2023-06-30 23:13:15,369 INFO:Total games: 8410
2023-06-30 23:15:10,883 INFO:Total games: 8420
2023-06-30 23:17:03,749 INFO:Total games: 8430
2023-06-30 23:19:00,350 INFO:Total games: 8440
2023-06-30 23:20:57,992 INFO:Total games: 8450
2023-06-30 23:22:54,759 INFO:Total games: 8460
2023-06-30 23:24:52,370 INFO:Total games: 8470
2023-06-30 23:27:13,635 INFO:Total games: 8480
2023-06-30 23:29:06,404 INFO:Total games: 8490
2023-06-30 23:31:01,594 INFO:Total games: 8500
2023-06-30 23:33:00,638 INFO:Total games: 8510
2023-06-30 23:34:58,719 INFO:Total games: 8520
2023-06-30 23:36:49,975 INFO:Total games: 8530
2023-06-30 23:38:46,934 INFO:Total games: 8540
2023-06-30 23:40:44,902 INFO:Total games: 8550
2023-06-30 23:42:42,825 INFO:Total games: 8560
2023-06-30 23:44:39,895 INFO:Total games: 8570
2023-06-30 23:46:37,736 INFO:Total games: 8580
2023-06-30 23:48:31,889 INFO:Total games: 8590
2023-06-30 23:50:23,911 INFO:Total games: 8600
2023-06-30 23:52:17,104 INFO:Total games: 8610
2023-06-30 23:54:14,007 INFO:Total games: 8620
2023-06-30 23:56:31,526 INFO:Total games: 8630
2023-06-30 23:58:14,035 INFO:Total games: 8640
2023-07-01 00:00:01,757 INFO:Total games: 8650
2023-07-01 00:01:56,111 INFO:Total games: 8660
2023-07-01 00:03:53,778 INFO:Total games: 8670
2023-07-01 00:05:48,153 INFO:Total games: 8680
2023-07-01 00:07:41,645 INFO:Total games: 8690
2023-07-01 00:09:40,483 INFO:Total games: 8700
2023-07-01 00:11:38,423 INFO:Total games: 8710
2023-07-01 00:13:30,516 INFO:Total games: 8720
2023-07-01 00:15:28,317 INFO:Total games: 8730
2023-07-01 00:17:26,637 INFO:Total games: 8740
2023-07-01 00:19:19,322 INFO:Total games: 8750
2023-07-01 00:21:12,548 INFO:Total games: 8760
2023-07-01 00:23:10,201 INFO:Total games: 8770
2023-07-01 00:25:30,073 INFO:Total games: 8780
2023-07-01 00:27:28,225 INFO:Total games: 8790
2023-07-01 00:29:26,663 INFO:Total games: 8800
2023-07-01 00:31:24,616 INFO:Total games: 8810
2023-07-01 00:33:22,914 INFO:Total games: 8820
2023-07-01 00:35:21,737 INFO:Total games: 8830
2023-07-01 00:37:17,018 INFO:Total games: 8840
2023-07-01 00:39:12,456 INFO:Total games: 8850
2023-07-01 00:41:05,646 INFO:Total games: 8860
2023-07-01 00:43:00,453 INFO:Total games: 8870
2023-07-01 00:44:58,251 INFO:Total games: 8880
2023-07-01 00:46:54,556 INFO:Total games: 8890
2023-07-01 00:48:53,460 INFO:Total games: 8900
2023-07-01 00:50:51,316 INFO:Total games: 8910
2023-07-01 00:52:48,714 INFO:Total games: 8920
2023-07-01 00:54:46,773 INFO:Total games: 8930
2023-07-01 00:57:08,194 INFO:Total games: 8940
2023-07-01 00:59:03,087 INFO:Total games: 8950
2023-07-01 01:00:53,135 INFO:Total games: 8960
2023-07-01 01:02:40,903 INFO:Total games: 8970
2023-07-01 01:04:39,557 INFO:Total games: 8980
2023-07-01 01:06:34,340 INFO:Total games: 8990
2023-07-01 01:08:33,000 INFO:Total games: 9000
2023-07-01 01:10:25,676 INFO:Total games: 9010
2023-07-01 01:12:23,540 INFO:Total games: 9020
2023-07-01 01:14:16,942 INFO:Total games: 9030
2023-07-01 01:16:13,334 INFO:Total games: 9040
2023-07-01 01:18:07,498 INFO:Total games: 9050
2023-07-01 01:20:02,845 INFO:Total games: 9060
2023-07-01 01:21:50,825 INFO:Total games: 9070
2023-07-01 01:23:44,937 INFO:Total games: 9080
2023-07-01 01:25:40,722 INFO:Total games: 9090
2023-07-01 01:28:02,826 INFO:Total games: 9100
2023-07-01 01:29:57,965 INFO:Total games: 9110
2023-07-01 01:31:56,107 INFO:Total games: 9120
2023-07-01 01:33:54,191 INFO:Total games: 9130
2023-07-01 01:35:50,896 INFO:Total games: 9140
2023-07-01 01:37:46,070 INFO:Total games: 9150
2023-07-01 01:39:42,612 INFO:Total games: 9160
2023-07-01 01:41:38,779 INFO:Total games: 9170
2023-07-01 01:43:30,458 INFO:Total games: 9180
2023-07-01 01:45:25,597 INFO:Total games: 9190
2023-07-01 01:47:24,160 INFO:Total games: 9200
2023-07-01 01:49:21,450 INFO:Total games: 9210
2023-07-01 01:51:19,843 INFO:Total games: 9220
2023-07-01 01:53:16,361 INFO:Total games: 9230
2023-07-01 01:55:12,794 INFO:Total games: 9240
2023-07-01 01:57:09,070 INFO:Total games: 9250
2023-07-01 01:59:28,881 INFO:Total games: 9260
2023-07-01 02:01:24,156 INFO:Total games: 9270
2023-07-01 02:03:10,699 INFO:Total games: 9280
2023-07-01 02:04:58,989 INFO:Total games: 9290
2023-07-01 02:06:51,731 INFO:Total games: 9300
2023-07-01 02:08:48,129 INFO:Total games: 9310
2023-07-01 02:10:45,409 INFO:Total games: 9320
2023-07-01 02:12:35,119 INFO:Total games: 9330
2023-07-01 02:14:33,630 INFO:Total games: 9340
2023-07-01 02:16:29,546 INFO:Total games: 9350
2023-07-01 02:18:28,074 INFO:Total games: 9360
2023-07-01 02:20:25,430 INFO:Total games: 9370
2023-07-01 02:22:23,171 INFO:Total games: 9380
2023-07-01 02:24:20,727 INFO:Total games: 9390
2023-07-01 02:26:12,362 INFO:Total games: 9400
2023-07-01 02:28:09,555 INFO:Total games: 9410
2023-07-01 02:30:03,812 INFO:Total games: 9420
2023-07-01 02:32:26,181 INFO:Total games: 9430
2023-07-01 02:34:23,409 INFO:Total games: 9440
2023-07-01 02:36:19,813 INFO:Total games: 9450
2023-07-01 02:38:15,101 INFO:Total games: 9460
2023-07-01 02:40:11,790 INFO:Total games: 9470
2023-07-01 02:42:01,226 INFO:Total games: 9480
2023-07-01 02:43:55,073 INFO:Total games: 9490
2023-07-01 02:45:45,339 INFO:Total games: 9500
2023-07-01 02:47:37,476 INFO:Total games: 9510
2023-07-01 02:49:30,859 INFO:Total games: 9520
2023-07-01 02:51:29,617 INFO:Total games: 9530
2023-07-01 02:53:28,710 INFO:Total games: 9540
2023-07-01 02:55:25,233 INFO:Total games: 9550
2023-07-01 02:57:21,625 INFO:Total games: 9560
2023-07-01 02:59:17,006 INFO:Total games: 9570
2023-07-01 03:01:14,147 INFO:Total games: 9580
2023-07-01 03:03:12,183 INFO:Total games: 9590
2023-07-01 03:05:34,564 INFO:Total games: 9600
2023-07-01 03:07:28,033 INFO:Total games: 9610
2023-07-01 03:09:24,191 INFO:Total games: 9620
2023-07-01 03:11:22,246 INFO:Total games: 9630
2023-07-01 03:13:21,197 INFO:Total games: 9640
2023-07-01 03:15:18,875 INFO:Total games: 9650
2023-07-01 03:17:17,435 INFO:Total games: 9660
2023-07-01 03:19:15,879 INFO:Total games: 9670
2023-07-01 03:21:12,429 INFO:Total games: 9680
2023-07-01 03:23:11,080 INFO:Total games: 9690
2023-07-01 03:25:07,899 INFO:Total games: 9700
2023-07-01 03:27:01,969 INFO:Total games: 9710
2023-07-01 03:28:53,360 INFO:Total games: 9720
2023-07-01 03:30:50,640 INFO:Total games: 9730
2023-07-01 03:32:48,303 INFO:Total games: 9740
2023-07-01 03:34:42,595 INFO:Total games: 9750
2023-07-01 03:36:40,284 INFO:Total games: 9760
2023-07-01 03:39:01,875 INFO:Total games: 9770
2023-07-01 03:41:00,314 INFO:Total games: 9780
2023-07-01 03:42:58,608 INFO:Total games: 9790
2023-07-01 03:44:56,711 INFO:Total games: 9800
2023-07-01 03:46:52,273 INFO:Total games: 9810
2023-07-01 03:48:42,331 INFO:Total games: 9820
2023-07-01 03:50:32,393 INFO:Total games: 9830
2023-07-01 03:52:31,869 INFO:Total games: 9840
2023-07-01 03:54:30,509 INFO:Total games: 9850
2023-07-01 03:56:28,714 INFO:Total games: 9860
2023-07-01 03:58:30,069 INFO:Total games: 9870
2023-07-01 04:00:23,108 INFO:Total games: 9880
2023-07-01 04:02:19,780 INFO:Total games: 9890
2023-07-01 04:04:16,505 INFO:Total games: 9900
2023-07-01 04:06:12,140 INFO:Total games: 9910
2023-07-01 04:08:07,593 INFO:Total games: 9920
2023-07-01 04:09:58,918 INFO:Total games: 9930
2023-07-01 04:11:45,807 INFO:Total games: 9940
2023-07-01 04:14:04,430 INFO:Total games: 9950
2023-07-01 04:15:58,138 INFO:Total games: 9960
2023-07-01 04:17:50,823 INFO:Total games: 9970
2023-07-01 04:19:48,223 INFO:Total games: 9980
2023-07-01 04:21:46,083 INFO:Total games: 9990
2023-07-01 04:23:41,777 INFO:Total games: 10000
2023-07-01 04:25:40,135 INFO:Total games: 10010
2023-07-01 04:27:38,144 INFO:Total games: 10020
2023-07-01 04:29:36,902 INFO:Total games: 10030
2023-07-01 04:31:33,351 INFO:Total games: 10040
2023-07-01 04:33:24,321 INFO:Total games: 10050
2023-07-01 04:35:22,467 INFO:Total games: 10060
2023-07-01 04:37:15,718 INFO:Total games: 10070
2023-07-01 04:39:12,836 INFO:Total games: 10080
2023-07-01 04:41:11,065 INFO:Total games: 10090
2023-07-01 04:43:09,912 INFO:Total games: 10100
2023-07-01 04:45:06,309 INFO:Total games: 10110
2023-07-01 04:47:02,435 INFO:Total games: 10120
2023-07-01 04:49:27,173 INFO:Total games: 10130
2023-07-01 04:51:22,111 INFO:Total games: 10140
2023-07-01 04:53:13,207 INFO:Total games: 10150
2023-07-01 04:55:06,264 INFO:Total games: 10160
2023-07-01 04:57:03,832 INFO:Total games: 10170
2023-07-01 04:59:02,003 INFO:Total games: 10180
2023-07-01 05:01:00,134 INFO:Total games: 10190
2023-07-01 05:02:54,571 INFO:Total games: 10200
2023-07-01 05:04:50,700 INFO:Total games: 10210
2023-07-01 05:06:47,938 INFO:Total games: 10220
2023-07-01 05:08:45,923 INFO:Total games: 10230
2023-07-01 05:10:42,580 INFO:Total games: 10240
2023-07-01 05:12:37,482 INFO:Total games: 10250
2023-07-01 05:14:28,972 INFO:Total games: 10260
2023-07-01 05:16:21,679 INFO:Total games: 10270
2023-07-01 05:18:18,828 INFO:Total games: 10280
2023-07-01 05:20:12,110 INFO:Total games: 10290
2023-07-01 05:21:58,647 INFO:Total games: 10300
2023-07-01 05:24:24,805 INFO:Total games: 10310
2023-07-01 05:26:23,352 INFO:Total games: 10320
2023-07-01 05:28:21,287 INFO:Total games: 10330
2023-07-01 05:30:19,355 INFO:Total games: 10340
2023-07-01 05:32:16,938 INFO:Total games: 10350
2023-07-01 05:34:13,952 INFO:Total games: 10360
2023-07-01 05:36:04,764 INFO:Total games: 10370
2023-07-01 05:37:58,793 INFO:Total games: 10380
2023-07-01 05:39:55,035 INFO:Total games: 10390
2023-07-01 05:41:53,664 INFO:Total games: 10400
2023-07-01 05:43:52,259 INFO:Total games: 10410
2023-07-01 05:45:51,240 INFO:Total games: 10420
2023-07-01 05:47:50,655 INFO:Total games: 10430
2023-07-01 05:49:45,181 INFO:Total games: 10440
2023-07-01 05:51:41,107 INFO:Total games: 10450
2023-07-01 05:53:38,062 INFO:Total games: 10460
2023-07-01 05:55:26,055 INFO:Total games: 10470
2023-07-01 05:57:13,639 INFO:Total games: 10480
2023-07-01 05:59:42,226 INFO:Total games: 10490
2023-07-01 06:01:37,917 INFO:Total games: 10500
2023-07-01 06:03:35,974 INFO:Total games: 10510
2023-07-01 06:05:33,563 INFO:Total games: 10520
2023-07-01 06:07:31,954 INFO:Total games: 10530
2023-07-01 06:09:29,187 INFO:Total games: 10540
2023-07-01 06:11:27,004 INFO:Total games: 10550
2023-07-01 06:13:24,614 INFO:Total games: 10560
2023-07-01 06:15:20,888 INFO:Total games: 10570
2023-07-01 06:17:08,342 INFO:Total games: 10580
2023-07-01 06:19:02,567 INFO:Total games: 10590
2023-07-01 06:21:00,738 INFO:Total games: 10600
2023-07-01 06:22:57,110 INFO:Total games: 10610
2023-07-01 06:24:55,058 INFO:Total games: 10620
2023-07-01 06:26:43,851 INFO:Total games: 10630
2023-07-01 06:28:42,985 INFO:Total games: 10640
2023-07-01 06:30:41,713 INFO:Total games: 10650
2023-07-01 06:32:40,095 INFO:Total games: 10660
2023-07-01 06:34:34,449 INFO:Total games: 10670
2023-07-01 06:36:25,111 INFO:Total games: 10680
2023-07-01 06:38:39,993 INFO:Total games: 10690
2023-07-01 06:40:33,260 INFO:Total games: 10700
2023-07-01 06:42:31,755 INFO:Total games: 10710
2023-07-01 06:44:26,470 INFO:Total games: 10720
2023-07-01 06:46:24,077 INFO:Total games: 10730
2023-07-01 06:48:19,027 INFO:Total games: 10740
2023-07-01 06:50:15,627 INFO:Total games: 10750
2023-07-01 06:52:13,670 INFO:Total games: 10760
2023-07-01 06:54:09,321 INFO:Total games: 10770
2023-07-01 06:56:07,822 INFO:Total games: 10780
2023-07-01 06:58:02,333 INFO:Total games: 10790
2023-07-01 06:59:50,089 INFO:Total games: 10800
2023-07-01 07:01:46,878 INFO:Total games: 10810
2023-07-01 07:03:39,928 INFO:Total games: 10820
2023-07-01 07:05:35,720 INFO:Total games: 10830
2023-07-01 07:07:33,427 INFO:Total games: 10840
2023-07-01 07:09:28,356 INFO:Total games: 10850
2023-07-01 07:11:25,200 INFO:Total games: 10860
2023-07-01 07:13:22,108 INFO:Total games: 10870
2023-07-01 07:15:50,264 INFO:Total games: 10880
2023-07-01 07:17:44,739 INFO:Total games: 10890
2023-07-01 07:19:36,145 INFO:Total games: 10900
2023-07-01 07:21:28,645 INFO:Total games: 10910
2023-07-01 07:23:18,232 INFO:Total games: 10920
2023-07-01 07:25:13,776 INFO:Total games: 10930
2023-07-01 07:27:10,356 INFO:Total games: 10940
2023-07-01 07:28:59,407 INFO:Total games: 10950
2023-07-01 07:30:57,947 INFO:Total games: 10960
2023-07-01 07:32:56,127 INFO:Total games: 10970
2023-07-01 07:34:47,500 INFO:Total games: 10980
2023-07-01 07:36:45,069 INFO:Total games: 10990
2023-07-01 07:38:42,945 INFO:Total games: 11000
2023-07-01 07:40:38,258 INFO:Total games: 11010
2023-07-01 07:42:27,579 INFO:Total games: 11020
2023-07-01 07:44:25,283 INFO:Total games: 11030
2023-07-01 07:46:22,028 INFO:Total games: 11040
2023-07-01 07:48:16,625 INFO:Total games: 11050
2023-07-01 07:50:11,778 INFO:Total games: 11060
2023-07-01 07:52:10,340 INFO:Total games: 11070
2023-07-01 07:54:36,054 INFO:Total games: 11080
2023-07-01 07:56:33,629 INFO:Total games: 11090
2023-07-01 07:58:30,548 INFO:Total games: 11100
2023-07-01 08:00:27,939 INFO:Total games: 11110
2023-07-01 08:02:13,543 INFO:Total games: 11120
2023-07-01 08:04:10,959 INFO:Total games: 11130
2023-07-01 08:06:03,343 INFO:Total games: 11140
2023-07-01 08:08:02,364 INFO:Total games: 11150
2023-07-01 08:10:00,569 INFO:Total games: 11160
2023-07-01 08:11:59,579 INFO:Total games: 11170
2023-07-01 08:13:58,016 INFO:Total games: 11180
2023-07-01 08:15:56,348 INFO:Total games: 11190
2023-07-01 08:17:50,543 INFO:Total games: 11200
2023-07-01 08:19:42,466 INFO:Total games: 11210
2023-07-01 08:21:40,066 INFO:Total games: 11220
2023-07-01 08:23:31,361 INFO:Total games: 11230
2023-07-01 08:25:29,513 INFO:Total games: 11240
2023-07-01 08:27:27,326 INFO:Total games: 11250
2023-07-01 08:29:21,669 INFO:Total games: 11260
2023-07-01 08:31:17,398 INFO:Total games: 11270
2023-07-01 08:33:45,556 INFO:Total games: 11280
2023-07-01 08:35:39,428 INFO:Total games: 11290
2023-07-01 08:37:37,488 INFO:Total games: 11300
2023-07-01 08:39:36,002 INFO:Total games: 11310
2023-07-01 08:41:35,203 INFO:Total games: 11320
2023-07-01 08:43:24,205 INFO:Total games: 11330
2023-07-01 08:45:12,741 INFO:Total games: 11340
2023-07-01 08:47:09,473 INFO:Total games: 11350
2023-07-01 08:49:04,554 INFO:Total games: 11360
2023-07-01 08:51:02,900 INFO:Total games: 11370
2023-07-01 08:53:01,573 INFO:Total games: 11380
2023-07-01 08:54:56,205 INFO:Total games: 11390
2023-07-01 08:56:55,125 INFO:Total games: 11400
2023-07-01 08:58:52,958 INFO:Total games: 11410
2023-07-01 09:00:48,707 INFO:Total games: 11420
2023-07-01 09:02:44,235 INFO:Total games: 11430
2023-07-01 09:04:41,369 INFO:Total games: 11440
2023-07-01 09:06:31,464 INFO:Total games: 11450
2023-07-01 09:08:25,622 INFO:Total games: 11460
2023-07-01 09:10:24,170 INFO:Total games: 11470
2023-07-01 09:12:51,143 INFO:Total games: 11480
2023-07-01 09:14:49,242 INFO:Total games: 11490
2023-07-01 09:16:44,642 INFO:Total games: 11500
2023-07-01 09:18:44,536 INFO:Total games: 11510
2023-07-01 09:20:41,233 INFO:Total games: 11520
2023-07-01 09:22:34,961 INFO:Total games: 11530
2023-07-01 09:24:29,080 INFO:Total games: 11540
2023-07-01 09:26:19,778 INFO:Total games: 11550
2023-07-01 09:28:14,822 INFO:Total games: 11560
2023-07-01 09:30:13,640 INFO:Total games: 11570
2023-07-01 09:32:09,397 INFO:Total games: 11580
2023-07-01 09:34:07,124 INFO:Total games: 11590
2023-07-01 09:36:01,948 INFO:Total games: 11600
2023-07-01 09:37:57,343 INFO:Total games: 11610
2023-07-01 09:39:54,279 INFO:Total games: 11620
2023-07-01 09:41:50,858 INFO:Total games: 11630
2023-07-01 09:43:45,170 INFO:Total games: 11640
2023-07-01 09:45:42,748 INFO:Total games: 11650
2023-07-01 09:47:31,413 INFO:Total games: 11660
2023-07-01 09:49:20,167 INFO:Total games: 11670
2023-07-01 09:51:17,912 INFO:Total games: 11680
2023-07-01 09:53:45,418 INFO:Total games: 11690
2023-07-01 09:55:43,901 INFO:Total games: 11700
2023-07-01 09:57:37,972 INFO:Total games: 11710
2023-07-01 09:59:34,264 INFO:Total games: 11720
2023-07-01 10:01:30,946 INFO:Total games: 11730
2023-07-01 10:03:26,948 INFO:Total games: 11740
2023-07-01 10:05:22,412 INFO:Total games: 11750
2023-07-01 10:07:19,468 INFO:Total games: 11760
2023-07-01 10:09:10,640 INFO:Total games: 11770
2023-07-01 10:11:06,141 INFO:Total games: 11780
2023-07-01 10:13:00,592 INFO:Total games: 11790
2023-07-01 10:14:59,121 INFO:Total games: 11800
2023-07-01 10:16:56,395 INFO:Total games: 11810
2023-07-01 10:18:53,941 INFO:Total games: 11820
2023-07-01 10:20:51,075 INFO:Total games: 11830
2023-07-01 10:22:40,659 INFO:Total games: 11840
2023-07-01 10:24:33,935 INFO:Total games: 11850
2023-07-01 10:26:24,687 INFO:Total games: 11860
2023-07-01 10:28:21,485 INFO:Total games: 11870
2023-07-01 10:30:13,667 INFO:Total games: 11880
2023-07-01 10:32:08,244 INFO:Total games: 11890
2023-07-01 10:34:03,093 INFO:Total games: 11900
2023-07-01 10:36:33,026 INFO:Total games: 11910
2023-07-01 10:38:25,597 INFO:Total games: 11920
2023-07-01 10:40:19,466 INFO:Total games: 11930
2023-07-01 10:42:16,289 INFO:Total games: 11940
2023-07-01 10:44:08,632 INFO:Total games: 11950
2023-07-01 10:46:00,363 INFO:Total games: 11960
2023-07-01 10:47:57,200 INFO:Total games: 11970
2023-07-01 10:49:49,808 INFO:Total games: 11980
2023-07-01 10:51:41,566 INFO:Total games: 11990
2023-07-01 10:53:30,135 INFO:Total games: 12000
2023-07-01 10:55:29,949 INFO:Total games: 12010
2023-07-01 10:57:26,989 INFO:Total games: 12020
2023-07-01 10:59:22,936 INFO:Total games: 12030
2023-07-01 11:01:21,286 INFO:Total games: 12040
2023-07-01 11:03:20,329 INFO:Total games: 12050
2023-07-01 11:05:14,768 INFO:Total games: 12060
2023-07-01 11:07:09,361 INFO:Total games: 12070
2023-07-01 11:09:05,572 INFO:Total games: 12080
2023-07-01 11:10:59,069 INFO:Total games: 12090
2023-07-01 11:12:53,262 INFO:Total games: 12100
2023-07-01 11:14:50,670 INFO:Total games: 12110
2023-07-01 11:17:21,794 INFO:Total games: 12120
2023-07-01 11:19:19,735 INFO:Total games: 12130
2023-07-01 11:21:14,366 INFO:Total games: 12140
2023-07-01 11:23:09,703 INFO:Total games: 12150
2023-07-01 11:25:09,491 INFO:Total games: 12160
2023-07-01 11:27:07,542 INFO:Total games: 12170
2023-07-01 11:29:01,757 INFO:Total games: 12180
2023-07-01 11:30:56,685 INFO:Total games: 12190
2023-07-01 11:32:47,260 INFO:Total games: 12200
2023-07-01 11:34:42,528 INFO:Total games: 12210
2023-07-01 11:36:41,011 INFO:Total games: 12220
2023-07-01 11:38:39,557 INFO:Total games: 12230
2023-07-01 11:40:37,182 INFO:Total games: 12240
2023-07-01 11:42:29,973 INFO:Total games: 12250
2023-07-01 11:44:25,709 INFO:Total games: 12260
2023-07-01 11:46:24,593 INFO:Total games: 12270
2023-07-01 11:48:15,247 INFO:Total games: 12280
2023-07-01 11:50:13,960 INFO:Total games: 12290
2023-07-01 11:52:06,169 INFO:Total games: 12300
2023-07-01 11:53:55,501 INFO:Total games: 12310
2023-07-01 11:55:45,857 INFO:Total games: 12320
2023-07-01 11:57:43,227 INFO:Total games: 12330
2023-07-01 11:59:41,315 INFO:Total games: 12340
2023-07-01 12:02:13,997 INFO:Total games: 12350
2023-07-01 12:04:07,957 INFO:Total games: 12360
2023-07-01 12:06:04,652 INFO:Total games: 12370
2023-07-01 12:07:56,650 INFO:Total games: 12380
2023-07-01 12:09:48,818 INFO:Total games: 12390
2023-07-01 12:11:45,579 INFO:Total games: 12400
2023-07-01 12:13:38,187 INFO:Total games: 12410
2023-07-01 12:15:30,943 INFO:Total games: 12420
2023-07-01 12:17:27,546 INFO:Total games: 12430
2023-07-01 12:19:26,326 INFO:Total games: 12440
2023-07-01 12:21:20,661 INFO:Total games: 12450
2023-07-01 12:23:17,815 INFO:Total games: 12460
2023-07-01 12:25:15,828 INFO:Total games: 12470
2023-07-01 12:27:14,720 INFO:Total games: 12480
2023-07-01 12:29:11,960 INFO:Total games: 12490
2023-07-01 12:31:04,378 INFO:Total games: 12500
2023-07-01 12:33:00,101 INFO:Total games: 12510
2023-07-01 12:34:58,078 INFO:Total games: 12520
2023-07-01 12:36:49,273 INFO:Total games: 12530
2023-07-01 12:38:46,947 INFO:Total games: 12540
2023-07-01 12:40:43,833 INFO:Total games: 12550
2023-07-01 12:42:40,545 INFO:Total games: 12560
2023-07-01 12:45:17,108 INFO:Total games: 12570
2023-07-01 12:47:14,859 INFO:Total games: 12580
2023-07-01 12:49:09,317 INFO:Total games: 12590
2023-07-01 12:51:08,463 INFO:Total games: 12600
2023-07-01 12:53:07,607 INFO:Total games: 12610
2023-07-01 12:55:05,362 INFO:Total games: 12620
2023-07-01 12:56:57,109 INFO:Total games: 12630
2023-07-01 12:58:51,933 INFO:Total games: 12640
2023-07-01 13:00:49,494 INFO:Total games: 12650
2023-07-01 13:02:47,758 INFO:Total games: 12660
2023-07-01 13:04:44,956 INFO:Total games: 12670
2023-07-01 13:06:43,131 INFO:Total games: 12680
2023-07-01 13:08:38,156 INFO:Total games: 12690
2023-07-01 13:10:38,627 INFO:Total games: 12700
2023-07-01 13:12:38,050 INFO:Total games: 12710
2023-07-01 13:14:37,630 INFO:Total games: 12720
2023-07-01 13:16:34,778 INFO:Total games: 12730
2023-07-01 13:18:26,186 INFO:Total games: 12740
2023-07-01 13:20:18,277 INFO:Total games: 12750
2023-07-01 13:22:13,118 INFO:Total games: 12760
2023-07-01 13:24:10,899 INFO:Total games: 12770
2023-07-01 13:26:09,307 INFO:Total games: 12780
2023-07-01 13:28:03,124 INFO:Total games: 12790
2023-07-01 13:30:36,412 INFO:Total games: 12800
2023-07-01 13:32:28,587 INFO:Total games: 12810
2023-07-01 13:34:24,888 INFO:Total games: 12820
2023-07-01 13:36:21,602 INFO:Total games: 12830
2023-07-01 13:38:21,184 INFO:Total games: 12840
2023-07-01 13:40:13,711 INFO:Total games: 12850
2023-07-01 13:42:10,352 INFO:Total games: 12860
2023-07-01 13:44:10,073 INFO:Total games: 12870
2023-07-01 13:46:03,630 INFO:Total games: 12880
2023-07-01 13:48:02,158 INFO:Total games: 12890
2023-07-01 13:49:59,899 INFO:Total games: 12900
2023-07-01 13:51:56,101 INFO:Total games: 12910
2023-07-01 13:53:54,381 INFO:Total games: 12920
2023-07-01 13:55:50,387 INFO:Total games: 12930
2023-07-01 13:57:48,993 INFO:Total games: 12940
2023-07-01 13:59:41,969 INFO:Total games: 12950
2023-07-01 14:01:30,829 INFO:Total games: 12960
2023-07-01 14:03:30,195 INFO:Total games: 12970
2023-07-01 14:05:27,726 INFO:Total games: 12980
2023-07-01 14:07:26,095 INFO:Total games: 12990
2023-07-01 14:09:21,121 INFO:Total games: 13000
2023-07-01 14:11:19,850 INFO:Total games: 13010
2023-07-01 14:13:15,065 INFO:Total games: 13020
2023-07-01 14:15:52,392 INFO:Total games: 13030
2023-07-01 14:17:47,809 INFO:Total games: 13040
2023-07-01 14:19:40,703 INFO:Total games: 13050
2023-07-01 14:21:33,195 INFO:Total games: 13060
2023-07-01 14:23:24,948 INFO:Total games: 13070
2023-07-01 14:25:21,720 INFO:Total games: 13080
2023-07-01 14:27:19,472 INFO:Total games: 13090
2023-07-01 14:29:17,310 INFO:Total games: 13100
2023-07-01 14:31:15,514 INFO:Total games: 13110
2023-07-01 14:33:13,353 INFO:Total games: 13120
2023-07-01 14:35:10,309 INFO:Total games: 13130
2023-07-01 14:37:04,665 INFO:Total games: 13140
2023-07-01 14:39:01,084 INFO:Total games: 13150
2023-07-01 14:40:58,572 INFO:Total games: 13160
2023-07-01 14:42:53,444 INFO:Total games: 13170
2023-07-01 14:44:49,129 INFO:Total games: 13180
2023-07-01 14:46:48,077 INFO:Total games: 13190
2023-07-01 14:48:47,256 INFO:Total games: 13200
2023-07-01 14:50:45,987 INFO:Total games: 13210
2023-07-01 14:52:44,907 INFO:Total games: 13220
2023-07-01 14:54:37,903 INFO:Total games: 13230
2023-07-01 14:56:36,017 INFO:Total games: 13240
2023-07-01 14:58:33,608 INFO:Total games: 13250
2023-07-01 15:00:28,473 INFO:Total games: 13260
2023-07-01 15:03:00,452 INFO:Total games: 13270
2023-07-01 15:04:52,463 INFO:Total games: 13280
2023-07-01 15:06:44,457 INFO:Total games: 13290
2023-07-01 15:08:40,844 INFO:Total games: 13300
2023-07-01 15:10:39,057 INFO:Total games: 13310
2023-07-01 15:12:37,375 INFO:Total games: 13320
2023-07-01 15:14:32,302 INFO:Total games: 13330
2023-07-01 15:16:29,954 INFO:Total games: 13340
2023-07-01 15:18:22,994 INFO:Total games: 13350
2023-07-01 15:20:22,783 INFO:Total games: 13360
2023-07-01 15:22:19,350 INFO:Total games: 13370
2023-07-01 15:24:14,091 INFO:Total games: 13380
2023-07-01 15:26:10,368 INFO:Total games: 13390
2023-07-01 15:28:02,695 INFO:Total games: 13400
2023-07-01 15:30:02,266 INFO:Total games: 13410
2023-07-01 15:31:54,019 INFO:Total games: 13420
2023-07-01 15:33:49,132 INFO:Total games: 13430
2023-07-01 15:35:47,713 INFO:Total games: 13440
2023-07-01 15:37:43,406 INFO:Total games: 13450
2023-07-01 15:39:41,687 INFO:Total games: 13460
2023-07-01 15:41:38,168 INFO:Total games: 13470
2023-07-01 15:43:33,144 INFO:Total games: 13480
2023-07-01 15:45:24,641 INFO:Total games: 13490
2023-07-01 15:47:16,222 INFO:Total games: 13500
2023-07-01 15:49:48,209 INFO:Total games: 13510
2023-07-01 15:51:47,564 INFO:Total games: 13520
2023-07-01 15:53:46,784 INFO:Total games: 13530
2023-07-01 15:55:47,318 INFO:Total games: 13540
2023-07-01 15:57:45,864 INFO:Total games: 13550
2023-07-01 15:59:44,634 INFO:Total games: 13560
2023-07-01 16:01:39,184 INFO:Total games: 13570
2023-07-01 16:03:36,108 INFO:Total games: 13580
2023-07-01 16:05:36,067 INFO:Total games: 13590
2023-07-01 16:07:30,845 INFO:Total games: 13600
2023-07-01 16:09:28,511 INFO:Total games: 13610
2023-07-01 16:11:28,078 INFO:Total games: 13620
2023-07-01 16:13:24,850 INFO:Total games: 13630
2023-07-01 16:15:23,152 INFO:Total games: 13640
2023-07-01 16:17:22,475 INFO:Total games: 13650
2023-07-01 16:19:15,345 INFO:Total games: 13660
2023-07-01 16:21:11,099 INFO:Total games: 13670
2023-07-01 16:23:09,047 INFO:Total games: 13680
2023-07-01 16:25:08,669 INFO:Total games: 13690
2023-07-01 16:27:01,443 INFO:Total games: 13700
2023-07-01 16:28:52,606 INFO:Total games: 13710
2023-07-01 16:30:47,693 INFO:Total games: 13720
2023-07-01 16:32:43,208 INFO:Total games: 13730
2023-07-01 16:34:30,404 INFO:Total games: 13740
2023-07-01 16:36:28,159 INFO:Total games: 13750
2023-07-01 16:39:01,228 INFO:Total games: 13760
2023-07-01 16:40:54,324 INFO:Total games: 13770
2023-07-01 16:42:54,552 INFO:Total games: 13780
2023-07-01 16:44:52,993 INFO:Total games: 13790
2023-07-01 16:46:51,556 INFO:Total games: 13800
2023-07-01 16:48:48,178 INFO:Total games: 13810
2023-07-01 16:50:35,082 INFO:Total games: 13820
2023-07-01 16:52:33,369 INFO:Total games: 13830
2023-07-01 16:54:29,010 INFO:Total games: 13840
2023-07-01 16:56:22,380 INFO:Total games: 13850
2023-07-01 16:58:21,091 INFO:Total games: 13860
2023-07-01 17:00:19,534 INFO:Total games: 13870
2023-07-01 17:02:18,350 INFO:Total games: 13880
2023-07-01 17:04:14,259 INFO:Total games: 13890
2023-07-01 17:06:12,981 INFO:Total games: 13900
2023-07-01 17:08:12,226 INFO:Total games: 13910
2023-07-01 17:09:59,150 INFO:Total games: 13920
2023-07-01 17:11:54,325 INFO:Total games: 13930
2023-07-01 17:13:52,710 INFO:Total games: 13940
2023-07-01 17:15:50,824 INFO:Total games: 13950
2023-07-01 17:16:50,187 INFO:Ending
2023-07-01 17:16:50,193 INFO:Duration: 19 hours, 9 minutes, 33 seconds
2023-08-17 02:17:26,721 INFO:Starting
2023-08-17 02:17:48,074 INFO:Starting
2023-08-17 02:18:30,133 INFO:Total games: 10
2023-08-17 02:22:25,392 INFO:Starting
2023-08-17 02:23:41,224 INFO:Starting
2023-08-17 02:31:37,949 INFO:Starting
2023-08-17 02:31:37,956 WARNING:SavedModel saved prior to TF 2.5 detected when loading Keras model. Please ensure that you are saving the model with model.save() or tf.keras.models.save_model(), *NOT* tf.saved_model.save(). To confirm, there should be a file named "keras_metadata.pb" in the SavedModel directory.
2023-08-17 02:38:30,418 INFO:Starting
2023-08-17 02:38:30,424 WARNING:SavedModel saved prior to TF 2.5 detected when loading Keras model. Please ensure that you are saving the model with model.save() or tf.keras.models.save_model(), *NOT* tf.saved_model.save(). To confirm, there should be a file named "keras_metadata.pb" in the SavedModel directory.
2023-08-17 02:42:56,831 INFO:Starting
2023-08-17 02:42:56,838 WARNING:SavedModel saved prior to TF 2.5 detected when loading Keras model. Please ensure that you are saving the model with model.save() or tf.keras.models.save_model(), *NOT* tf.saved_model.save(). To confirm, there should be a file named "keras_metadata.pb" in the SavedModel directory.
2023-08-17 02:47:05,048 INFO:Starting
2023-08-17 02:47:05,055 WARNING:SavedModel saved prior to TF 2.5 detected when loading Keras model. Please ensure that you are saving the model with model.save() or tf.keras.models.save_model(), *NOT* tf.saved_model.save(). To confirm, there should be a file named "keras_metadata.pb" in the SavedModel directory.
2023-08-17 02:50:08,313 INFO:Starting
2023-08-17 02:50:08,320 WARNING:SavedModel saved prior to TF 2.5 detected when loading Keras model. Please ensure that you are saving the model with model.save() or tf.keras.models.save_model(), *NOT* tf.saved_model.save(). To confirm, there should be a file named "keras_metadata.pb" in the SavedModel directory.
2023-08-17 02:57:16,839 INFO:Starting
2023-08-17 03:01:36,169 INFO:Starting
2023-08-17 03:03:11,797 INFO:Starting
2023-08-17 03:07:56,017 INFO:Starting
2023-08-17 03:10:20,619 INFO:Starting
2023-08-17 15:59:03,931 INFO:Starting
2023-08-17 16:00:06,938 INFO:Total games: 10
2023-08-17 16:07:13,175 INFO:Starting
2023-08-17 16:08:29,003 INFO:Total games: 10
2023-08-17 16:23:04,258 INFO:Starting
2023-08-17 16:24:22,652 INFO:Total games: 10
2023-08-17 16:27:28,170 INFO:Starting
2023-08-17 16:28:47,542 INFO:Starting
2023-08-17 16:29:57,267 INFO:Total games: 10
2023-08-17 16:31:53,010 INFO:Starting
2023-08-17 16:33:09,284 INFO:Total games: 10
2023-08-17 16:41:13,352 INFO:Starting
2023-08-17 16:42:25,430 INFO:Total games: 10
2023-08-17 16:43:03,197 INFO:Starting
2023-08-17 16:44:06,903 INFO:Total games: 10
2023-08-17 16:45:17,590 INFO:Starting
2023-08-17 16:46:42,429 INFO:Total games: 10
2023-08-17 16:47:34,541 INFO:Starting
2023-08-17 16:48:32,097 INFO:Starting
2023-08-17 16:48:39,769 INFO:Total games: 10
2023-08-17 16:49:19,724 INFO:Starting
2023-08-17 16:50:05,465 INFO:Total games: 10
2023-08-17 16:50:49,329 INFO:Total games: 10
2023-08-17 16:51:07,278 INFO:Starting
2023-08-17 16:52:12,768 INFO:Starting
2023-08-17 16:52:36,505 INFO:Total games: 10
2023-08-17 16:52:50,979 INFO:Total games: 10
2023-08-17 16:54:41,942 INFO:Starting
2023-08-17 16:55:14,578 INFO:Starting
2023-08-17 16:55:21,387 INFO:Total games: 10
2023-08-17 16:55:32,114 INFO:Starting
2023-08-17 16:55:53,525 INFO:Total games: 10
2023-08-17 16:56:01,610 INFO:Starting
2023-08-17 16:56:17,962 INFO:Total games: 10
2023-08-17 16:56:32,959 INFO:Total games: 10
2023-08-17 16:57:48,223 INFO:Starting
2023-08-17 16:58:29,274 INFO:Total games: 10
2023-08-17 17:06:06,858 INFO:Starting
2023-08-17 17:06:33,901 INFO:Total games: 10
2023-08-17 17:06:53,670 INFO:Starting
2023-08-17 17:07:37,364 INFO:Total games: 10
2023-08-17 17:18:06,954 INFO:Starting
2023-08-17 17:18:39,156 INFO:Total games: 10
2023-08-17 17:18:49,759 INFO:Starting
2023-08-17 17:19:32,896 INFO:Total games: 10
2023-08-17 17:19:51,915 INFO:Starting
2023-08-17 17:20:29,327 INFO:Total games: 10
2023-08-17 17:21:39,733 INFO:Starting
2023-08-17 17:22:19,841 INFO:Total games: 10
2023-08-17 17:22:40,411 INFO:Starting
2023-08-17 17:23:16,447 INFO:Total games: 10
2023-08-17 17:23:26,474 INFO:Starting
2023-08-17 17:24:02,853 INFO:Total games: 10
2023-08-17 17:24:19,302 INFO:Starting
2023-08-17 17:24:59,086 INFO:Total games: 10
2023-08-17 17:42:12,920 INFO:Starting
2023-08-17 17:42:59,583 INFO:Total games: 10
2023-08-17 17:44:15,205 INFO:Starting
2023-08-17 17:44:52,746 INFO:Total games: 10
2023-08-17 17:49:31,983 INFO:Starting
2023-08-17 17:50:05,258 INFO:Total games: 10
2023-08-17 17:51:07,775 INFO:Starting
2023-08-17 17:51:46,283 INFO:Total games: 10
2023-08-17 17:54:58,599 INFO:Starting
2023-08-17 17:55:33,772 INFO:Starting
2023-08-17 17:55:39,189 INFO:Total games: 10
2023-08-17 17:56:18,784 INFO:Total games: 10
2023-08-17 17:58:11,810 INFO:Starting
2023-08-17 17:58:43,812 INFO:Starting
2023-08-17 17:59:18,007 INFO:Starting
2023-08-17 17:59:26,258 INFO:Total games: 10
2023-08-17 18:00:00,817 INFO:Starting
2023-08-17 18:00:43,114 INFO:Total games: 10
2023-08-17 18:16:57,334 INFO:Starting
2023-08-17 18:17:34,617 INFO:Total games: 10
2023-08-17 18:17:55,782 INFO:Starting
2023-08-17 18:18:36,498 INFO:Total games: 10
2023-08-17 18:20:28,367 INFO:Starting
2023-08-17 18:21:00,941 INFO:Starting
2023-08-17 18:21:16,862 INFO:Total games: 10
2023-08-17 18:21:43,396 INFO:Ending
2023-08-17 18:21:43,396 INFO:Duration: 0 hours, 0 minutes, 42 seconds
2023-08-17 18:22:41,317 INFO:Starting
2023-08-17 18:23:29,260 INFO:Total games: 10
2023-08-17 18:24:24,509 INFO:Total games: 20
2023-08-17 18:25:12,717 INFO:Total games: 30
2023-08-17 18:27:32,610 INFO:Total games: 40
2023-08-17 18:28:23,886 INFO:Total games: 50
2023-08-17 18:29:07,982 INFO:Total games: 60
2023-08-17 18:29:58,484 INFO:Total games: 70
2023-08-17 18:30:09,011 INFO:Ending
2023-08-17 18:30:09,012 INFO:Duration: 0 hours, 7 minutes, 27 seconds
2023-08-17 18:30:35,863 INFO:Starting
2023-08-17 18:30:58,672 INFO:Ending
2023-08-17 18:30:58,672 INFO:Duration: 0 hours, 0 minutes, 22 seconds
2023-08-17 18:31:57,505 INFO:Starting
2023-08-17 18:32:11,759 INFO:Ending
2023-08-17 18:32:11,760 INFO:Duration: 0 hours, 0 minutes, 14 seconds
2023-08-17 18:32:41,543 INFO:Starting
2023-08-17 18:35:10,455 INFO:Starting
2023-08-17 18:36:23,997 INFO:Starting
2023-08-17 18:37:14,661 INFO:Total games: 10
2023-08-17 18:38:00,991 INFO:Ending
2023-08-17 18:38:00,992 INFO:Duration: 0 hours, 1 minutes, 36 seconds
2023-08-17 18:38:21,941 INFO:Starting
2023-08-17 18:39:14,668 INFO:Starting
2023-08-17 18:40:06,119 INFO:Starting
2023-08-17 18:40:42,808 INFO:Total games: 10
2023-08-17 18:41:18,717 INFO:Ending
2023-08-17 18:41:18,718 INFO:Duration: 0 hours, 1 minutes, 12 seconds
2023-08-17 18:41:26,156 INFO:Starting
2023-08-17 18:42:21,342 INFO:Total games: 10
2023-08-17 18:42:51,212 INFO:Ending
2023-08-17 18:42:51,213 INFO:Duration: 0 hours, 1 minutes, 25 seconds
2023-08-17 18:44:17,413 INFO:Starting
2023-08-17 18:44:39,121 INFO:Starting
2023-08-17 18:45:22,296 INFO:Starting
2023-08-17 18:45:47,525 INFO:Starting
2023-08-17 18:46:07,914 INFO:Ending
2023-08-17 18:46:07,915 INFO:Duration: 0 hours, 0 minutes, 20 seconds
2023-08-17 18:47:03,299 INFO:Starting
2023-08-17 18:47:50,110 INFO:Ending
2023-08-17 18:47:50,111 INFO:Duration: 0 hours, 0 minutes, 46 seconds
2023-08-17 18:49:09,268 INFO:Starting
2023-08-17 18:49:44,034 INFO:Total games: 10
2023-08-17 18:49:58,919 INFO:Ending
2023-08-17 18:49:58,919 INFO:Duration: 0 hours, 0 minutes, 49 seconds
2023-08-17 18:55:42,223 INFO:Starting
2023-08-17 18:55:59,889 INFO:Ending
2023-08-17 18:55:59,890 INFO:Duration: 0 hours, 0 minutes, 17 seconds
2023-08-17 18:56:23,517 INFO:Starting
2023-08-17 18:56:51,028 INFO:Ending
2023-08-17 18:56:51,028 INFO:Duration: 0 hours, 0 minutes, 27 seconds
2023-08-17 18:57:58,857 INFO:Starting
2023-08-17 18:58:38,712 INFO:Total games: 10
2023-08-17 18:58:38,713 INFO:Ending
2023-08-17 18:58:38,713 INFO:Duration: 0 hours, 0 minutes, 39 seconds
2023-08-17 18:58:50,435 INFO:Starting
2023-08-17 18:59:21,905 INFO:Ending
2023-08-17 18:59:21,905 INFO:Duration: 0 hours, 0 minutes, 31 seconds
2023-08-17 19:00:19,813 INFO:Starting
2023-08-17 19:00:58,765 INFO:Total games: 10
2023-08-17 19:02:16,946 INFO:Starting
2023-08-17 19:03:03,480 INFO:Total games: 10
2023-08-17 19:04:16,619 INFO:Starting
2023-08-17 19:04:59,872 INFO:Total games: 10
2023-08-17 19:05:06,895 INFO:Starting
2023-08-17 19:05:52,891 INFO:Total games: 10
2023-08-17 19:05:58,501 INFO:Ending
2023-08-17 19:05:58,501 INFO:Duration: 0 hours, 0 minutes, 51 seconds
2023-08-17 19:06:12,892 INFO:Starting
2023-08-17 19:06:38,192 INFO:Ending
2023-08-17 19:06:38,193 INFO:Duration: 0 hours, 0 minutes, 25 seconds
2023-08-17 19:06:45,334 INFO:Starting
2023-08-17 19:07:24,965 INFO:Total games: 10
2023-08-17 19:08:05,191 INFO:Total games: 20
2023-08-17 19:08:41,054 INFO:Total games: 30
2023-08-17 19:09:06,234 INFO:Ending
2023-08-17 19:09:06,235 INFO:Duration: 0 hours, 2 minutes, 20 seconds
2023-08-17 19:09:20,949 INFO:Starting
2023-08-17 19:10:10,673 INFO:Total games: 10
2023-08-17 19:10:52,844 INFO:Total games: 20
2023-08-17 19:11:43,232 INFO:Total games: 30
2023-08-17 19:12:21,367 INFO:Total games: 40
2023-08-17 19:13:00,794 INFO:Total games: 50
2023-08-17 19:13:27,918 INFO:Ending
2023-08-17 19:13:27,919 INFO:Duration: 0 hours, 4 minutes, 6 seconds
2023-08-17 19:14:38,269 INFO:Starting
2023-08-17 19:15:18,444 INFO:Total games: 10
2023-08-17 19:15:54,297 INFO:Total games: 20
2023-08-17 19:17:33,891 INFO:Starting
2023-08-17 19:18:02,913 INFO:Ending
2023-08-17 19:18:02,915 INFO:Duration: 0 hours, 0 minutes, 29 seconds
2023-08-17 19:18:23,755 INFO:Starting
2023-08-17 19:18:52,042 INFO:Ending
2023-08-17 19:18:52,043 INFO:Duration: 0 hours, 0 minutes, 28 seconds
2023-08-17 19:19:00,337 INFO:Starting
2023-08-17 19:19:22,749 INFO:Starting
2023-08-17 19:19:40,381 INFO:Total games: 10
2023-08-17 19:19:42,404 INFO:Starting
2023-08-17 19:20:09,931 INFO:Total games: 10
2023-08-17 19:20:27,454 INFO:Total games: 10
2023-08-17 19:32:17,998 INFO:Starting
2023-08-17 19:32:45,794 INFO:Starting
2023-08-17 19:33:02,248 INFO:Total games: 10
2023-08-17 19:33:26,070 INFO:Total games: 10
2023-08-17 19:33:43,084 INFO:Ending
2023-08-17 19:33:43,084 INFO:Duration: 0 hours, 0 minutes, 57 seconds
2023-08-17 19:33:57,329 INFO:Starting
2023-08-17 19:34:33,056 INFO:Ending
2023-08-17 19:34:33,057 INFO:Duration: 0 hours, 0 minutes, 35 seconds
2023-08-17 19:34:55,947 INFO:Starting
2023-08-17 19:35:15,903 INFO:Ending
2023-08-17 19:35:15,906 INFO:Duration: 0 hours, 0 minutes, 19 seconds
2023-08-17 19:40:11,248 INFO:Starting
2023-08-17 19:40:54,962 INFO:Total games: 10
2023-08-17 19:41:40,853 INFO:Total games: 20
2023-08-17 19:41:50,667 INFO:Ending
2023-08-17 19:41:50,668 INFO:Duration: 0 hours, 1 minutes, 39 seconds
2023-08-17 19:42:46,669 INFO:Starting
2023-08-17 19:43:32,822 INFO:Total games: 10
2023-08-17 19:43:44,854 INFO:Ending
2023-08-17 19:43:44,855 INFO:Duration: 0 hours, 0 minutes, 58 seconds
2023-08-18 15:30:15,344 INFO:Starting
2023-08-18 15:36:15,008 INFO:Starting
2023-08-18 15:36:48,410 INFO:Starting
2023-08-18 16:09:10,237 INFO:Starting
2023-08-18 16:11:04,302 INFO:Starting
2023-08-18 16:15:27,926 INFO:Starting
2023-08-18 16:17:54,668 INFO:Starting
2023-08-18 16:18:29,684 INFO:Starting
2023-08-18 16:20:00,837 INFO:Starting
2023-08-18 16:21:04,169 INFO:Starting
2023-08-18 16:47:58,217 INFO:Starting
2023-08-18 16:49:14,507 INFO:Starting
2023-08-18 16:57:21,304 INFO:Starting
2023-08-18 17:06:11,828 INFO:Starting
2023-08-18 17:07:02,722 INFO:Starting
2023-08-20 02:59:44,975 INFO:Starting
2023-08-20 03:00:31,835 INFO:Starting
2023-08-20 03:01:11,253 INFO:Starting
2023-08-20 03:02:01,956 INFO:Starting
2023-08-20 03:02:14,662 INFO:Starting
2023-08-20 13:14:26,062 INFO:Starting
2023-08-20 13:54:00,224 INFO:Starting
2023-08-20 15:36:00,424 INFO:Starting
2023-08-20 15:37:00,739 INFO:Ending
2023-08-20 15:37:00,740 INFO:Duration: 0 hours, 1 minutes, 0 seconds
2023-08-20 16:19:37,884 INFO:Starting
2023-08-20 16:21:01,762 INFO:Total games: 10
2023-08-20 16:21:01,762 INFO:Ending
2023-08-20 16:21:01,762 INFO:Duration: 0 hours, 1 minutes, 23 seconds
2023-08-20 17:21:55,817 INFO:Starting
2023-08-20 17:23:15,909 INFO:Total games: 10
2023-08-20 17:24:37,723 INFO:Total games: 20
2023-08-20 17:26:00,957 INFO:Total games: 30
2023-08-20 17:27:17,048 INFO:Total games: 40
2023-08-20 17:28:30,374 INFO:Total games: 50
2023-08-20 17:29:44,696 INFO:Total games: 60
2023-08-20 17:31:05,977 INFO:Total games: 70
2023-08-20 17:32:28,461 INFO:Total games: 80
2023-08-20 17:33:47,792 INFO:Total games: 90
2023-08-20 17:35:07,323 INFO:Total games: 100
2023-08-20 17:36:25,324 INFO:Total games: 110
2023-08-20 17:37:39,415 INFO:Total games: 120
2023-08-20 17:38:58,494 INFO:Total games: 130
2023-08-20 17:40:13,866 INFO:Total games: 140
2023-08-20 17:41:35,221 INFO:Total games: 150
2023-08-20 17:42:55,125 INFO:Total games: 160
2023-08-20 17:44:23,098 INFO:Total games: 170
2023-08-20 17:45:51,499 INFO:Total games: 180
2023-08-20 17:47:06,116 INFO:Total games: 190
2023-08-20 17:48:17,624 INFO:Total games: 200
2023-08-20 17:49:03,112 INFO:Ending
2023-08-20 17:49:03,113 INFO:Duration: 0 hours, 27 minutes, 7 seconds
2023-08-20 17:49:38,458 INFO:Starting
2023-08-20 17:51:16,669 INFO:Total games: 10
2023-08-20 17:53:12,314 INFO:Total games: 20
2023-08-20 17:54:54,522 INFO:Total games: 30
2023-08-20 17:56:44,978 INFO:Total games: 40
2023-08-20 17:57:29,238 INFO:Ending
2023-08-20 17:57:29,238 INFO:Duration: 0 hours, 7 minutes, 50 seconds
2023-08-20 17:58:43,711 INFO:Starting
2023-08-20 17:59:11,998 INFO:Ending
2023-08-20 17:59:11,998 INFO:Duration: 0 hours, 0 minutes, 28 seconds
2023-08-20 17:59:34,443 INFO:Starting
2023-08-20 18:01:23,586 INFO:Total games: 10
2023-08-20 18:03:18,310 INFO:Total games: 20
2023-08-20 18:03:48,403 INFO:Ending
2023-08-20 18:03:48,403 INFO:Duration: 0 hours, 4 minutes, 13 seconds
2023-08-20 18:05:22,704 INFO:Starting
2023-08-20 18:05:45,595 INFO:Ending
2023-08-20 18:05:45,595 INFO:Duration: 0 hours, 0 minutes, 22 seconds
2023-08-22 03:38:27,859 INFO:Starting
2023-08-22 03:39:39,357 INFO:Starting
2023-08-22 03:39:44,787 INFO:Total games: 10
2023-08-22 03:39:56,380 INFO:Total games: 20
2023-08-22 03:40:09,050 INFO:Total games: 30
2023-08-22 03:40:20,751 INFO:Total games: 40
2023-08-22 03:40:43,894 INFO:Total games: 50
2023-08-22 03:40:54,710 INFO:Total games: 60
2023-08-22 03:41:05,655 INFO:Total games: 70
2023-08-22 03:41:20,301 INFO:Total games: 80
2023-08-22 03:41:36,156 INFO:Total games: 90
2023-08-22 03:41:45,899 INFO:Total games: 100
2023-08-22 03:42:00,488 INFO:Total games: 110
2023-08-22 03:42:13,022 INFO:Total games: 120
2023-08-22 03:42:25,228 INFO:Total games: 130
2023-08-22 03:42:38,026 INFO:Total games: 140
2023-08-22 03:42:49,829 INFO:Total games: 150
2023-08-22 03:43:01,844 INFO:Total games: 160
2023-08-22 03:43:15,138 INFO:Total games: 170
2023-08-22 03:43:24,998 INFO:Total games: 180
2023-08-22 03:43:33,878 INFO:Total games: 190
2023-08-22 03:43:43,688 INFO:Total games: 200
2023-08-22 03:43:54,161 INFO:Total games: 210
2023-08-22 03:44:04,771 INFO:Total games: 220
2023-08-22 03:44:18,323 INFO:Total games: 230
2023-08-22 03:44:30,819 INFO:Total games: 240
2023-08-22 03:44:43,540 INFO:Total games: 250
2023-08-22 03:44:55,646 INFO:Total games: 260
2023-08-22 03:45:10,237 INFO:Total games: 270
2023-08-22 03:45:20,216 INFO:Total games: 280
2023-08-22 03:45:33,422 INFO:Total games: 290
2023-08-22 03:45:45,412 INFO:Total games: 300
2023-08-22 03:45:56,612 INFO:Total games: 310
2023-08-22 03:46:09,835 INFO:Total games: 320
2023-08-22 03:46:21,439 INFO:Total games: 330
2023-08-22 03:46:35,929 INFO:Total games: 340
2023-08-22 03:46:46,520 INFO:Total games: 350
2023-08-22 03:46:58,233 INFO:Total games: 360
2023-08-22 03:47:09,104 INFO:Total games: 370
2023-08-22 03:47:22,443 INFO:Total games: 380
2023-08-22 03:47:32,151 INFO:Total games: 390
2023-08-22 03:47:44,099 INFO:Total games: 400
2023-08-22 03:47:58,543 INFO:Total games: 410
2023-08-22 03:48:10,544 INFO:Total games: 420
2023-08-22 03:48:24,295 INFO:Total games: 430
2023-08-22 03:48:34,037 INFO:Total games: 440
2023-08-22 03:48:43,232 INFO:Total games: 450
2023-08-22 03:48:54,610 INFO:Total games: 460
2023-08-22 03:49:06,520 INFO:Total games: 470
2023-08-22 03:49:19,233 INFO:Total games: 480
2023-08-22 03:49:32,810 INFO:Total games: 490
2023-08-22 03:49:45,088 INFO:Total games: 500
2023-08-22 03:49:56,741 INFO:Total games: 510
2023-08-22 03:50:07,803 INFO:Total games: 520
2023-08-22 03:50:17,073 INFO:Total games: 530
2023-08-22 03:50:28,723 INFO:Total games: 540
2023-08-22 03:50:42,708 INFO:Total games: 550
2023-08-22 03:50:56,935 INFO:Total games: 560
2023-08-22 03:51:08,948 INFO:Total games: 570
2023-08-22 03:51:18,482 INFO:Total games: 580
2023-08-22 03:51:32,325 INFO:Total games: 590
2023-08-22 03:51:42,208 INFO:Total games: 600
2023-08-22 03:51:53,722 INFO:Total games: 610
2023-08-22 03:52:06,723 INFO:Total games: 620
2023-08-22 03:52:17,120 INFO:Total games: 630
2023-08-22 03:52:29,456 INFO:Total games: 640
2023-08-22 03:52:41,299 INFO:Total games: 650
2023-08-22 03:52:53,534 INFO:Total games: 660
2023-08-22 03:53:06,659 INFO:Total games: 670
2023-08-22 03:53:19,748 INFO:Total games: 680
2023-08-22 03:53:28,499 INFO:Total games: 690
2023-08-22 03:53:37,135 INFO:Total games: 700
2023-08-22 03:53:47,632 INFO:Total games: 710
2023-08-22 03:53:59,880 INFO:Total games: 720
2023-08-22 03:54:12,459 INFO:Total games: 730
2023-08-22 03:54:26,056 INFO:Total games: 740
2023-08-22 03:54:38,714 INFO:Total games: 750
2023-08-22 03:54:54,326 INFO:Total games: 760
2023-08-22 03:55:04,723 INFO:Total games: 770
2023-08-22 03:55:17,638 INFO:Total games: 780
2023-08-22 03:55:30,206 INFO:Total games: 790
2023-08-22 03:55:41,123 INFO:Total games: 800
2023-08-22 03:55:54,333 INFO:Total games: 810
2023-08-22 03:56:06,060 INFO:Total games: 820
2023-08-22 03:56:19,108 INFO:Total games: 830
2023-08-22 03:56:32,449 INFO:Total games: 840
2023-08-22 03:56:43,958 INFO:Total games: 850
2023-08-22 03:56:58,004 INFO:Total games: 860
2023-08-22 03:57:09,294 INFO:Total games: 870
2023-08-22 03:57:21,325 INFO:Total games: 880
2023-08-22 03:57:33,733 INFO:Total games: 890
2023-08-22 03:57:45,234 INFO:Total games: 900
2023-08-22 03:57:59,257 INFO:Total games: 910
2023-08-22 03:58:12,846 INFO:Total games: 920
2023-08-22 03:58:24,152 INFO:Total games: 930
2023-08-22 03:58:36,517 INFO:Total games: 940
2023-08-22 03:58:48,007 INFO:Total games: 950
2023-08-22 03:58:58,257 INFO:Total games: 960
2023-08-22 03:59:10,678 INFO:Total games: 970
2023-08-22 03:59:23,539 INFO:Total games: 980
2023-08-22 03:59:35,206 INFO:Total games: 990
2023-08-22 03:59:48,537 INFO:Total games: 1000
2023-08-22 04:00:00,789 INFO:Total games: 1010
2023-08-22 04:00:11,924 INFO:Total games: 1020
2023-08-22 04:00:24,080 INFO:Total games: 1030
2023-08-22 04:00:36,063 INFO:Total games: 1040
2023-08-22 04:00:48,506 INFO:Total games: 1050
2023-08-22 04:01:00,400 INFO:Total games: 1060
2023-08-22 04:01:15,041 INFO:Total games: 1070
2023-08-22 04:01:25,166 INFO:Total games: 1080
2023-08-22 04:01:35,825 INFO:Total games: 1090
2023-08-22 04:01:48,438 INFO:Total games: 1100
2023-08-22 04:01:59,388 INFO:Total games: 1110
2023-08-22 04:02:11,744 INFO:Total games: 1120
2023-08-22 04:02:24,623 INFO:Total games: 1130
2023-08-22 04:02:37,813 INFO:Total games: 1140
2023-08-22 04:02:48,135 INFO:Total games: 1150
2023-08-22 04:03:02,439 INFO:Total games: 1160
2023-08-22 04:03:15,265 INFO:Total games: 1170
2023-08-22 04:03:24,317 INFO:Total games: 1180
2023-08-22 04:03:38,267 INFO:Total games: 1190
2023-08-22 04:03:50,043 INFO:Total games: 1200
2023-08-22 04:04:02,058 INFO:Total games: 1210
2023-08-22 04:04:14,220 INFO:Total games: 1220
2023-08-22 04:04:28,600 INFO:Total games: 1230
2023-08-22 04:04:42,016 INFO:Total games: 1240
2023-08-22 04:04:55,185 INFO:Total games: 1250
2023-08-22 04:05:07,423 INFO:Total games: 1260
2023-08-22 04:05:22,248 INFO:Total games: 1270
2023-08-22 04:05:34,294 INFO:Total games: 1280
2023-08-22 04:05:43,788 INFO:Total games: 1290
2023-08-22 04:05:53,971 INFO:Total games: 1300
2023-08-22 04:06:08,003 INFO:Total games: 1310
2023-08-22 04:06:18,752 INFO:Total games: 1320
2023-08-22 04:06:29,148 INFO:Total games: 1330
2023-08-22 04:06:40,872 INFO:Total games: 1340
2023-08-22 04:06:51,897 INFO:Total games: 1350
2023-08-22 04:07:02,566 INFO:Total games: 1360
2023-08-22 04:07:14,932 INFO:Total games: 1370
2023-08-22 04:07:26,631 INFO:Total games: 1380
2023-08-22 04:07:38,343 INFO:Total games: 1390
2023-08-22 04:07:53,041 INFO:Total games: 1400
2023-08-22 04:08:05,407 INFO:Total games: 1410
2023-08-22 04:08:16,737 INFO:Total games: 1420
2023-08-22 04:08:28,217 INFO:Total games: 1430
2023-08-22 04:08:37,799 INFO:Total games: 1440
2023-08-22 04:08:50,570 INFO:Total games: 1450
2023-08-22 04:09:02,656 INFO:Total games: 1460
2023-08-22 04:09:17,450 INFO:Total games: 1470
2023-08-22 04:09:27,763 INFO:Total games: 1480
2023-08-22 04:09:39,566 INFO:Total games: 1490
2023-08-22 04:09:53,159 INFO:Total games: 1500
2023-08-22 04:10:02,894 INFO:Total games: 1510
2023-08-22 04:10:14,902 INFO:Total games: 1520
2023-08-22 04:10:27,190 INFO:Total games: 1530
2023-08-22 04:10:37,481 INFO:Total games: 1540
2023-08-22 04:10:48,619 INFO:Total games: 1550
2023-08-22 04:11:00,953 INFO:Total games: 1560
2023-08-22 04:11:14,717 INFO:Total games: 1570
2023-08-22 04:11:26,422 INFO:Total games: 1580
2023-08-22 04:11:37,779 INFO:Total games: 1590
2023-08-22 04:11:47,046 INFO:Total games: 1600
2023-08-22 04:11:58,324 INFO:Total games: 1610
2023-08-22 04:12:09,585 INFO:Total games: 1620
2023-08-22 04:12:25,292 INFO:Total games: 1630
2023-08-22 04:12:37,227 INFO:Total games: 1640
2023-08-22 04:12:49,391 INFO:Total games: 1650
2023-08-22 04:13:00,746 INFO:Total games: 1660
2023-08-22 04:13:13,204 INFO:Total games: 1670
2023-08-22 04:13:24,699 INFO:Total games: 1680
2023-08-22 04:13:37,538 INFO:Total games: 1690
2023-08-22 04:13:50,782 INFO:Total games: 1700
2023-08-22 04:14:04,029 INFO:Total games: 1710
2023-08-22 04:14:18,014 INFO:Total games: 1720
2023-08-22 04:14:30,835 INFO:Total games: 1730
2023-08-22 04:14:43,021 INFO:Total games: 1740
2023-08-22 04:14:55,000 INFO:Total games: 1750
2023-08-22 04:15:04,640 INFO:Total games: 1760
2023-08-22 04:15:17,111 INFO:Total games: 1770
2023-08-22 04:15:28,448 INFO:Total games: 1780
2023-08-22 04:15:36,567 INFO:Total games: 1790
2023-08-22 04:15:45,324 INFO:Total games: 1800
2023-08-22 04:23:28,764 INFO:Starting
2023-08-22 04:23:37,391 INFO:Total games: 10
2023-08-22 04:23:50,092 INFO:Total games: 20
2023-08-22 04:24:04,205 INFO:Total games: 30
2023-08-22 04:24:17,805 INFO:Total games: 40
2023-08-22 04:24:29,281 INFO:Total games: 50
2023-08-22 04:24:39,275 INFO:Total games: 60
2023-08-22 04:24:49,963 INFO:Total games: 70
2023-08-22 04:25:01,311 INFO:Total games: 80
2023-08-22 04:25:14,382 INFO:Total games: 90
2023-08-22 04:25:24,705 INFO:Total games: 100
2023-08-22 04:25:39,112 INFO:Total games: 110
2023-08-22 04:25:49,141 INFO:Total games: 120
2023-08-22 04:26:01,359 INFO:Total games: 130
2023-08-22 04:26:11,428 INFO:Total games: 140
2023-08-22 04:26:24,802 INFO:Total games: 150
2023-08-22 04:26:35,973 INFO:Total games: 160
2023-08-22 04:26:48,005 INFO:Total games: 170
2023-08-22 04:27:00,617 INFO:Total games: 180
2023-08-22 04:27:14,854 INFO:Total games: 190
2023-08-22 04:27:24,824 INFO:Total games: 200
2023-08-22 04:27:38,075 INFO:Total games: 210
2023-08-22 04:27:49,829 INFO:Total games: 220
2023-08-22 04:28:02,353 INFO:Total games: 230
2023-08-22 04:28:13,955 INFO:Total games: 240
2023-08-22 04:28:28,603 INFO:Total games: 250
2023-08-22 04:28:44,380 INFO:Total games: 260
2023-08-22 04:28:55,056 INFO:Total games: 270
2023-08-22 04:29:03,863 INFO:Total games: 280
2023-08-22 04:29:16,048 INFO:Total games: 290
2023-08-22 04:29:28,969 INFO:Total games: 300
2023-08-22 04:29:41,313 INFO:Total games: 310
2023-08-22 04:29:53,399 INFO:Total games: 320
2023-08-22 04:30:06,104 INFO:Total games: 330
2023-08-22 04:30:20,114 INFO:Total games: 340
2023-08-22 04:30:33,316 INFO:Total games: 350
2023-08-22 04:30:46,872 INFO:Total games: 360
2023-08-22 04:30:58,474 INFO:Total games: 370
2023-08-22 04:31:09,487 INFO:Total games: 380
2023-08-22 04:31:21,641 INFO:Total games: 390
2023-08-22 04:31:34,590 INFO:Total games: 400
2023-08-22 04:31:44,758 INFO:Total games: 410
2023-08-22 04:31:58,661 INFO:Total games: 420
2023-08-22 04:32:11,826 INFO:Total games: 430
2023-08-22 04:32:22,219 INFO:Total games: 440
2023-08-22 04:32:34,987 INFO:Total games: 450
2023-08-22 04:32:49,447 INFO:Total games: 460
2023-08-22 04:33:00,309 INFO:Total games: 470
2023-08-22 04:33:13,694 INFO:Total games: 480
2023-08-22 04:33:24,686 INFO:Total games: 490
2023-08-22 04:33:37,178 INFO:Total games: 500
2023-08-22 04:33:47,902 INFO:Total games: 510
2023-08-22 04:33:57,280 INFO:Total games: 520
2023-08-22 04:34:09,867 INFO:Total games: 530
2023-08-22 04:34:21,113 INFO:Total games: 540
2023-08-22 04:34:33,307 INFO:Total games: 550
2023-08-22 04:34:44,532 INFO:Total games: 560
2023-08-22 04:34:56,818 INFO:Total games: 570
2023-08-22 04:35:10,969 INFO:Total games: 580
2023-08-22 04:35:23,369 INFO:Total games: 590
2023-08-22 04:35:34,514 INFO:Total games: 600
2023-08-22 04:35:45,079 INFO:Total games: 610
2023-08-22 04:35:56,386 INFO:Total games: 620
2023-08-22 04:36:07,961 INFO:Total games: 630
2023-08-22 04:36:17,422 INFO:Total games: 640
2023-08-22 04:36:30,769 INFO:Total games: 650
2023-08-22 04:36:42,872 INFO:Total games: 660
2023-08-22 04:36:54,069 INFO:Total games: 670
2023-08-22 04:37:06,076 INFO:Total games: 680
2023-08-22 04:37:16,456 INFO:Total games: 690
2023-08-22 04:37:29,833 INFO:Total games: 700
2023-08-22 04:37:43,261 INFO:Total games: 710
2023-08-22 04:37:52,004 INFO:Total games: 720
2023-08-22 04:38:05,615 INFO:Total games: 730
2023-08-22 04:38:20,216 INFO:Total games: 740
2023-08-22 04:38:31,406 INFO:Total games: 750
2023-08-22 04:38:45,887 INFO:Total games: 760
2023-08-22 04:38:56,410 INFO:Total games: 770
2023-08-22 04:39:06,130 INFO:Total games: 780
2023-08-22 04:39:16,232 INFO:Total games: 790
2023-08-22 04:39:26,765 INFO:Total games: 800
2023-08-22 04:39:39,126 INFO:Total games: 810
2023-08-22 04:39:49,394 INFO:Total games: 820
2023-08-22 04:40:00,185 INFO:Total games: 830
2023-08-22 04:40:10,883 INFO:Total games: 840
2023-08-22 04:40:22,373 INFO:Total games: 850
2023-08-22 04:40:34,682 INFO:Total games: 860
2023-08-22 04:40:46,488 INFO:Total games: 870
2023-08-22 04:40:59,832 INFO:Total games: 880
2023-08-22 04:41:11,561 INFO:Total games: 890
2023-08-22 04:41:23,822 INFO:Total games: 900
2023-08-22 04:41:35,587 INFO:Total games: 910
2023-08-22 04:41:46,412 INFO:Total games: 920
2023-08-22 04:41:57,047 INFO:Total games: 930
2023-08-22 04:42:08,629 INFO:Total games: 940
2023-08-22 04:42:18,476 INFO:Total games: 950
2023-08-22 04:42:32,853 INFO:Total games: 960
2023-08-22 04:42:46,635 INFO:Total games: 970
2023-08-22 04:43:00,070 INFO:Total games: 980
2023-08-22 04:43:12,358 INFO:Total games: 990
2023-08-22 04:43:25,292 INFO:Total games: 1000
2023-08-22 04:43:36,252 INFO:Total games: 1010
2023-08-22 04:43:47,211 INFO:Total games: 1020
2023-08-22 04:44:00,585 INFO:Total games: 1030
2023-08-22 04:44:13,140 INFO:Total games: 1040
2023-08-22 04:44:23,801 INFO:Total games: 1050
2023-08-22 04:44:36,277 INFO:Total games: 1060
2023-08-22 04:44:48,125 INFO:Total games: 1070
2023-08-22 04:44:59,888 INFO:Total games: 1080
2023-08-22 04:45:12,603 INFO:Total games: 1090
2023-08-22 04:45:24,370 INFO:Total games: 1100
2023-08-22 04:45:35,826 INFO:Total games: 1110
2023-08-22 04:45:48,091 INFO:Total games: 1120
2023-08-22 04:45:58,863 INFO:Total games: 1130
2023-08-22 04:46:08,860 INFO:Total games: 1140
2023-08-22 04:46:21,136 INFO:Total games: 1150
2023-08-22 04:46:33,235 INFO:Total games: 1160
2023-08-22 04:46:44,485 INFO:Total games: 1170
2023-08-22 04:46:55,088 INFO:Total games: 1180
2023-08-22 04:47:07,345 INFO:Total games: 1190
2023-08-22 04:47:22,894 INFO:Total games: 1200
2023-08-22 04:47:35,863 INFO:Total games: 1210
2023-08-22 04:47:51,749 INFO:Total games: 1220
2023-08-22 04:48:04,047 INFO:Total games: 1230
2023-08-22 04:48:14,622 INFO:Total games: 1240
2023-08-22 04:48:25,398 INFO:Total games: 1250
2023-08-22 04:48:37,332 INFO:Total games: 1260
2023-08-22 04:48:48,759 INFO:Total games: 1270
2023-08-22 04:48:59,779 INFO:Total games: 1280
2023-08-22 04:49:12,413 INFO:Total games: 1290
2023-08-22 04:49:25,643 INFO:Total games: 1300
2023-08-22 04:49:36,519 INFO:Total games: 1310
2023-08-22 04:49:50,547 INFO:Total games: 1320
2023-08-22 04:50:02,783 INFO:Total games: 1330
2023-08-22 04:50:12,363 INFO:Total games: 1340
2023-08-22 04:50:22,994 INFO:Total games: 1350
2023-08-22 04:50:38,490 INFO:Total games: 1360
2023-08-22 04:50:51,049 INFO:Total games: 1370
2023-08-22 04:51:00,143 INFO:Total games: 1380
2023-08-22 04:51:14,172 INFO:Total games: 1390
2023-08-22 04:51:26,940 INFO:Total games: 1400
2023-08-22 04:51:38,828 INFO:Total games: 1410
2023-08-22 04:51:50,285 INFO:Total games: 1420
2023-08-22 04:52:02,785 INFO:Total games: 1430
2023-08-22 04:52:15,320 INFO:Total games: 1440
2023-08-22 04:52:27,089 INFO:Total games: 1450
2023-08-22 04:52:39,899 INFO:Total games: 1460
2023-08-22 04:52:51,204 INFO:Total games: 1470
2023-08-22 04:53:01,964 INFO:Total games: 1480
2023-08-22 04:53:13,359 INFO:Total games: 1490
2023-08-22 04:53:26,331 INFO:Total games: 1500
2023-08-22 04:53:36,366 INFO:Total games: 1510
2023-08-22 04:53:46,227 INFO:Total games: 1520
2023-08-22 04:53:55,572 INFO:Total games: 1530
2023-08-22 04:54:06,745 INFO:Total games: 1540
2023-08-22 04:54:16,425 INFO:Total games: 1550
2023-08-22 04:54:28,581 INFO:Total games: 1560
2023-08-22 04:54:39,041 INFO:Total games: 1570
2023-08-22 04:54:52,057 INFO:Total games: 1580
2023-08-22 04:55:03,542 INFO:Total games: 1590
2023-08-22 04:55:14,253 INFO:Total games: 1600
2023-08-22 04:55:25,922 INFO:Total games: 1610
2023-08-22 04:55:37,575 INFO:Total games: 1620
2023-08-22 04:55:50,013 INFO:Total games: 1630
2023-08-22 04:56:01,036 INFO:Total games: 1640
2023-08-22 04:56:10,897 INFO:Total games: 1650
2023-08-22 04:56:23,791 INFO:Total games: 1660
2023-08-22 04:56:37,040 INFO:Total games: 1670
2023-08-22 04:56:50,019 INFO:Total games: 1680
2023-08-22 04:57:01,453 INFO:Total games: 1690
2023-08-22 04:57:13,518 INFO:Total games: 1700
2023-08-22 04:57:23,274 INFO:Total games: 1710
2023-08-22 04:57:35,417 INFO:Total games: 1720
2023-08-22 04:57:47,767 INFO:Total games: 1730
2023-08-22 04:57:59,728 INFO:Total games: 1740
2023-08-22 04:58:11,165 INFO:Total games: 1750
2023-08-22 04:58:23,384 INFO:Total games: 1760
2023-08-22 04:58:38,295 INFO:Total games: 1770
2023-08-22 04:58:50,099 INFO:Total games: 1780
2023-08-22 04:59:02,439 INFO:Total games: 1790
2023-08-22 04:59:14,657 INFO:Total games: 1800
2023-08-22 04:59:27,139 INFO:Total games: 1810
2023-08-22 04:59:40,861 INFO:Total games: 1820
2023-08-22 04:59:58,375 INFO:Total games: 1830
2023-08-22 05:00:11,727 INFO:Total games: 1840
2023-08-22 05:00:27,868 INFO:Total games: 1850
2023-08-22 05:00:43,140 INFO:Total games: 1860
2023-08-22 05:00:57,278 INFO:Total games: 1870
2023-08-22 05:01:14,729 INFO:Total games: 1880
2023-08-22 05:01:28,982 INFO:Total games: 1890
2023-08-22 05:01:45,780 INFO:Total games: 1900
2023-08-22 05:02:02,225 INFO:Total games: 1910
2023-08-22 05:02:20,332 INFO:Total games: 1920
2023-08-22 05:02:37,081 INFO:Total games: 1930
2023-08-22 05:02:53,468 INFO:Total games: 1940
2023-08-22 05:03:09,006 INFO:Total games: 1950
2023-08-22 05:03:23,213 INFO:Total games: 1960
2023-08-22 05:03:40,251 INFO:Total games: 1970
2023-08-22 05:03:58,726 INFO:Total games: 1980
2023-08-22 05:04:14,566 INFO:Total games: 1990
2023-08-22 05:04:28,183 INFO:Total games: 2000
2023-08-22 05:04:40,831 INFO:Total games: 2010
2023-08-22 05:04:53,996 INFO:Total games: 2020
2023-08-22 05:05:08,840 INFO:Total games: 2030
2023-08-22 05:05:19,589 INFO:Total games: 2040
2023-08-22 05:05:33,018 INFO:Total games: 2050
2023-08-22 05:05:47,200 INFO:Total games: 2060
2023-08-22 05:06:01,784 INFO:Total games: 2070
2023-08-22 05:06:14,379 INFO:Total games: 2080
2023-08-22 05:06:31,885 INFO:Total games: 2090
2023-08-22 05:06:48,781 INFO:Total games: 2100
2023-08-22 05:07:03,726 INFO:Total games: 2110
2023-08-22 05:07:19,208 INFO:Total games: 2120
2023-08-22 05:07:31,168 INFO:Total games: 2130
2023-08-22 05:07:44,275 INFO:Total games: 2140
2023-08-22 05:08:01,090 INFO:Total games: 2150
2023-08-22 05:08:17,015 INFO:Total games: 2160
2023-08-22 05:08:36,549 INFO:Total games: 2170
2023-08-22 05:08:54,504 INFO:Total games: 2180
2023-08-22 05:09:09,201 INFO:Total games: 2190
2023-08-22 05:09:24,511 INFO:Total games: 2200
2023-08-22 05:09:42,088 INFO:Total games: 2210
2023-08-22 05:09:59,912 INFO:Total games: 2220
2023-08-22 05:10:15,197 INFO:Total games: 2230
2023-08-22 05:10:30,323 INFO:Total games: 2240
2023-08-22 05:10:45,093 INFO:Total games: 2250
2023-08-22 05:10:59,466 INFO:Total games: 2260
2023-08-22 05:11:10,003 INFO:Total games: 2270
2023-08-22 05:11:24,337 INFO:Total games: 2280
2023-08-22 05:11:37,524 INFO:Total games: 2290
2023-08-22 05:11:53,045 INFO:Total games: 2300
2023-08-22 05:12:07,314 INFO:Total games: 2310
2023-08-22 05:12:22,694 INFO:Total games: 2320
2023-08-22 05:12:38,549 INFO:Total games: 2330
2023-08-22 05:12:55,145 INFO:Total games: 2340
2023-08-22 05:13:10,341 INFO:Total games: 2350
2023-08-22 05:13:24,842 INFO:Total games: 2360
2023-08-22 05:13:37,284 INFO:Total games: 2370
2023-08-22 05:13:49,673 INFO:Total games: 2380
2023-08-22 05:14:06,575 INFO:Total games: 2390
2023-08-22 05:14:21,193 INFO:Total games: 2400
2023-08-22 05:14:35,140 INFO:Total games: 2410
2023-08-22 05:14:50,676 INFO:Total games: 2420
2023-08-22 05:15:06,391 INFO:Total games: 2430
2023-08-22 05:15:21,604 INFO:Total games: 2440
2023-08-22 05:15:34,762 INFO:Total games: 2450
2023-08-22 05:15:52,674 INFO:Total games: 2460
2023-08-22 05:16:09,352 INFO:Total games: 2470
2023-08-22 05:16:21,501 INFO:Total games: 2480
2023-08-22 05:16:35,670 INFO:Total games: 2490
2023-08-22 05:16:51,850 INFO:Total games: 2500
2023-08-22 05:17:06,027 INFO:Total games: 2510
2023-08-22 05:17:21,931 INFO:Total games: 2520
2023-08-22 05:17:35,459 INFO:Total games: 2530
2023-08-22 05:17:52,624 INFO:Total games: 2540
2023-08-22 05:18:07,764 INFO:Total games: 2550
2023-08-22 05:18:26,059 INFO:Total games: 2560
2023-08-22 05:18:39,643 INFO:Total games: 2570
2023-08-22 05:18:54,966 INFO:Total games: 2580
2023-08-22 05:19:10,580 INFO:Total games: 2590
2023-08-22 05:19:22,094 INFO:Total games: 2600
2023-08-22 05:19:38,497 INFO:Total games: 2610
2023-08-22 05:19:51,452 INFO:Total games: 2620
2023-08-22 05:20:04,614 INFO:Total games: 2630
2023-08-22 05:20:18,038 INFO:Total games: 2640
2023-08-22 05:20:34,217 INFO:Total games: 2650
2023-08-22 05:20:50,748 INFO:Total games: 2660
2023-08-22 05:21:09,294 INFO:Total games: 2670
2023-08-22 05:21:24,989 INFO:Total games: 2680
2023-08-22 05:21:37,686 INFO:Total games: 2690
2023-08-22 05:21:49,605 INFO:Total games: 2700
2023-08-22 05:22:04,841 INFO:Total games: 2710
2023-08-22 05:22:18,991 INFO:Total games: 2720
2023-08-22 05:22:34,639 INFO:Total games: 2730
2023-08-22 05:22:48,284 INFO:Total games: 2740
2023-08-22 05:23:02,162 INFO:Total games: 2750
2023-08-22 05:23:18,737 INFO:Total games: 2760
2023-08-22 05:23:32,288 INFO:Total games: 2770
2023-08-22 05:23:48,855 INFO:Total games: 2780
2023-08-22 05:24:05,324 INFO:Total games: 2790
2023-08-22 05:24:22,343 INFO:Total games: 2800
2023-08-22 05:24:38,699 INFO:Total games: 2810
2023-08-22 05:24:50,625 INFO:Total games: 2820
2023-08-22 05:25:05,732 INFO:Total games: 2830
2023-08-22 05:25:17,905 INFO:Total games: 2840
2023-08-22 05:25:30,528 INFO:Total games: 2850
2023-08-22 05:25:45,984 INFO:Total games: 2860
2023-08-22 05:26:02,109 INFO:Total games: 2870
2023-08-22 05:26:15,696 INFO:Total games: 2880
2023-08-22 05:26:32,639 INFO:Total games: 2890
2023-08-22 05:26:48,267 INFO:Total games: 2900
2023-08-22 05:27:02,460 INFO:Total games: 2910
2023-08-22 05:27:17,837 INFO:Total games: 2920
2023-08-22 05:27:30,482 INFO:Total games: 2930
2023-08-22 05:27:45,498 INFO:Total games: 2940
2023-08-22 05:28:00,210 INFO:Total games: 2950
2023-08-22 05:28:15,230 INFO:Total games: 2960
2023-08-22 05:28:26,061 INFO:Total games: 2970
2023-08-22 05:28:40,689 INFO:Total games: 2980
2023-08-22 05:28:54,693 INFO:Total games: 2990
2023-08-22 05:29:08,900 INFO:Total games: 3000
2023-08-22 05:29:23,889 INFO:Total games: 3010
2023-08-22 05:29:40,750 INFO:Total games: 3020
2023-08-22 05:29:53,433 INFO:Total games: 3030
2023-08-22 05:30:08,100 INFO:Total games: 3040
2023-08-22 05:30:22,427 INFO:Total games: 3050
2023-08-22 05:30:38,053 INFO:Total games: 3060
2023-08-22 05:30:53,467 INFO:Total games: 3070
2023-08-22 05:31:09,513 INFO:Total games: 3080
2023-08-22 05:31:23,477 INFO:Total games: 3090
2023-08-22 05:31:37,750 INFO:Total games: 3100
2023-08-22 05:31:53,973 INFO:Total games: 3110
2023-08-22 05:32:10,525 INFO:Total games: 3120
2023-08-22 05:32:26,172 INFO:Total games: 3130
2023-08-22 05:32:43,055 INFO:Total games: 3140
2023-08-22 05:32:58,787 INFO:Total games: 3150
2023-08-22 05:33:15,856 INFO:Total games: 3160
2023-08-22 05:33:30,249 INFO:Total games: 3170
2023-08-22 05:33:45,654 INFO:Total games: 3180
2023-08-22 05:33:58,644 INFO:Total games: 3190
2023-08-22 05:34:11,311 INFO:Total games: 3200
2023-08-22 05:34:30,025 INFO:Total games: 3210
2023-08-22 05:34:44,932 INFO:Total games: 3220
2023-08-22 05:35:01,278 INFO:Total games: 3230
2023-08-22 05:35:16,954 INFO:Total games: 3240
2023-08-22 05:35:34,149 INFO:Total games: 3250
2023-08-22 05:35:50,869 INFO:Total games: 3260
2023-08-22 05:36:06,572 INFO:Total games: 3270
2023-08-22 05:36:20,287 INFO:Total games: 3280
2023-08-22 05:36:32,573 INFO:Total games: 3290
2023-08-22 05:36:45,123 INFO:Total games: 3300
2023-08-22 05:36:59,063 INFO:Total games: 3310
2023-08-22 05:37:13,868 INFO:Total games: 3320
2023-08-22 05:37:31,063 INFO:Total games: 3330
2023-08-22 05:37:46,196 INFO:Total games: 3340
2023-08-22 05:37:58,915 INFO:Total games: 3350
2023-08-22 05:38:13,133 INFO:Total games: 3360
2023-08-22 05:38:26,995 INFO:Total games: 3370
2023-08-22 05:38:40,478 INFO:Total games: 3380
2023-08-22 05:38:51,520 INFO:Total games: 3390
2023-08-22 05:39:04,361 INFO:Total games: 3400
2023-08-22 05:39:20,936 INFO:Total games: 3410
2023-08-22 05:39:33,588 INFO:Total games: 3420
2023-08-22 05:39:46,928 INFO:Total games: 3430
2023-08-22 05:40:00,408 INFO:Total games: 3440
2023-08-22 05:40:13,936 INFO:Total games: 3450
2023-08-22 05:40:28,451 INFO:Total games: 3460
2023-08-22 05:40:44,111 INFO:Total games: 3470
2023-08-22 05:40:56,820 INFO:Total games: 3480
2023-08-22 05:41:08,244 INFO:Total games: 3490
2023-08-22 05:41:22,452 INFO:Total games: 3500
2023-08-22 05:41:39,031 INFO:Total games: 3510
2023-08-22 05:41:51,495 INFO:Total games: 3520
2023-08-22 05:42:07,416 INFO:Total games: 3530
2023-08-22 05:42:23,514 INFO:Total games: 3540
2023-08-22 05:42:36,283 INFO:Total games: 3550
2023-08-22 05:42:50,571 INFO:Total games: 3560
2023-08-22 05:43:03,413 INFO:Total games: 3570
2023-08-22 05:43:18,402 INFO:Total games: 3580
2023-08-22 05:43:30,976 INFO:Total games: 3590
2023-08-22 05:43:45,647 INFO:Total games: 3600
2023-08-22 05:44:00,245 INFO:Total games: 3610
2023-08-22 05:44:12,896 INFO:Total games: 3620
2023-08-22 05:44:27,571 INFO:Total games: 3630
2023-08-22 05:44:41,302 INFO:Total games: 3640
2023-08-22 05:44:57,035 INFO:Total games: 3650
2023-08-22 05:45:11,060 INFO:Total games: 3660
2023-08-22 05:45:25,139 INFO:Total games: 3670
2023-08-22 05:45:43,422 INFO:Total games: 3680
2023-08-22 05:45:59,171 INFO:Total games: 3690
2023-08-22 05:46:14,754 INFO:Total games: 3700
2023-08-22 05:46:30,136 INFO:Total games: 3710
2023-08-22 05:46:45,843 INFO:Total games: 3720
2023-08-22 05:47:02,711 INFO:Total games: 3730
2023-08-22 05:47:18,252 INFO:Total games: 3740
2023-08-22 05:47:30,633 INFO:Total games: 3750
2023-08-22 05:47:45,737 INFO:Total games: 3760
2023-08-22 05:48:00,525 INFO:Total games: 3770
