2024-06-13 22:29:43,538 INFO:Starting
2024-06-13 22:30:50,472 INFO:Total games: 10
2024-06-13 22:31:59,315 INFO:Total games: 20
2024-06-13 22:32:54,951 INFO:Total games: 30
2024-06-13 22:33:45,741 INFO:Total games: 40
2024-06-13 22:34:46,612 INFO:Total games: 50
2024-06-13 22:35:50,374 INFO:Total games: 60
2024-06-13 22:36:54,700 INFO:Total games: 70
2024-06-13 22:45:34,158 INFO:Total games: 80
2024-06-13 22:46:26,090 INFO:Total games: 90
2024-06-13 22:47:28,534 INFO:Total games: 100
2024-06-13 22:48:25,341 INFO:Total games: 110
2024-06-13 22:49:18,165 INFO:Total games: 120
2024-06-13 22:50:19,810 INFO:Total games: 130
2024-06-13 22:51:12,811 INFO:Total games: 140
2024-06-13 22:52:15,580 INFO:Total games: 150
2024-06-13 22:53:13,627 INFO:Total games: 160
2024-06-13 22:54:08,986 INFO:Total games: 170
2024-06-13 22:55:23,972 INFO:Total games: 180
2024-06-13 22:56:36,751 INFO:Total games: 190
2024-06-13 22:58:04,583 INFO:Total games: 200
2024-06-13 22:59:10,537 INFO:Total games: 210
2024-06-13 23:00:09,648 INFO:Total games: 220
2024-06-13 23:01:16,793 INFO:Total games: 230
2024-06-13 23:02:43,598 INFO:Total games: 240
2024-06-13 23:03:48,919 INFO:Total games: 250
2024-06-13 23:04:59,455 INFO:Total games: 260
2024-06-13 23:06:20,922 INFO:Total games: 270
2024-06-13 23:07:31,714 INFO:Total games: 280
2024-06-13 23:08:50,375 INFO:Total games: 290
2024-06-13 23:09:59,201 INFO:Total games: 300
2024-06-13 23:11:00,908 INFO:Total games: 310
2024-06-13 23:12:19,000 INFO:Total games: 320
2024-06-13 23:13:30,379 INFO:Total games: 330
2024-06-13 23:14:48,325 INFO:Total games: 340
2024-06-13 23:15:57,552 INFO:Total games: 350
2024-06-13 23:17:09,164 INFO:Total games: 360
2024-06-13 23:18:28,737 INFO:Total games: 370
2024-06-13 23:19:46,800 INFO:Total games: 380
2024-06-13 23:21:08,076 INFO:Total games: 390
2024-06-13 23:22:27,225 INFO:Total games: 400
2024-06-13 23:23:32,887 INFO:Total games: 410
2024-06-13 23:24:53,950 INFO:Total games: 420
2024-06-13 23:26:13,669 INFO:Total games: 430
2024-06-13 23:27:36,256 INFO:Total games: 440
2024-06-13 23:28:58,807 INFO:Total games: 450
2024-06-13 23:30:13,744 INFO:Total games: 460
2024-06-13 23:31:49,015 INFO:Total games: 470
2024-06-13 23:33:25,952 INFO:Total games: 480
2024-06-13 23:34:29,121 INFO:Total games: 490
2024-06-13 23:35:45,484 INFO:Total games: 500
2024-06-13 23:37:04,143 INFO:Total games: 510
2024-06-13 23:38:25,848 INFO:Total games: 520
2024-06-13 23:39:41,447 INFO:Total games: 530
2024-06-13 23:41:06,250 INFO:Total games: 540
2024-06-13 23:42:24,605 INFO:Total games: 550
2024-06-13 23:43:33,830 INFO:Total games: 560
2024-06-13 23:44:56,284 INFO:Total games: 570
2024-06-13 23:46:19,859 INFO:Total games: 580
2024-06-13 23:47:47,146 INFO:Total games: 590
2024-06-13 23:48:56,484 INFO:Total games: 600
2024-06-13 23:50:14,241 INFO:Total games: 610
2024-06-13 23:51:15,140 INFO:Total games: 620
2024-06-13 23:52:24,485 INFO:Total games: 630
2024-06-13 23:53:42,806 INFO:Total games: 640
2024-06-13 23:54:50,144 INFO:Total games: 650
2024-06-13 23:55:58,092 INFO:Total games: 660
2024-06-13 23:56:51,643 INFO:Total games: 670
2024-06-13 23:57:59,995 INFO:Total games: 680
2024-06-13 23:59:04,862 INFO:Total games: 690
2024-06-14 00:00:25,706 INFO:Total games: 700
2024-06-14 00:01:45,063 INFO:Total games: 710
2024-06-14 00:03:20,271 INFO:Total games: 720
2024-06-14 00:04:40,616 INFO:Total games: 730
2024-06-14 00:05:45,330 INFO:Total games: 740
2024-06-14 00:07:14,771 INFO:Total games: 750
2024-06-14 00:08:48,460 INFO:Total games: 760
2024-06-14 00:10:30,366 INFO:Total games: 770
2024-06-14 00:11:59,960 INFO:Total games: 780
2024-06-14 00:13:26,314 INFO:Total games: 790
2024-06-14 00:14:39,722 INFO:Total games: 800
2024-06-14 00:20:37,403 INFO:Total games: 810
2024-06-14 00:20:57,055 INFO:Loaded new best model
2024-06-14 00:21:37,816 INFO:Total games: 820
2024-06-14 00:22:39,974 INFO:Total games: 830
2024-06-14 00:23:54,589 INFO:Total games: 840
2024-06-14 00:24:59,329 INFO:Total games: 850
2024-06-14 00:25:56,509 INFO:Total games: 860
2024-06-14 00:26:47,329 INFO:Total games: 870
2024-06-14 00:28:00,014 INFO:Total games: 880
2024-06-14 00:29:08,079 INFO:Total games: 890
2024-06-14 00:30:14,544 INFO:Total games: 900
2024-06-14 00:31:19,217 INFO:Total games: 910
2024-06-14 00:32:16,279 INFO:Total games: 920
2024-06-14 00:33:20,025 INFO:Total games: 930
2024-06-14 00:34:25,897 INFO:Total games: 940
2024-06-14 00:35:31,646 INFO:Total games: 950
2024-06-14 00:36:30,583 INFO:Total games: 960
2024-06-14 00:37:29,873 INFO:Total games: 970
2024-06-14 00:38:41,351 INFO:Total games: 980
2024-06-14 00:39:41,839 INFO:Total games: 990
2024-06-14 00:40:33,994 INFO:Total games: 1000
2024-06-14 00:41:39,561 INFO:Total games: 1010
2024-06-14 00:42:45,064 INFO:Total games: 1020
2024-06-14 00:43:44,687 INFO:Total games: 1030
2024-06-14 00:44:48,901 INFO:Total games: 1040
2024-06-14 00:45:43,029 INFO:Total games: 1050
2024-06-14 00:46:52,279 INFO:Total games: 1060
2024-06-14 00:48:00,343 INFO:Total games: 1070
2024-06-14 00:49:06,593 INFO:Total games: 1080
2024-06-14 00:50:24,266 INFO:Total games: 1090
2024-06-14 00:51:24,708 INFO:Total games: 1100
2024-06-14 00:52:43,478 INFO:Total games: 1110
2024-06-14 00:54:02,169 INFO:Total games: 1120
2024-06-14 00:55:23,732 INFO:Total games: 1130
2024-06-14 00:56:22,439 INFO:Total games: 1140
2024-06-14 00:57:26,389 INFO:Total games: 1150
2024-06-14 00:58:28,012 INFO:Total games: 1160
2024-06-14 00:59:36,376 INFO:Total games: 1170
2024-06-14 01:00:52,883 INFO:Total games: 1180
2024-06-14 01:01:57,815 INFO:Total games: 1190
2024-06-14 01:03:13,890 INFO:Total games: 1200
2024-06-14 01:04:20,529 INFO:Total games: 1210
2024-06-14 01:05:24,365 INFO:Total games: 1220
2024-06-14 01:06:19,552 INFO:Total games: 1230
2024-06-14 01:07:19,837 INFO:Total games: 1240
2024-06-14 01:08:20,642 INFO:Total games: 1250
2024-06-14 01:09:29,641 INFO:Total games: 1260
2024-06-14 01:10:34,837 INFO:Total games: 1270
2024-06-14 01:11:33,818 INFO:Total games: 1280
2024-06-14 01:12:42,548 INFO:Total games: 1290
2024-06-14 01:13:49,904 INFO:Total games: 1300
2024-06-14 01:14:53,897 INFO:Total games: 1310
2024-06-14 01:15:54,423 INFO:Total games: 1320
2024-06-14 01:17:04,528 INFO:Total games: 1330
2024-06-14 01:18:12,682 INFO:Total games: 1340
2024-06-14 01:19:13,036 INFO:Total games: 1350
2024-06-14 01:20:25,380 INFO:Total games: 1360
2024-06-14 01:21:36,506 INFO:Total games: 1370
2024-06-14 01:22:37,859 INFO:Total games: 1380
2024-06-14 01:24:10,883 INFO:Total games: 1390
2024-06-14 01:25:16,227 INFO:Total games: 1400
2024-06-14 01:26:14,748 INFO:Total games: 1410
2024-06-14 01:27:25,352 INFO:Total games: 1420
2024-06-14 01:28:36,596 INFO:Total games: 1430
2024-06-14 01:29:40,433 INFO:Total games: 1440
2024-06-14 01:30:37,118 INFO:Total games: 1450
2024-06-14 01:31:38,652 INFO:Total games: 1460
2024-06-14 01:32:43,883 INFO:Total games: 1470
2024-06-14 01:33:47,249 INFO:Total games: 1480
2024-06-14 01:34:46,242 INFO:Total games: 1490
2024-06-14 01:35:55,694 INFO:Total games: 1500
2024-06-14 01:36:57,761 INFO:Total games: 1510
2024-06-14 01:38:09,109 INFO:Total games: 1520
2024-06-14 01:39:18,727 INFO:Total games: 1530
2024-06-14 01:40:39,416 INFO:Total games: 1540
2024-06-14 01:41:54,331 INFO:Total games: 1550
2024-06-14 01:43:27,802 INFO:Total games: 1560
2024-06-14 01:44:43,521 INFO:Total games: 1570
2024-06-14 01:51:35,069 INFO:Total games: 1580
2024-06-14 01:52:45,395 INFO:Total games: 1590
2024-06-14 01:52:53,365 INFO:Loaded new best model
2024-06-14 01:53:47,913 INFO:Total games: 1600
2024-06-14 01:55:04,808 INFO:Total games: 1610
2024-06-14 01:56:18,102 INFO:Total games: 1620
2024-06-14 01:57:26,922 INFO:Total games: 1630
2024-06-14 01:58:44,012 INFO:Total games: 1640
2024-06-14 02:00:02,573 INFO:Total games: 1650
2024-06-14 02:01:20,883 INFO:Total games: 1660
2024-06-14 02:02:41,616 INFO:Total games: 1670
2024-06-14 02:03:48,395 INFO:Total games: 1680
2024-06-14 02:04:52,124 INFO:Total games: 1690
2024-06-14 02:06:21,127 INFO:Total games: 1700
2024-06-14 02:07:42,692 INFO:Total games: 1710
2024-06-14 02:08:53,536 INFO:Total games: 1720
2024-06-14 02:10:10,997 INFO:Total games: 1730
2024-06-14 02:11:26,365 INFO:Total games: 1740
2024-06-14 02:12:28,141 INFO:Total games: 1750
2024-06-14 02:13:49,017 INFO:Total games: 1760
2024-06-14 02:14:53,423 INFO:Total games: 1770
2024-06-14 02:16:13,655 INFO:Total games: 1780
2024-06-14 02:17:33,989 INFO:Total games: 1790
2024-06-14 02:18:43,534 INFO:Total games: 1800
2024-06-14 02:20:31,507 INFO:Total games: 1810
2024-06-14 02:21:54,488 INFO:Total games: 1820
2024-06-14 02:22:49,600 INFO:Total games: 1830
2024-06-14 02:24:09,514 INFO:Total games: 1840
2024-06-14 02:25:25,103 INFO:Total games: 1850
2024-06-14 02:26:19,915 INFO:Total games: 1860
2024-06-14 02:27:38,301 INFO:Total games: 1870
2024-06-14 02:28:57,510 INFO:Total games: 1880
2024-06-14 02:30:07,270 INFO:Total games: 1890
2024-06-14 02:31:18,409 INFO:Total games: 1900
2024-06-14 02:32:14,708 INFO:Total games: 1910
2024-06-14 02:33:25,602 INFO:Total games: 1920
2024-06-14 02:34:27,171 INFO:Total games: 1930
2024-06-14 02:35:56,384 INFO:Total games: 1940
2024-06-14 02:37:02,211 INFO:Total games: 1950
2024-06-14 02:38:04,828 INFO:Total games: 1960
2024-06-14 02:39:08,012 INFO:Total games: 1970
2024-06-14 02:40:08,466 INFO:Total games: 1980
2024-06-14 02:41:17,878 INFO:Total games: 1990
2024-06-14 02:42:25,847 INFO:Total games: 2000
2024-06-14 02:43:22,450 INFO:Total games: 2010
2024-06-14 02:44:25,807 INFO:Total games: 2020
2024-06-14 02:45:35,923 INFO:Total games: 2030
2024-06-14 02:46:23,141 INFO:Total games: 2040
2024-06-14 02:47:20,787 INFO:Total games: 2050
2024-06-14 02:48:36,550 INFO:Total games: 2060
2024-06-14 02:49:57,480 INFO:Total games: 2070
2024-06-14 02:51:07,461 INFO:Total games: 2080
2024-06-14 02:52:06,194 INFO:Total games: 2090
2024-06-14 02:53:16,753 INFO:Total games: 2100
2024-06-14 02:54:16,770 INFO:Total games: 2110
2024-06-14 02:55:26,005 INFO:Total games: 2120
2024-06-14 02:56:32,811 INFO:Total games: 2130
2024-06-14 02:57:35,433 INFO:Total games: 2140
2024-06-14 02:58:36,785 INFO:Total games: 2150
2024-06-14 03:00:01,732 INFO:Total games: 2160
2024-06-14 03:01:07,029 INFO:Total games: 2170
2024-06-14 03:02:29,365 INFO:Total games: 2180
2024-06-14 03:03:46,643 INFO:Total games: 2190
2024-06-14 03:05:11,288 INFO:Total games: 2200
2024-06-14 03:06:09,157 INFO:Total games: 2210
2024-06-14 03:07:03,013 INFO:Total games: 2220
2024-06-14 03:08:19,123 INFO:Total games: 2230
2024-06-14 03:09:31,929 INFO:Total games: 2240
2024-06-14 03:10:33,548 INFO:Total games: 2250
2024-06-14 03:11:43,866 INFO:Total games: 2260
2024-06-14 03:13:00,662 INFO:Total games: 2270
2024-06-14 03:14:23,822 INFO:Total games: 2280
2024-06-14 03:15:40,147 INFO:Total games: 2290
2024-06-14 03:16:40,005 INFO:Total games: 2300
2024-06-14 03:17:49,507 INFO:Total games: 2310
2024-06-14 03:19:03,242 INFO:Total games: 2320
2024-06-14 03:20:35,609 INFO:Total games: 2330
2024-06-14 03:22:17,100 INFO:Total games: 2340
2024-06-14 03:23:37,346 INFO:Total games: 2350
2024-06-14 03:24:54,335 INFO:Total games: 2360
2024-06-14 03:31:51,149 INFO:Total games: 2370
2024-06-14 03:33:06,150 INFO:Total games: 2380
2024-06-14 03:34:26,132 INFO:Total games: 2390
2024-06-14 03:35:37,396 INFO:Total games: 2400
2024-06-14 03:36:33,627 INFO:Total games: 2410
2024-06-14 03:37:34,287 INFO:Total games: 2420
2024-06-14 03:38:27,913 INFO:Total games: 2430
2024-06-14 03:39:21,291 INFO:Total games: 2440
2024-06-14 03:40:29,587 INFO:Total games: 2450
2024-06-14 03:41:40,396 INFO:Total games: 2460
2024-06-14 03:42:55,500 INFO:Total games: 2470
2024-06-14 03:43:54,176 INFO:Total games: 2480
2024-06-14 03:44:53,964 INFO:Total games: 2490
2024-06-14 03:45:48,939 INFO:Total games: 2500
2024-06-14 03:46:56,061 INFO:Total games: 2510
2024-06-14 03:47:56,296 INFO:Total games: 2520
2024-06-14 03:49:09,529 INFO:Total games: 2530
2024-06-14 03:50:24,226 INFO:Total games: 2540
2024-06-14 03:51:26,756 INFO:Total games: 2550
2024-06-14 03:52:33,252 INFO:Total games: 2560
2024-06-14 03:53:43,559 INFO:Total games: 2570
2024-06-14 03:54:55,033 INFO:Total games: 2580
2024-06-14 03:56:11,071 INFO:Total games: 2590
2024-06-14 03:57:08,555 INFO:Total games: 2600
2024-06-14 03:58:10,837 INFO:Total games: 2610
2024-06-14 03:59:27,527 INFO:Total games: 2620
2024-06-14 04:00:22,896 INFO:Total games: 2630
2024-06-14 04:01:33,155 INFO:Total games: 2640
2024-06-14 04:02:40,617 INFO:Total games: 2650
2024-06-14 04:03:49,902 INFO:Total games: 2660
2024-06-14 04:04:53,751 INFO:Total games: 2670
2024-06-14 04:05:54,009 INFO:Total games: 2680
2024-06-14 04:06:57,982 INFO:Total games: 2690
2024-06-14 04:08:12,393 INFO:Total games: 2700
2024-06-14 04:09:16,870 INFO:Total games: 2710
2024-06-14 04:10:26,492 INFO:Total games: 2720
2024-06-14 04:11:20,691 INFO:Total games: 2730
2024-06-14 04:12:33,932 INFO:Total games: 2740
2024-06-14 04:13:47,652 INFO:Total games: 2750
2024-06-14 04:14:37,012 INFO:Total games: 2760
2024-06-14 04:15:43,281 INFO:Total games: 2770
2024-06-14 04:16:55,927 INFO:Total games: 2780
2024-06-14 04:17:52,905 INFO:Total games: 2790
2024-06-14 04:19:01,104 INFO:Total games: 2800
2024-06-14 04:19:56,364 INFO:Total games: 2810
2024-06-14 04:21:04,908 INFO:Total games: 2820
2024-06-14 04:22:02,328 INFO:Total games: 2830
2024-06-14 04:23:10,647 INFO:Total games: 2840
2024-06-14 04:24:12,625 INFO:Total games: 2850
2024-06-14 04:25:19,164 INFO:Total games: 2860
2024-06-14 04:26:33,883 INFO:Total games: 2870
2024-06-14 04:27:38,353 INFO:Total games: 2880
2024-06-14 04:28:53,043 INFO:Total games: 2890
2024-06-14 04:30:10,778 INFO:Total games: 2900
2024-06-14 04:31:06,119 INFO:Total games: 2910
2024-06-14 04:32:18,214 INFO:Total games: 2920
2024-06-14 04:33:26,699 INFO:Total games: 2930
2024-06-14 04:34:32,298 INFO:Total games: 2940
2024-06-14 04:35:23,680 INFO:Total games: 2950
2024-06-14 04:36:47,716 INFO:Total games: 2960
2024-06-14 04:37:59,972 INFO:Total games: 2970
2024-06-14 04:39:01,480 INFO:Total games: 2980
2024-06-14 04:40:11,825 INFO:Total games: 2990
2024-06-14 04:41:13,631 INFO:Total games: 3000
2024-06-14 04:42:11,305 INFO:Total games: 3010
2024-06-14 04:43:11,532 INFO:Total games: 3020
2024-06-14 04:44:11,771 INFO:Total games: 3030
2024-06-14 04:45:05,443 INFO:Total games: 3040
2024-06-14 04:46:07,284 INFO:Total games: 3050
2024-06-14 04:47:23,933 INFO:Total games: 3060
2024-06-14 04:48:51,273 INFO:Total games: 3070
2024-06-14 04:50:14,889 INFO:Total games: 3080
2024-06-14 04:51:34,303 INFO:Total games: 3090
2024-06-14 04:53:10,601 INFO:Total games: 3100
2024-06-14 04:54:17,367 INFO:Total games: 3110
2024-06-14 05:02:16,188 INFO:Total games: 3120
2024-06-14 05:03:10,308 INFO:Total games: 3130
2024-06-14 05:04:15,640 INFO:Total games: 3140
2024-06-14 05:05:23,742 INFO:Total games: 3150
2024-06-14 05:06:14,906 INFO:Total games: 3160
2024-06-14 05:07:23,031 INFO:Total games: 3170
2024-06-14 05:08:34,635 INFO:Total games: 3180
2024-06-14 05:09:37,110 INFO:Total games: 3190
2024-06-14 05:10:47,094 INFO:Total games: 3200
2024-06-14 05:11:54,046 INFO:Total games: 3210
2024-06-14 05:12:58,808 INFO:Total games: 3220
2024-06-14 05:14:05,835 INFO:Total games: 3230
2024-06-14 05:15:15,247 INFO:Total games: 3240
2024-06-14 05:16:12,480 INFO:Total games: 3250
2024-06-14 05:17:15,665 INFO:Total games: 3260
2024-06-14 05:18:30,862 INFO:Total games: 3270
2024-06-14 05:19:42,868 INFO:Total games: 3280
2024-06-14 05:20:54,920 INFO:Total games: 3290
2024-06-14 05:22:01,916 INFO:Total games: 3300
2024-06-14 05:22:56,821 INFO:Total games: 3310
2024-06-14 05:23:50,660 INFO:Total games: 3320
2024-06-14 05:24:51,714 INFO:Total games: 3330
2024-06-14 05:25:49,693 INFO:Total games: 3340
2024-06-14 05:26:47,352 INFO:Total games: 3350
2024-06-14 05:27:54,827 INFO:Total games: 3360
2024-06-14 05:29:16,747 INFO:Total games: 3370
2024-06-14 05:30:41,166 INFO:Total games: 3380
2024-06-14 05:32:00,687 INFO:Total games: 3390
2024-06-14 05:33:15,471 INFO:Total games: 3400
2024-06-14 05:34:19,199 INFO:Total games: 3410
2024-06-14 05:35:35,733 INFO:Total games: 3420
2024-06-14 05:36:30,629 INFO:Total games: 3430
2024-06-14 05:37:40,435 INFO:Total games: 3440
2024-06-14 05:38:47,848 INFO:Total games: 3450
2024-06-14 05:39:53,486 INFO:Total games: 3460
2024-06-14 05:41:08,432 INFO:Total games: 3470
2024-06-14 05:42:17,832 INFO:Total games: 3480
2024-06-14 05:43:17,009 INFO:Total games: 3490
2024-06-14 05:44:19,395 INFO:Total games: 3500
2024-06-14 05:45:44,865 INFO:Total games: 3510
2024-06-14 05:47:03,434 INFO:Total games: 3520
2024-06-14 05:48:10,414 INFO:Total games: 3530
2024-06-14 05:49:17,959 INFO:Total games: 3540
2024-06-14 05:50:19,671 INFO:Total games: 3550
2024-06-14 05:51:22,352 INFO:Total games: 3560
2024-06-14 05:52:29,017 INFO:Total games: 3570
2024-06-14 05:53:38,269 INFO:Total games: 3580
2024-06-14 05:54:45,365 INFO:Total games: 3590
2024-06-14 05:55:58,371 INFO:Total games: 3600
2024-06-14 05:56:57,763 INFO:Total games: 3610
2024-06-14 05:58:01,396 INFO:Total games: 3620
2024-06-14 05:59:01,629 INFO:Total games: 3630
2024-06-14 06:00:01,960 INFO:Total games: 3640
2024-06-14 06:01:11,883 INFO:Total games: 3650
2024-06-14 06:02:28,745 INFO:Total games: 3660
2024-06-14 06:03:36,563 INFO:Total games: 3670
2024-06-14 06:04:46,055 INFO:Total games: 3680
2024-06-14 06:06:08,888 INFO:Total games: 3690
2024-06-14 06:07:07,579 INFO:Total games: 3700
2024-06-14 06:08:19,148 INFO:Total games: 3710
2024-06-14 06:09:33,969 INFO:Total games: 3720
2024-06-14 06:10:32,542 INFO:Total games: 3730
2024-06-14 06:11:44,563 INFO:Total games: 3740
2024-06-14 06:13:11,653 INFO:Total games: 3750
2024-06-14 06:14:20,574 INFO:Total games: 3760
2024-06-14 06:15:23,153 INFO:Total games: 3770
2024-06-14 06:16:31,716 INFO:Total games: 3780
2024-06-14 06:17:35,813 INFO:Total games: 3790
2024-06-14 06:19:02,330 INFO:Total games: 3800
2024-06-14 06:20:19,583 INFO:Total games: 3810
2024-06-14 06:21:33,868 INFO:Total games: 3820
2024-06-14 06:22:41,091 INFO:Total games: 3830
2024-06-14 06:23:46,406 INFO:Total games: 3840
2024-06-14 06:24:43,465 INFO:Total games: 3850
2024-06-14 06:31:46,220 INFO:Total games: 3860
2024-06-14 06:32:47,678 INFO:Total games: 3870
2024-06-14 06:33:42,727 INFO:Total games: 3880
2024-06-14 06:34:48,036 INFO:Total games: 3890
2024-06-14 06:35:39,789 INFO:Total games: 3900
2024-06-14 06:36:54,384 INFO:Total games: 3910
2024-06-14 06:38:02,613 INFO:Total games: 3920
2024-06-14 06:38:53,100 INFO:Total games: 3930
2024-06-14 06:39:48,423 INFO:Total games: 3940
2024-06-14 06:40:47,913 INFO:Total games: 3950
2024-06-14 06:41:45,001 INFO:Total games: 3960
2024-06-14 06:42:34,907 INFO:Total games: 3970
2024-06-14 06:43:30,170 INFO:Total games: 3980
2024-06-14 06:44:36,293 INFO:Total games: 3990
2024-06-14 06:45:26,683 INFO:Total games: 4000
2024-06-14 06:46:34,972 INFO:Total games: 4010
2024-06-14 06:47:47,176 INFO:Total games: 4020
2024-06-14 06:49:00,321 INFO:Total games: 4030
2024-06-14 06:50:02,633 INFO:Total games: 4040
2024-06-14 06:51:06,949 INFO:Total games: 4050
2024-06-14 06:52:12,067 INFO:Total games: 4060
2024-06-14 06:53:13,944 INFO:Total games: 4070
2024-06-14 06:54:06,100 INFO:Total games: 4080
2024-06-14 06:55:16,515 INFO:Total games: 4090
2024-06-14 06:56:15,430 INFO:Total games: 4100
2024-06-14 06:57:16,727 INFO:Total games: 4110
2024-06-14 06:58:33,782 INFO:Total games: 4120
2024-06-14 06:59:35,706 INFO:Total games: 4130
2024-06-14 07:00:51,530 INFO:Total games: 4140
2024-06-14 07:01:58,214 INFO:Total games: 4150
2024-06-14 07:03:06,065 INFO:Total games: 4160
2024-06-14 07:04:19,082 INFO:Total games: 4170
2024-06-14 07:05:30,164 INFO:Total games: 4180
2024-06-14 07:06:35,593 INFO:Total games: 4190
2024-06-14 07:07:23,327 INFO:Total games: 4200
2024-06-14 07:08:11,337 INFO:Total games: 4210
2024-06-14 07:09:11,194 INFO:Total games: 4220
2024-06-14 07:10:16,529 INFO:Total games: 4230
2024-06-14 07:11:21,342 INFO:Total games: 4240
2024-06-14 07:12:12,460 INFO:Total games: 4250
2024-06-14 07:13:09,820 INFO:Total games: 4260
2024-06-14 07:14:13,942 INFO:Total games: 4270
2024-06-14 07:15:17,191 INFO:Total games: 4280
2024-06-14 07:16:28,274 INFO:Total games: 4290
2024-06-14 07:17:37,609 INFO:Total games: 4300
2024-06-14 07:18:47,608 INFO:Total games: 4310
2024-06-14 07:20:02,242 INFO:Total games: 4320
2024-06-14 07:21:06,603 INFO:Total games: 4330
2024-06-14 07:22:22,798 INFO:Total games: 4340
2024-06-14 07:23:26,601 INFO:Total games: 4350
2024-06-14 07:24:29,833 INFO:Total games: 4360
2024-06-14 07:25:29,258 INFO:Total games: 4370
2024-06-14 07:26:19,764 INFO:Total games: 4380
2024-06-14 07:27:22,473 INFO:Total games: 4390
2024-06-14 07:28:31,194 INFO:Total games: 4400
2024-06-14 07:29:40,694 INFO:Total games: 4410
2024-06-14 07:30:44,621 INFO:Total games: 4420
2024-06-14 07:31:51,162 INFO:Total games: 4430
2024-06-14 07:33:02,759 INFO:Total games: 4440
2024-06-14 07:34:14,286 INFO:Total games: 4450
2024-06-14 07:35:21,203 INFO:Total games: 4460
2024-06-14 07:36:07,517 INFO:Total games: 4470
2024-06-14 07:37:12,418 INFO:Total games: 4480
2024-06-14 07:38:13,115 INFO:Total games: 4490
2024-06-14 07:39:14,659 INFO:Total games: 4500
2024-06-14 07:40:23,307 INFO:Total games: 4510
2024-06-14 07:41:08,896 INFO:Total games: 4520
2024-06-14 07:42:05,032 INFO:Total games: 4530
2024-06-14 07:43:06,204 INFO:Total games: 4540
2024-06-14 07:43:57,054 INFO:Total games: 4550
2024-06-14 07:45:04,167 INFO:Total games: 4560
2024-06-14 07:46:17,254 INFO:Total games: 4570
2024-06-14 07:47:37,127 INFO:Total games: 4580
2024-06-14 07:48:48,962 INFO:Total games: 4590
2024-06-14 07:49:58,615 INFO:Total games: 4600
2024-06-14 07:51:24,024 INFO:Total games: 4610
2024-06-14 07:52:33,557 INFO:Total games: 4620
2024-06-14 08:00:18,607 INFO:Total games: 4630
2024-06-14 08:01:18,465 INFO:Total games: 4640
2024-06-14 08:02:15,847 INFO:Total games: 4650
2024-06-14 08:03:09,490 INFO:Total games: 4660
2024-06-14 08:04:13,298 INFO:Total games: 4670
2024-06-14 08:05:17,064 INFO:Total games: 4680
2024-06-14 08:06:34,382 INFO:Total games: 4690
2024-06-14 08:07:57,019 INFO:Total games: 4700
2024-06-14 08:09:12,342 INFO:Total games: 4710
2024-06-14 08:10:19,218 INFO:Total games: 4720
2024-06-14 08:11:38,768 INFO:Total games: 4730
2024-06-14 08:12:45,346 INFO:Total games: 4740
2024-06-14 08:13:51,788 INFO:Total games: 4750
2024-06-14 08:15:02,276 INFO:Total games: 4760
2024-06-14 08:16:11,276 INFO:Total games: 4770
2024-06-14 08:17:18,303 INFO:Total games: 4780
2024-06-14 08:18:25,290 INFO:Total games: 4790
2024-06-14 08:19:26,255 INFO:Total games: 4800
2024-06-14 08:20:42,148 INFO:Total games: 4810
2024-06-14 08:21:44,858 INFO:Total games: 4820
2024-06-14 08:22:54,558 INFO:Total games: 4830
2024-06-14 08:23:55,830 INFO:Total games: 4840
2024-06-14 08:25:02,785 INFO:Total games: 4850
2024-06-14 08:26:08,908 INFO:Total games: 4860
2024-06-14 08:27:19,699 INFO:Total games: 4870
2024-06-14 08:28:29,352 INFO:Total games: 4880
2024-06-14 08:29:34,098 INFO:Total games: 4890
2024-06-14 08:30:32,296 INFO:Total games: 4900
2024-06-14 08:31:29,004 INFO:Total games: 4910
2024-06-14 08:32:37,811 INFO:Total games: 4920
2024-06-14 08:33:37,037 INFO:Total games: 4930
2024-06-14 08:34:32,366 INFO:Total games: 4940
2024-06-14 08:35:59,510 INFO:Total games: 4950
2024-06-14 08:37:11,437 INFO:Total games: 4960
2024-06-14 08:38:17,985 INFO:Total games: 4970
2024-06-14 08:39:38,796 INFO:Total games: 4980
2024-06-14 08:40:47,420 INFO:Total games: 4990
2024-06-14 08:41:50,633 INFO:Total games: 5000
2024-06-14 08:42:49,336 INFO:Total games: 5010
2024-06-14 08:44:11,688 INFO:Total games: 5020
2024-06-14 08:45:10,053 INFO:Total games: 5030
2024-06-14 08:46:30,936 INFO:Total games: 5040
2024-06-14 08:47:36,657 INFO:Total games: 5050
2024-06-14 08:48:42,187 INFO:Total games: 5060
2024-06-14 08:49:39,554 INFO:Total games: 5070
2024-06-14 08:50:52,110 INFO:Total games: 5080
2024-06-14 08:51:58,054 INFO:Total games: 5090
2024-06-14 08:53:01,170 INFO:Total games: 5100
2024-06-14 08:54:04,598 INFO:Total games: 5110
2024-06-14 08:55:16,743 INFO:Total games: 5120
2024-06-14 08:56:42,114 INFO:Total games: 5130
2024-06-14 08:58:02,507 INFO:Total games: 5140
2024-06-14 08:59:13,443 INFO:Total games: 5150
2024-06-14 09:00:16,049 INFO:Total games: 5160
2024-06-14 09:01:24,757 INFO:Total games: 5170
2024-06-14 09:02:25,544 INFO:Total games: 5180
2024-06-14 09:03:26,945 INFO:Total games: 5190
2024-06-14 09:04:23,580 INFO:Total games: 5200
2024-06-14 09:05:37,398 INFO:Total games: 5210
2024-06-14 09:06:38,723 INFO:Total games: 5220
2024-06-14 09:07:48,518 INFO:Total games: 5230
2024-06-14 09:08:36,744 INFO:Total games: 5240
2024-06-14 09:09:28,787 INFO:Total games: 5250
2024-06-14 09:10:27,295 INFO:Total games: 5260
2024-06-14 09:11:21,484 INFO:Total games: 5270
2024-06-14 09:12:42,040 INFO:Total games: 5280
2024-06-14 09:13:56,173 INFO:Total games: 5290
2024-06-14 09:14:43,103 INFO:Total games: 5300
2024-06-14 09:15:31,867 INFO:Total games: 5310
2024-06-14 09:16:38,873 INFO:Total games: 5320
2024-06-14 09:17:57,282 INFO:Total games: 5330
2024-06-14 09:19:18,786 INFO:Total games: 5340
2024-06-14 09:20:38,477 INFO:Total games: 5350
2024-06-14 09:22:05,946 INFO:Total games: 5360
2024-06-14 09:29:16,845 INFO:Total games: 5370
2024-06-14 09:30:21,752 INFO:Total games: 5380
2024-06-14 09:31:20,356 INFO:Total games: 5390
2024-06-14 09:32:23,537 INFO:Total games: 5400
2024-06-14 09:33:15,882 INFO:Total games: 5410
2024-06-14 09:34:26,345 INFO:Total games: 5420
2024-06-14 09:35:24,401 INFO:Total games: 5430
2024-06-14 09:36:34,313 INFO:Total games: 5440
2024-06-14 09:37:47,734 INFO:Total games: 5450
2024-06-14 09:39:06,413 INFO:Total games: 5460
2024-06-14 09:40:09,307 INFO:Total games: 5470
2024-06-14 09:41:21,483 INFO:Total games: 5480
2024-06-14 09:42:20,635 INFO:Total games: 5490
2024-06-14 09:43:36,053 INFO:Total games: 5500
2024-06-14 09:44:36,950 INFO:Total games: 5510
2024-06-14 09:45:45,069 INFO:Total games: 5520
2024-06-14 09:47:02,784 INFO:Total games: 5530
2024-06-14 09:48:08,763 INFO:Total games: 5540
2024-06-14 09:49:09,415 INFO:Total games: 5550
2024-06-14 09:50:25,011 INFO:Total games: 5560
2024-06-14 09:51:33,177 INFO:Total games: 5570
2024-06-14 09:52:29,120 INFO:Total games: 5580
2024-06-14 09:53:31,753 INFO:Total games: 5590
2024-06-14 09:54:35,747 INFO:Total games: 5600
2024-06-14 09:56:04,472 INFO:Total games: 5610
2024-06-14 09:56:59,464 INFO:Total games: 5620
2024-06-14 09:58:13,825 INFO:Total games: 5630
2024-06-14 09:59:38,570 INFO:Total games: 5640
2024-06-14 10:00:45,370 INFO:Total games: 5650
2024-06-14 10:01:52,279 INFO:Total games: 5660
2024-06-14 10:03:02,715 INFO:Total games: 5670
2024-06-14 10:04:11,356 INFO:Total games: 5680
2024-06-14 10:05:11,773 INFO:Total games: 5690
2024-06-14 10:06:20,227 INFO:Total games: 5700
2024-06-14 10:07:17,406 INFO:Total games: 5710
2024-06-14 10:08:24,946 INFO:Total games: 5720
2024-06-14 10:09:30,215 INFO:Total games: 5730
2024-06-14 10:10:41,654 INFO:Total games: 5740
2024-06-14 10:11:50,639 INFO:Total games: 5750
2024-06-14 10:12:50,649 INFO:Total games: 5760
2024-06-14 10:14:07,453 INFO:Total games: 5770
2024-06-14 10:15:09,215 INFO:Total games: 5780
2024-06-14 10:16:20,315 INFO:Total games: 5790
2024-06-14 10:17:17,083 INFO:Total games: 5800
2024-06-14 10:18:13,711 INFO:Total games: 5810
2024-06-14 10:19:25,963 INFO:Total games: 5820
2024-06-14 10:20:35,573 INFO:Total games: 5830
2024-06-14 10:21:40,489 INFO:Total games: 5840
2024-06-14 10:22:36,901 INFO:Total games: 5850
2024-06-14 10:23:25,988 INFO:Total games: 5860
2024-06-14 10:24:29,324 INFO:Total games: 5870
2024-06-14 10:25:43,426 INFO:Total games: 5880
2024-06-14 10:26:44,296 INFO:Total games: 5890
2024-06-14 10:27:58,681 INFO:Total games: 5900
2024-06-14 10:29:02,769 INFO:Total games: 5910
2024-06-14 10:30:04,646 INFO:Total games: 5920
2024-06-14 10:31:05,942 INFO:Total games: 5930
2024-06-14 10:32:11,614 INFO:Total games: 5940
2024-06-14 10:33:15,338 INFO:Total games: 5950
2024-06-14 10:34:29,341 INFO:Total games: 5960
2024-06-14 10:35:33,788 INFO:Total games: 5970
2024-06-14 10:36:50,032 INFO:Total games: 5980
2024-06-14 10:37:59,659 INFO:Total games: 5990
2024-06-14 10:39:06,981 INFO:Total games: 6000
2024-06-14 10:40:24,512 INFO:Total games: 6010
2024-06-14 10:41:33,960 INFO:Total games: 6020
2024-06-14 10:42:39,120 INFO:Total games: 6030
2024-06-14 10:43:58,559 INFO:Total games: 6040
2024-06-14 10:45:20,355 INFO:Total games: 6050
2024-06-14 10:46:40,629 INFO:Total games: 6060
2024-06-14 10:48:00,388 INFO:Total games: 6070
2024-06-14 10:49:13,848 INFO:Total games: 6080
2024-06-14 10:50:38,717 INFO:Total games: 6090
2024-06-14 10:57:46,049 INFO:Total games: 6100
2024-06-14 10:58:51,581 INFO:Total games: 6110
2024-06-14 10:59:53,626 INFO:Total games: 6120
2024-06-14 11:01:07,475 INFO:Total games: 6130
2024-06-14 11:02:10,399 INFO:Total games: 6140
2024-06-14 11:03:11,523 INFO:Total games: 6150
2024-06-14 11:04:19,077 INFO:Total games: 6160
2024-06-14 11:05:18,257 INFO:Total games: 6170
2024-06-14 11:06:21,771 INFO:Total games: 6180
2024-06-14 11:07:22,786 INFO:Total games: 6190
2024-06-14 11:08:22,705 INFO:Total games: 6200
2024-06-14 11:09:36,310 INFO:Total games: 6210
2024-06-14 11:10:40,361 INFO:Total games: 6220
2024-06-14 11:11:57,409 INFO:Total games: 6230
2024-06-14 11:13:06,827 INFO:Total games: 6240
2024-06-14 11:14:16,832 INFO:Total games: 6250
2024-06-14 11:15:25,083 INFO:Total games: 6260
2024-06-14 11:16:27,860 INFO:Total games: 6270
2024-06-14 11:17:25,798 INFO:Total games: 6280
2024-06-14 11:18:45,802 INFO:Total games: 6290
2024-06-14 11:19:43,187 INFO:Total games: 6300
2024-06-14 11:20:36,639 INFO:Total games: 6310
2024-06-14 11:21:51,587 INFO:Total games: 6320
2024-06-14 11:22:56,844 INFO:Total games: 6330
2024-06-14 11:23:59,983 INFO:Total games: 6340
2024-06-14 11:25:04,067 INFO:Total games: 6350
2024-06-14 11:26:12,309 INFO:Total games: 6360
2024-06-14 11:27:14,618 INFO:Total games: 6370
2024-06-14 11:28:29,893 INFO:Total games: 6380
2024-06-14 11:29:42,603 INFO:Total games: 6390
2024-06-14 11:31:05,414 INFO:Total games: 6400
2024-06-14 11:32:19,832 INFO:Total games: 6410
2024-06-14 11:33:07,417 INFO:Total games: 6420
2024-06-14 11:34:31,276 INFO:Total games: 6430
2024-06-14 11:35:36,208 INFO:Total games: 6440
2024-06-14 11:36:41,319 INFO:Total games: 6450
2024-06-14 11:37:40,980 INFO:Total games: 6460
2024-06-14 11:38:49,624 INFO:Total games: 6470
2024-06-14 11:39:55,343 INFO:Total games: 6480
2024-06-14 11:41:01,004 INFO:Total games: 6490
2024-06-14 11:42:07,946 INFO:Total games: 6500
2024-06-14 11:43:18,049 INFO:Total games: 6510
2024-06-14 11:44:24,080 INFO:Total games: 6520
2024-06-14 11:45:45,060 INFO:Total games: 6530
2024-06-14 11:46:52,517 INFO:Total games: 6540
2024-06-14 11:48:05,461 INFO:Total games: 6550
2024-06-14 11:49:16,093 INFO:Total games: 6560
2024-06-14 11:50:20,632 INFO:Total games: 6570
2024-06-14 11:51:23,048 INFO:Total games: 6580
2024-06-14 11:52:26,363 INFO:Total games: 6590
2024-06-14 11:53:32,841 INFO:Total games: 6600
2024-06-14 11:54:51,339 INFO:Total games: 6610
2024-06-14 11:55:44,459 INFO:Total games: 6620
2024-06-14 11:56:35,680 INFO:Total games: 6630
2024-06-14 11:57:31,272 INFO:Total games: 6640
2024-06-14 11:58:17,746 INFO:Total games: 6650
2024-06-14 11:59:19,039 INFO:Total games: 6660
2024-06-14 12:00:08,289 INFO:Total games: 6670
2024-06-14 12:01:18,492 INFO:Total games: 6680
2024-06-14 12:02:24,685 INFO:Total games: 6690
2024-06-14 12:03:29,111 INFO:Total games: 6700
2024-06-14 12:04:34,012 INFO:Total games: 6710
2024-06-14 12:05:42,997 INFO:Total games: 6720
2024-06-14 12:06:55,495 INFO:Total games: 6730
2024-06-14 12:08:02,540 INFO:Total games: 6740
2024-06-14 12:09:16,846 INFO:Total games: 6750
2024-06-14 12:10:25,431 INFO:Total games: 6760
2024-06-14 12:11:20,925 INFO:Total games: 6770
2024-06-14 12:12:38,288 INFO:Total games: 6780
2024-06-14 12:13:50,491 INFO:Total games: 6790
2024-06-14 12:15:12,322 INFO:Total games: 6800
2024-06-14 12:16:35,243 INFO:Total games: 6810
2024-06-14 12:17:57,849 INFO:Total games: 6820
2024-06-14 12:19:08,494 INFO:Total games: 6830
2024-06-14 12:20:19,775 INFO:Total games: 6840
2024-06-14 12:20:19,775 INFO:FULL
2024-06-14 12:22:19,787 INFO:FULL
2024-06-14 12:24:19,769 INFO:FULL
2024-06-14 12:27:27,867 INFO:Total games: 6850
2024-06-14 12:28:24,544 INFO:Total games: 6860
2024-06-14 12:29:28,945 INFO:Total games: 6870
2024-06-14 12:30:35,709 INFO:Total games: 6880
2024-06-14 12:31:33,807 INFO:Total games: 6890
2024-06-14 12:32:40,668 INFO:Total games: 6900
2024-06-14 12:33:25,079 INFO:Total games: 6910
2024-06-14 12:34:31,335 INFO:Total games: 6920
2024-06-14 12:35:58,032 INFO:Total games: 6930
2024-06-14 12:36:53,653 INFO:Total games: 6940
2024-06-14 12:37:41,891 INFO:Total games: 6950
2024-06-14 12:39:00,559 INFO:Total games: 6960
2024-06-14 12:40:18,154 INFO:Total games: 6970
2024-06-14 12:41:33,829 INFO:Total games: 6980
2024-06-14 12:42:33,761 INFO:Total games: 6990
2024-06-14 12:43:38,461 INFO:Total games: 7000
2024-06-14 12:44:52,618 INFO:Total games: 7010
2024-06-14 12:46:04,277 INFO:Total games: 7020
2024-06-14 12:46:57,357 INFO:Total games: 7030
2024-06-14 12:48:15,597 INFO:Total games: 7040
2024-06-14 12:49:19,718 INFO:Total games: 7050
2024-06-14 12:50:32,959 INFO:Total games: 7060
2024-06-14 12:51:47,942 INFO:Total games: 7070
2024-06-14 12:52:59,306 INFO:Total games: 7080
2024-06-14 12:54:03,712 INFO:Total games: 7090
2024-06-14 12:55:05,313 INFO:Total games: 7100
2024-06-14 12:56:07,068 INFO:Total games: 7110
2024-06-14 12:57:16,531 INFO:Total games: 7120
2024-06-14 12:58:22,319 INFO:Total games: 7130
2024-06-14 12:59:15,784 INFO:Total games: 7140
2024-06-14 13:00:08,460 INFO:Total games: 7150
2024-06-14 13:01:14,021 INFO:Total games: 7160
2024-06-14 13:02:03,028 INFO:Total games: 7170
2024-06-14 13:02:45,173 INFO:Total games: 7180
2024-06-14 13:03:29,350 INFO:Total games: 7190
2024-06-14 13:04:43,885 INFO:Total games: 7200
2024-06-14 13:05:52,127 INFO:Total games: 7210
2024-06-14 13:06:52,431 INFO:Total games: 7220
2024-06-14 13:07:53,564 INFO:Total games: 7230
2024-06-14 13:08:54,267 INFO:Total games: 7240
2024-06-14 13:10:02,829 INFO:Total games: 7250
2024-06-14 13:11:07,175 INFO:Total games: 7260
2024-06-14 13:12:18,867 INFO:Total games: 7270
2024-06-14 13:13:37,516 INFO:Total games: 7280
2024-06-14 13:14:42,655 INFO:Total games: 7290
2024-06-14 13:15:55,353 INFO:Total games: 7300
2024-06-14 13:17:00,423 INFO:Total games: 7310
2024-06-14 13:18:04,039 INFO:Total games: 7320
2024-06-14 13:19:15,009 INFO:Total games: 7330
2024-06-14 13:20:23,763 INFO:Total games: 7340
2024-06-14 13:21:28,222 INFO:Total games: 7350
2024-06-14 13:22:24,852 INFO:Total games: 7360
2024-06-14 13:23:43,300 INFO:Total games: 7370
2024-06-14 13:24:47,398 INFO:Total games: 7380
2024-06-14 13:25:42,024 INFO:Total games: 7390
2024-06-14 13:26:40,522 INFO:Total games: 7400
2024-06-14 13:27:42,891 INFO:Total games: 7410
2024-06-14 13:28:44,808 INFO:Total games: 7420
2024-06-14 13:29:52,188 INFO:Total games: 7430
2024-06-14 13:31:10,483 INFO:Total games: 7440
2024-06-14 13:32:12,444 INFO:Total games: 7450
2024-06-14 13:33:30,260 INFO:Total games: 7460
2024-06-14 13:34:32,949 INFO:Total games: 7470
2024-06-14 13:35:51,399 INFO:Total games: 7480
2024-06-14 13:37:02,970 INFO:Total games: 7490
2024-06-14 13:38:21,419 INFO:Total games: 7500
2024-06-14 13:39:33,601 INFO:Total games: 7510
2024-06-14 13:40:41,920 INFO:Total games: 7520
2024-06-14 13:41:38,291 INFO:Total games: 7530
2024-06-14 13:42:43,113 INFO:Total games: 7540
2024-06-14 13:43:54,477 INFO:Total games: 7550
2024-06-14 13:45:05,887 INFO:Total games: 7560
2024-06-14 13:46:40,251 INFO:Total games: 7570
2024-06-14 13:48:03,519 INFO:Total games: 7580
2024-06-14 13:49:18,123 INFO:Total games: 7590
2024-06-14 13:55:54,219 INFO:Total games: 7600
2024-06-14 13:57:05,051 INFO:Total games: 7610
2024-06-14 13:58:12,372 INFO:Total games: 7620
2024-06-14 13:59:08,999 INFO:Total games: 7630
2024-06-14 14:00:17,246 INFO:Total games: 7640
2024-06-14 14:01:24,722 INFO:Total games: 7650
2024-06-14 14:02:41,254 INFO:Total games: 7660
2024-06-14 14:03:42,550 INFO:Total games: 7670
2024-06-14 14:04:46,196 INFO:Total games: 7680
2024-06-14 14:05:49,338 INFO:Total games: 7690
2024-06-14 14:06:55,906 INFO:Total games: 7700
2024-06-14 14:08:01,295 INFO:Total games: 7710
2024-06-14 14:09:02,591 INFO:Total games: 7720
2024-06-14 14:10:16,846 INFO:Total games: 7730
2024-06-14 14:11:21,932 INFO:Total games: 7740
2024-06-14 14:12:26,778 INFO:Total games: 7750
2024-06-14 14:13:33,319 INFO:Total games: 7760
2024-06-14 14:14:29,007 INFO:Total games: 7770
2024-06-14 14:15:35,303 INFO:Total games: 7780
2024-06-14 14:16:36,407 INFO:Total games: 7790
2024-06-14 14:17:42,305 INFO:Total games: 7800
2024-06-14 14:18:42,529 INFO:Total games: 7810
2024-06-14 14:19:43,964 INFO:Total games: 7820
2024-06-14 14:20:47,100 INFO:Total games: 7830
2024-06-14 14:21:59,790 INFO:Total games: 7840
2024-06-14 14:23:02,222 INFO:Total games: 7850
2024-06-14 14:24:20,915 INFO:Total games: 7860
2024-06-14 14:25:24,757 INFO:Total games: 7870
2024-06-14 14:26:18,271 INFO:Total games: 7880
2024-06-14 14:27:35,708 INFO:Total games: 7890
2024-06-14 14:28:43,398 INFO:Total games: 7900
2024-06-14 14:29:39,611 INFO:Total games: 7910
2024-06-14 14:30:45,764 INFO:Total games: 7920
2024-06-14 14:31:58,382 INFO:Total games: 7930
2024-06-14 14:33:17,283 INFO:Total games: 7940
2024-06-14 14:34:15,392 INFO:Total games: 7950
2024-06-14 14:35:21,296 INFO:Total games: 7960
2024-06-14 14:36:33,307 INFO:Total games: 7970
2024-06-14 14:37:49,554 INFO:Total games: 7980
2024-06-14 14:39:11,709 INFO:Total games: 7990
2024-06-14 14:40:17,755 INFO:Total games: 8000
2024-06-14 14:41:25,559 INFO:Total games: 8010
2024-06-14 14:42:31,946 INFO:Total games: 8020
2024-06-14 14:43:33,157 INFO:Total games: 8030
2024-06-14 14:44:44,979 INFO:Total games: 8040
2024-06-14 14:45:55,280 INFO:Total games: 8050
2024-06-14 14:47:06,527 INFO:Total games: 8060
2024-06-14 14:47:59,303 INFO:Total games: 8070
2024-06-14 14:48:53,107 INFO:Total games: 8080
2024-06-14 14:49:56,736 INFO:Total games: 8090
2024-06-14 14:51:09,084 INFO:Total games: 8100
2024-06-14 14:52:19,645 INFO:Total games: 8110
2024-06-14 14:53:34,747 INFO:Total games: 8120
2024-06-14 14:54:30,285 INFO:Total games: 8130
2024-06-14 14:55:27,764 INFO:Total games: 8140
2024-06-14 14:56:47,429 INFO:Total games: 8150
2024-06-14 14:58:00,516 INFO:Total games: 8160
2024-06-14 14:59:03,118 INFO:Total games: 8170
2024-06-14 15:00:11,284 INFO:Total games: 8180
2024-06-14 15:01:26,877 INFO:Total games: 8190
2024-06-14 15:02:35,498 INFO:Total games: 8200
2024-06-14 15:03:33,436 INFO:Total games: 8210
2024-06-14 15:04:51,048 INFO:Total games: 8220
2024-06-14 15:06:00,334 INFO:Total games: 8230
2024-06-14 15:07:18,076 INFO:Total games: 8240
2024-06-14 15:08:24,409 INFO:Total games: 8250
2024-06-14 15:09:30,235 INFO:Total games: 8260
2024-06-14 15:10:36,647 INFO:Total games: 8270
2024-06-14 15:11:47,065 INFO:Total games: 8280
2024-06-14 15:13:13,755 INFO:Total games: 8290
2024-06-14 15:14:37,271 INFO:Total games: 8300
2024-06-14 15:15:41,854 INFO:Total games: 8310
2024-06-14 15:17:02,725 INFO:Total games: 8320
2024-06-14 15:18:14,909 INFO:Total games: 8330
2024-06-14 15:25:05,658 INFO:Total games: 8340
2024-06-14 15:26:09,301 INFO:Total games: 8350
2024-06-14 15:27:04,128 INFO:Total games: 8360
2024-06-14 15:28:09,681 INFO:Total games: 8370
2024-06-14 15:29:09,075 INFO:Total games: 8380
2024-06-14 15:30:14,048 INFO:Total games: 8390
2024-06-14 15:31:16,393 INFO:Total games: 8400
2024-06-14 15:32:11,491 INFO:Total games: 8410
2024-06-14 15:33:16,399 INFO:Total games: 8420
2024-06-14 15:34:20,914 INFO:Total games: 8430
2024-06-14 15:35:28,263 INFO:Total games: 8440
2024-06-14 15:36:35,878 INFO:Total games: 8450
2024-06-14 15:37:49,741 INFO:Total games: 8460
2024-06-14 15:38:55,243 INFO:Total games: 8470
2024-06-14 15:40:08,779 INFO:Total games: 8480
2024-06-14 15:41:24,049 INFO:Total games: 8490
2024-06-14 15:42:19,100 INFO:Total games: 8500
2024-06-14 15:43:34,657 INFO:Total games: 8510
2024-06-14 15:44:48,084 INFO:Total games: 8520
2024-06-14 15:45:49,593 INFO:Total games: 8530
2024-06-14 15:47:10,338 INFO:Total games: 8540
2024-06-14 15:48:21,278 INFO:Total games: 8550
2024-06-14 15:49:19,784 INFO:Total games: 8560
2024-06-14 15:50:23,257 INFO:Total games: 8570
2024-06-14 15:51:43,360 INFO:Total games: 8580
2024-06-14 15:52:45,600 INFO:Total games: 8590
2024-06-14 15:54:03,883 INFO:Total games: 8600
2024-06-14 15:55:18,221 INFO:Total games: 8610
2024-06-14 15:56:13,950 INFO:Total games: 8620
2024-06-14 15:57:24,572 INFO:Total games: 8630
2024-06-14 15:58:36,400 INFO:Total games: 8640
2024-06-14 15:59:38,846 INFO:Total games: 8650
2024-06-14 16:00:38,038 INFO:Total games: 8660
2024-06-14 16:01:45,872 INFO:Total games: 8670
2024-06-14 16:02:48,699 INFO:Total games: 8680
2024-06-14 16:04:05,666 INFO:Total games: 8690
2024-06-14 16:05:01,278 INFO:Total games: 8700
2024-06-14 16:06:12,051 INFO:Total games: 8710
2024-06-14 16:07:20,999 INFO:Total games: 8720
2024-06-14 16:08:29,366 INFO:Total games: 8730
2024-06-14 16:09:36,977 INFO:Total games: 8740
2024-06-14 16:10:51,438 INFO:Total games: 8750
2024-06-14 16:11:56,213 INFO:Total games: 8760
2024-06-14 16:13:10,213 INFO:Total games: 8770
2024-06-14 16:14:11,085 INFO:Total games: 8780
2024-06-14 16:15:34,421 INFO:Total games: 8790
2024-06-14 16:16:47,730 INFO:Total games: 8800
2024-06-14 16:17:43,014 INFO:Total games: 8810
2024-06-14 16:18:43,666 INFO:Total games: 8820
2024-06-14 16:19:40,400 INFO:Total games: 8830
2024-06-14 16:20:30,269 INFO:Total games: 8840
2024-06-14 16:21:30,765 INFO:Total games: 8850
2024-06-14 16:22:33,123 INFO:Total games: 8860
2024-06-14 16:23:35,215 INFO:Total games: 8870
2024-06-14 16:24:48,383 INFO:Total games: 8880
2024-06-14 16:25:59,569 INFO:Total games: 8890
2024-06-14 16:27:16,297 INFO:Total games: 8900
2024-06-14 16:28:09,211 INFO:Total games: 8910
2024-06-14 16:29:17,114 INFO:Total games: 8920
2024-06-14 16:30:24,962 INFO:Total games: 8930
2024-06-14 16:31:36,473 INFO:Total games: 8940
2024-06-14 16:32:52,699 INFO:Total games: 8950
2024-06-14 16:34:11,881 INFO:Total games: 8960
2024-06-14 16:35:18,475 INFO:Total games: 8970
2024-06-14 16:36:14,390 INFO:Total games: 8980
2024-06-14 16:37:30,430 INFO:Total games: 8990
2024-06-14 16:38:52,275 INFO:Total games: 9000
2024-06-14 16:40:03,585 INFO:Total games: 9010
2024-06-14 16:41:19,477 INFO:Total games: 9020
2024-06-14 16:42:32,125 INFO:Total games: 9030
2024-06-14 16:43:44,995 INFO:Total games: 9040
2024-06-14 16:44:59,675 INFO:Total games: 9050
2024-06-14 16:46:11,892 INFO:Total games: 9060
2024-06-14 16:47:36,561 INFO:Total games: 9070
2024-06-14 16:48:55,690 INFO:Total games: 9080
2024-06-14 16:55:39,834 INFO:Total games: 9090
2024-06-14 16:56:48,980 INFO:Total games: 9100
2024-06-14 16:58:02,876 INFO:Total games: 9110
2024-06-14 16:59:20,298 INFO:Total games: 9120
2024-06-14 17:00:25,482 INFO:Total games: 9130
2024-06-14 17:01:26,525 INFO:Total games: 9140
2024-06-14 17:02:37,023 INFO:Total games: 9150
2024-06-14 17:03:39,399 INFO:Total games: 9160
2024-06-14 17:04:47,911 INFO:Total games: 9170
2024-06-14 17:05:46,021 INFO:Total games: 9180
2024-06-14 17:06:51,892 INFO:Total games: 9190
2024-06-14 17:08:08,852 INFO:Total games: 9200
2024-06-14 17:09:14,606 INFO:Total games: 9210
2024-06-14 17:10:14,489 INFO:Total games: 9220
2024-06-14 17:11:31,746 INFO:Total games: 9230
2024-06-14 17:12:43,476 INFO:Total games: 9240
2024-06-14 17:13:56,667 INFO:Total games: 9250
2024-06-14 17:15:07,511 INFO:Total games: 9260
2024-06-14 17:15:56,809 INFO:Total games: 9270
2024-06-14 17:16:55,102 INFO:Total games: 9280
2024-06-14 17:18:06,860 INFO:Total games: 9290
2024-06-14 17:19:10,485 INFO:Total games: 9300
2024-06-14 17:20:16,199 INFO:Total games: 9310
2024-06-14 17:21:19,122 INFO:Total games: 9320
2024-06-14 17:22:15,574 INFO:Total games: 9330
2024-06-14 17:23:27,722 INFO:Total games: 9340
2024-06-14 17:24:40,250 INFO:Total games: 9350
2024-06-14 17:25:47,665 INFO:Total games: 9360
2024-06-14 17:26:59,223 INFO:Total games: 9370
2024-06-14 17:28:09,119 INFO:Total games: 9380
2024-06-14 17:29:15,796 INFO:Total games: 9390
2024-06-14 17:30:17,449 INFO:Total games: 9400
2024-06-14 17:31:24,929 INFO:Total games: 9410
2024-06-14 17:32:25,069 INFO:Total games: 9420
2024-06-14 17:33:22,974 INFO:Total games: 9430
2024-06-14 17:34:21,659 INFO:Total games: 9440
2024-06-14 17:35:21,697 INFO:Total games: 9450
2024-06-14 17:36:38,319 INFO:Total games: 9460
2024-06-14 17:37:42,258 INFO:Total games: 9470
2024-06-14 17:38:44,886 INFO:Total games: 9480
2024-06-14 17:39:34,681 INFO:Total games: 9490
2024-06-14 17:40:47,470 INFO:Total games: 9500
2024-06-14 17:41:58,595 INFO:Total games: 9510
2024-06-14 17:43:14,616 INFO:Total games: 9520
2024-06-14 17:44:04,278 INFO:Total games: 9530
2024-06-14 17:45:16,555 INFO:Total games: 9540
2024-06-14 17:46:21,928 INFO:Total games: 9550
2024-06-14 17:47:30,302 INFO:Total games: 9560
2024-06-14 17:48:43,977 INFO:Total games: 9570
2024-06-14 17:49:52,168 INFO:Total games: 9580
2024-06-14 17:50:58,898 INFO:Total games: 9590
2024-06-14 17:51:55,053 INFO:Total games: 9600
2024-06-14 17:53:04,821 INFO:Total games: 9610
2024-06-14 17:54:14,798 INFO:Total games: 9620
2024-06-14 17:55:17,971 INFO:Total games: 9630
2024-06-14 17:56:26,758 INFO:Total games: 9640
2024-06-14 17:57:38,696 INFO:Total games: 9650
2024-06-14 17:58:50,174 INFO:Total games: 9660
2024-06-14 17:59:46,718 INFO:Total games: 9670
2024-06-14 18:00:55,575 INFO:Total games: 9680
2024-06-14 18:02:03,807 INFO:Total games: 9690
2024-06-14 18:03:01,452 INFO:Total games: 9700
2024-06-14 18:04:05,279 INFO:Total games: 9710
2024-06-14 18:05:12,747 INFO:Total games: 9720
2024-06-14 18:06:10,770 INFO:Total games: 9730
2024-06-14 18:07:07,762 INFO:Total games: 9740
2024-06-14 18:08:15,878 INFO:Total games: 9750
2024-06-14 18:09:23,965 INFO:Total games: 9760
2024-06-14 18:10:26,940 INFO:Total games: 9770
2024-06-14 18:11:52,051 INFO:Total games: 9780
2024-06-14 18:13:00,545 INFO:Total games: 9790
2024-06-14 18:14:16,502 INFO:Total games: 9800
2024-06-14 18:15:30,793 INFO:Total games: 9810
2024-06-14 18:16:48,293 INFO:Total games: 9820
2024-06-14 18:24:19,786 INFO:Total games: 9830
2024-06-14 18:25:23,091 INFO:Total games: 9840
2024-06-14 18:26:33,579 INFO:Total games: 9850
2024-06-14 18:27:45,121 INFO:Total games: 9860
2024-06-14 18:28:48,748 INFO:Total games: 9870
2024-06-14 18:29:44,122 INFO:Total games: 9880
2024-06-14 18:30:46,412 INFO:Total games: 9890
2024-06-14 18:32:06,370 INFO:Total games: 9900
2024-06-14 18:33:17,779 INFO:Total games: 9910
2024-06-14 18:34:18,687 INFO:Total games: 9920
2024-06-14 18:35:23,527 INFO:Total games: 9930
2024-06-14 18:36:31,891 INFO:Total games: 9940
2024-06-14 18:37:33,111 INFO:Total games: 9950
2024-06-14 18:38:46,434 INFO:Total games: 9960
2024-06-14 18:39:52,102 INFO:Total games: 9970
2024-06-14 18:40:55,456 INFO:Total games: 9980
2024-06-14 18:42:09,684 INFO:Total games: 9990
2024-06-14 18:43:23,528 INFO:Total games: 10000
2024-06-14 18:44:24,720 INFO:Total games: 10010
2024-06-14 18:45:37,124 INFO:Total games: 10020
2024-06-14 18:46:49,916 INFO:Total games: 10030
2024-06-14 18:48:06,554 INFO:Total games: 10040
2024-06-14 18:49:07,794 INFO:Total games: 10050
2024-06-14 18:50:20,144 INFO:Total games: 10060
2024-06-14 18:51:28,615 INFO:Total games: 10070
2024-06-14 18:52:38,689 INFO:Total games: 10080
2024-06-14 18:53:51,755 INFO:Total games: 10090
2024-06-14 18:54:57,152 INFO:Total games: 10100
2024-06-14 18:55:57,068 INFO:Total games: 10110
2024-06-14 18:56:53,351 INFO:Total games: 10120
2024-06-14 18:58:05,955 INFO:Total games: 10130
2024-06-14 18:59:23,351 INFO:Total games: 10140
2024-06-14 19:00:30,277 INFO:Total games: 10150
2024-06-14 19:01:41,520 INFO:Total games: 10160
2024-06-14 19:02:52,293 INFO:Total games: 10170
2024-06-14 19:03:42,108 INFO:Total games: 10180
2024-06-14 19:05:07,678 INFO:Total games: 10190
2024-06-14 19:06:14,197 INFO:Total games: 10200
2024-06-14 19:07:26,198 INFO:Total games: 10210
2024-06-14 19:08:32,696 INFO:Total games: 10220
2024-06-14 19:09:37,100 INFO:Total games: 10230
2024-06-14 19:10:54,901 INFO:Total games: 10240
2024-06-14 19:12:26,174 INFO:Total games: 10250
2024-06-14 19:13:35,536 INFO:Total games: 10260
2024-06-14 19:14:33,411 INFO:Total games: 10270
2024-06-14 19:15:25,699 INFO:Total games: 10280
2024-06-14 19:16:33,121 INFO:Total games: 10290
2024-06-14 19:17:33,909 INFO:Total games: 10300
2024-06-14 19:18:25,677 INFO:Total games: 10310
2024-06-14 19:19:21,392 INFO:Total games: 10320
2024-06-14 19:20:27,827 INFO:Total games: 10330
2024-06-14 19:21:40,928 INFO:Total games: 10340
2024-06-14 19:22:43,635 INFO:Total games: 10350
2024-06-14 19:23:36,296 INFO:Total games: 10360
2024-06-14 19:24:37,863 INFO:Total games: 10370
2024-06-14 19:25:53,983 INFO:Total games: 10380
2024-06-14 19:27:02,893 INFO:Total games: 10390
2024-06-14 19:28:13,986 INFO:Total games: 10400
2024-06-14 19:29:25,830 INFO:Total games: 10410
2024-06-14 19:30:28,273 INFO:Total games: 10420
2024-06-14 19:31:42,185 INFO:Total games: 10430
2024-06-14 19:32:52,588 INFO:Total games: 10440
2024-06-14 19:34:01,117 INFO:Total games: 10450
2024-06-14 19:35:11,131 INFO:Total games: 10460
2024-06-14 19:36:21,983 INFO:Total games: 10470
2024-06-14 19:37:18,178 INFO:Total games: 10480
2024-06-14 19:38:25,183 INFO:Total games: 10490
2024-06-14 19:39:21,371 INFO:Total games: 10500
2024-06-14 19:40:37,484 INFO:Total games: 10510
2024-06-14 19:41:45,239 INFO:Total games: 10520
2024-06-14 19:43:06,892 INFO:Total games: 10530
2024-06-14 19:44:17,549 INFO:Total games: 10540
2024-06-14 19:45:26,480 INFO:Total games: 10550
2024-06-14 19:46:48,352 INFO:Total games: 10560
2024-06-14 19:54:09,776 INFO:Total games: 10570
2024-06-14 19:54:15,155 INFO:Loaded new best model
2024-06-14 19:55:04,401 INFO:Total games: 10580
2024-06-14 19:56:10,509 INFO:Total games: 10590
2024-06-14 19:57:22,248 INFO:Total games: 10600
2024-06-14 19:58:38,186 INFO:Total games: 10610
2024-06-14 19:59:51,683 INFO:Total games: 10620
2024-06-14 20:01:06,380 INFO:Total games: 10630
2024-06-14 20:02:03,922 INFO:Total games: 10640
2024-06-14 20:03:09,964 INFO:Total games: 10650
2024-06-14 20:04:32,608 INFO:Total games: 10660
2024-06-14 20:05:40,222 INFO:Total games: 10670
2024-06-14 20:06:52,662 INFO:Total games: 10680
2024-06-14 20:07:54,130 INFO:Total games: 10690
2024-06-14 20:09:05,622 INFO:Total games: 10700
2024-06-14 20:10:03,067 INFO:Total games: 10710
2024-06-14 20:11:00,282 INFO:Total games: 10720
2024-06-14 20:11:50,500 INFO:Total games: 10730
2024-06-14 20:13:03,600 INFO:Total games: 10740
2024-06-14 20:14:07,032 INFO:Total games: 10750
2024-06-14 20:15:16,373 INFO:Total games: 10760
2024-06-14 20:16:11,502 INFO:Total games: 10770
2024-06-14 20:17:38,541 INFO:Total games: 10780
2024-06-14 20:18:49,524 INFO:Total games: 10790
2024-06-14 20:19:51,911 INFO:Total games: 10800
2024-06-14 20:21:04,558 INFO:Total games: 10810
2024-06-14 20:22:14,207 INFO:Total games: 10820
2024-06-14 20:23:43,266 INFO:Total games: 10830
2024-06-14 20:25:00,665 INFO:Total games: 10840
2024-06-14 20:26:11,294 INFO:Total games: 10850
2024-06-14 20:27:09,852 INFO:Total games: 10860
2024-06-14 20:28:25,411 INFO:Total games: 10870
2024-06-14 20:29:36,295 INFO:Total games: 10880
2024-06-14 20:30:52,447 INFO:Total games: 10890
2024-06-14 20:31:53,118 INFO:Total games: 10900
2024-06-14 20:33:00,022 INFO:Total games: 10910
2024-06-14 20:34:26,970 INFO:Total games: 10920
2024-06-14 20:35:43,398 INFO:Total games: 10930
2024-06-14 20:36:41,140 INFO:Total games: 10940
2024-06-14 20:37:46,914 INFO:Total games: 10950
2024-06-14 20:38:55,522 INFO:Total games: 10960
2024-06-14 20:40:02,359 INFO:Total games: 10970
2024-06-14 20:41:10,975 INFO:Total games: 10980
2024-06-14 20:42:20,098 INFO:Total games: 10990
2024-06-14 20:43:32,212 INFO:Total games: 11000
2024-06-14 20:44:53,708 INFO:Total games: 11010
2024-06-14 20:45:53,129 INFO:Total games: 11020
2024-06-14 20:47:05,816 INFO:Total games: 11030
2024-06-14 20:47:52,242 INFO:Total games: 11040
2024-06-14 20:48:48,357 INFO:Total games: 11050
2024-06-14 20:50:05,923 INFO:Total games: 11060
2024-06-14 20:50:54,970 INFO:Total games: 11070
2024-06-14 20:51:58,295 INFO:Total games: 11080
2024-06-14 20:53:06,024 INFO:Total games: 11090
2024-06-14 20:54:05,070 INFO:Total games: 11100
2024-06-14 20:55:05,848 INFO:Total games: 11110
2024-06-14 20:56:07,510 INFO:Total games: 11120
2024-06-14 20:57:15,105 INFO:Total games: 11130
2024-06-14 20:58:20,263 INFO:Total games: 11140
2024-06-14 20:59:28,018 INFO:Total games: 11150
2024-06-14 21:00:33,428 INFO:Total games: 11160
2024-06-14 21:01:38,174 INFO:Total games: 11170
2024-06-14 21:02:47,717 INFO:Total games: 11180
2024-06-14 21:03:46,323 INFO:Total games: 11190
2024-06-14 21:04:48,430 INFO:Total games: 11200
2024-06-14 21:05:54,275 INFO:Total games: 11210
2024-06-14 21:07:12,373 INFO:Total games: 11220
2024-06-14 21:08:15,863 INFO:Total games: 11230
2024-06-14 21:09:32,949 INFO:Total games: 11240
2024-06-14 21:10:59,205 INFO:Total games: 11250
2024-06-14 21:12:05,483 INFO:Total games: 11260
2024-06-14 21:13:11,101 INFO:Total games: 11270
2024-06-14 21:14:32,097 INFO:Total games: 11280
2024-06-14 21:15:36,415 INFO:Total games: 11290
2024-06-14 21:22:56,752 INFO:Total games: 11300
2024-06-14 21:23:06,975 INFO:Loaded new best model
2024-06-14 21:24:09,909 INFO:Total games: 11310
2024-06-14 21:25:16,977 INFO:Total games: 11320
2024-06-14 21:26:28,307 INFO:Total games: 11330
2024-06-14 21:27:31,930 INFO:Total games: 11340
2024-06-14 21:28:39,732 INFO:Total games: 11350
2024-06-14 21:29:44,905 INFO:Total games: 11360
2024-06-14 21:30:51,316 INFO:Total games: 11370
2024-06-14 21:32:03,216 INFO:Total games: 11380
2024-06-14 21:33:11,568 INFO:Total games: 11390
2024-06-14 21:34:17,026 INFO:Total games: 11400
2024-06-14 21:35:24,518 INFO:Total games: 11410
2024-06-14 21:36:30,965 INFO:Total games: 11420
2024-06-14 21:37:48,951 INFO:Total games: 11430
2024-06-14 21:38:56,680 INFO:Total games: 11440
2024-06-14 21:40:04,345 INFO:Total games: 11450
2024-06-14 21:41:12,890 INFO:Total games: 11460
2024-06-14 21:42:17,012 INFO:Total games: 11470
2024-06-14 21:43:15,771 INFO:Total games: 11480
2024-06-14 21:44:15,772 INFO:Total games: 11490
2024-06-14 21:45:20,087 INFO:Total games: 11500
2024-06-14 21:46:24,086 INFO:Total games: 11510
2024-06-14 21:47:27,835 INFO:Total games: 11520
2024-06-14 21:48:28,849 INFO:Total games: 11530
2024-06-14 21:49:21,551 INFO:Total games: 11540
2024-06-14 21:50:52,931 INFO:Total games: 11550
2024-06-14 21:51:56,281 INFO:Total games: 11560
2024-06-14 21:53:03,641 INFO:Total games: 11570
2024-06-14 21:54:07,879 INFO:Total games: 11580
2024-06-14 21:55:19,724 INFO:Total games: 11590
2024-06-14 21:56:19,605 INFO:Total games: 11600
2024-06-14 21:57:17,299 INFO:Total games: 11610
2024-06-14 21:58:23,281 INFO:Total games: 11620
2024-06-14 21:59:33,300 INFO:Total games: 11630
2024-06-14 22:00:24,721 INFO:Total games: 11640
2024-06-14 22:01:29,132 INFO:Total games: 11650
2024-06-14 22:02:42,729 INFO:Total games: 11660
2024-06-14 22:03:50,868 INFO:Total games: 11670
2024-06-14 22:05:11,051 INFO:Total games: 11680
2024-06-14 22:06:33,986 INFO:Total games: 11690
2024-06-14 22:07:43,757 INFO:Total games: 11700
2024-06-14 22:08:48,180 INFO:Total games: 11710
2024-06-14 22:09:59,827 INFO:Total games: 11720
2024-06-14 22:11:15,754 INFO:Total games: 11730
2024-06-14 22:12:18,000 INFO:Total games: 11740
2024-06-14 22:13:35,602 INFO:Total games: 11750
2024-06-14 22:14:37,847 INFO:Total games: 11760
2024-06-14 22:15:42,640 INFO:Total games: 11770
2024-06-14 22:16:31,332 INFO:Total games: 11780
2024-06-14 22:17:37,819 INFO:Total games: 11790
2024-06-14 22:18:51,360 INFO:Total games: 11800
2024-06-14 22:19:57,685 INFO:Total games: 11810
2024-06-14 22:20:59,689 INFO:Total games: 11820
2024-06-14 22:22:10,663 INFO:Total games: 11830
2024-06-14 22:23:25,304 INFO:Total games: 11840
2024-06-14 22:24:36,652 INFO:Total games: 11850
2024-06-14 22:25:41,465 INFO:Total games: 11860
2024-06-14 22:26:44,344 INFO:Total games: 11870
2024-06-14 22:27:48,681 INFO:Total games: 11880
2024-06-14 22:28:49,124 INFO:Total games: 11890
2024-06-14 22:30:06,375 INFO:Total games: 11900
2024-06-14 22:31:03,849 INFO:Total games: 11910
2024-06-14 22:31:55,297 INFO:Total games: 11920
2024-06-14 22:32:59,429 INFO:Total games: 11930
2024-06-14 22:34:18,707 INFO:Total games: 11940
2024-06-14 22:35:21,169 INFO:Total games: 11950
2024-06-14 22:36:25,317 INFO:Total games: 11960
2024-06-14 22:37:40,556 INFO:Total games: 11970
2024-06-14 22:38:37,739 INFO:Total games: 11980
2024-06-14 22:39:32,704 INFO:Total games: 11990
2024-06-14 22:40:44,637 INFO:Total games: 12000
2024-06-14 22:42:04,904 INFO:Total games: 12010
2024-06-14 22:42:57,124 INFO:Total games: 12020
2024-06-14 22:44:12,576 INFO:Total games: 12030
2024-06-14 22:45:23,358 INFO:Total games: 12040
2024-06-14 22:46:39,432 INFO:Total games: 12050
2024-06-14 22:53:11,341 INFO:Total games: 12060
2024-06-14 22:54:19,549 INFO:Total games: 12070
2024-06-14 22:54:51,768 INFO:Loaded new best model
2024-06-14 22:55:32,698 INFO:Total games: 12080
2024-06-14 22:56:49,353 INFO:Total games: 12090
2024-06-14 22:57:48,761 INFO:Total games: 12100
2024-06-14 22:59:00,762 INFO:Total games: 12110
2024-06-14 23:00:16,138 INFO:Total games: 12120
2024-06-14 23:01:20,672 INFO:Total games: 12130
2024-06-14 23:02:26,233 INFO:Total games: 12140
2024-06-14 23:03:33,604 INFO:Total games: 12150
2024-06-14 23:04:44,127 INFO:Total games: 12160
2024-06-14 23:05:51,217 INFO:Total games: 12170
2024-06-14 23:06:54,300 INFO:Total games: 12180
2024-06-14 23:08:00,087 INFO:Total games: 12190
2024-06-14 23:09:11,893 INFO:Total games: 12200
2024-06-14 23:10:17,136 INFO:Total games: 12210
2024-06-14 23:11:20,781 INFO:Total games: 12220
2024-06-14 23:12:18,920 INFO:Total games: 12230
2024-06-14 23:13:30,070 INFO:Total games: 12240
2024-06-14 23:14:28,769 INFO:Total games: 12250
2024-06-14 23:15:42,958 INFO:Total games: 12260
2024-06-14 23:16:41,407 INFO:Total games: 12270
2024-06-14 23:18:01,084 INFO:Total games: 12280
2024-06-14 23:19:08,611 INFO:Total games: 12290
2024-06-14 23:19:55,159 INFO:Total games: 12300
2024-06-14 23:20:52,738 INFO:Total games: 12310
2024-06-14 23:21:59,503 INFO:Total games: 12320
2024-06-14 23:23:06,389 INFO:Total games: 12330
2024-06-14 23:24:29,305 INFO:Total games: 12340
2024-06-14 23:25:35,851 INFO:Total games: 12350
2024-06-14 23:26:25,261 INFO:Total games: 12360
2024-06-14 23:27:33,201 INFO:Total games: 12370
2024-06-14 23:28:47,253 INFO:Total games: 12380
2024-06-14 23:30:06,647 INFO:Total games: 12390
2024-06-14 23:31:16,550 INFO:Total games: 12400
2024-06-14 23:32:24,716 INFO:Total games: 12410
2024-06-14 23:33:37,205 INFO:Total games: 12420
2024-06-14 23:34:38,898 INFO:Total games: 12430
2024-06-14 23:36:13,859 INFO:Total games: 12440
2024-06-14 23:36:36,383 INFO:Ending
2024-06-14 23:36:36,383 INFO:Duration: 1 days, 1 hours, 6 minutes, 53 seconds
2024-06-14 23:43:25,519 INFO:Starting
2024-06-14 23:45:01,872 INFO:Total games: 10
2024-06-14 23:46:28,404 INFO:Total games: 20
2024-06-14 23:46:36,365 INFO:Ending
2024-06-14 23:46:36,365 INFO:Duration: 0 days, 0 hours, 3 minutes, 11 seconds
2024-06-14 23:47:38,223 INFO:Starting
2024-06-14 23:48:45,484 INFO:Total games: 10
2024-06-14 23:49:59,576 INFO:Total games: 20
2024-06-14 23:51:00,875 INFO:Total games: 30
2024-06-14 23:51:57,885 INFO:Total games: 40
2024-06-14 23:53:03,777 INFO:Total games: 50
2024-06-14 23:54:19,026 INFO:Total games: 60
2024-06-14 23:55:22,578 INFO:Total games: 70
2024-06-15 00:03:27,731 INFO:Total games: 80
2024-06-15 00:04:37,831 INFO:Total games: 90
2024-06-15 00:05:38,148 INFO:Total games: 100
2024-06-15 00:06:48,459 INFO:Total games: 110
2024-06-15 00:07:42,295 INFO:Total games: 120
2024-06-15 00:09:02,747 INFO:Total games: 130
2024-06-15 00:10:18,770 INFO:Total games: 140
2024-06-15 00:11:29,103 INFO:Total games: 150
2024-06-15 00:12:31,649 INFO:Total games: 160
2024-06-15 00:13:39,444 INFO:Total games: 170
2024-06-15 00:14:48,578 INFO:Total games: 180
2024-06-15 00:15:44,123 INFO:Total games: 190
2024-06-15 00:16:43,008 INFO:Total games: 200
2024-06-15 00:17:37,306 INFO:Total games: 210
2024-06-15 00:18:47,969 INFO:Total games: 220
2024-06-15 00:19:56,154 INFO:Total games: 230
2024-06-15 00:21:07,611 INFO:Total games: 240
2024-06-15 00:22:18,605 INFO:Total games: 250
2024-06-15 00:23:29,860 INFO:Total games: 260
2024-06-15 00:24:39,619 INFO:Total games: 270
2024-06-15 00:26:05,286 INFO:Total games: 280
2024-06-15 00:27:24,293 INFO:Total games: 290
2024-06-15 00:28:29,036 INFO:Total games: 300
2024-06-15 00:29:35,981 INFO:Total games: 310
2024-06-15 00:30:49,378 INFO:Total games: 320
2024-06-15 00:32:03,195 INFO:Total games: 330
2024-06-15 00:33:03,622 INFO:Total games: 340
2024-06-15 00:34:16,664 INFO:Total games: 350
2024-06-15 00:35:45,559 INFO:Total games: 360
2024-06-15 00:37:04,350 INFO:Total games: 370
2024-06-15 00:38:22,709 INFO:Total games: 380
2024-06-15 00:39:59,177 INFO:Total games: 390
2024-06-15 00:41:15,786 INFO:Total games: 400
2024-06-15 00:42:49,930 INFO:Total games: 410
2024-06-15 00:48:41,338 INFO:Loaded new best model
2024-06-15 00:49:39,559 INFO:Total games: 420
2024-06-15 00:50:38,341 INFO:Total games: 430
2024-06-15 00:51:27,633 INFO:Total games: 440
2024-06-15 00:52:22,603 INFO:Total games: 450
2024-06-15 00:53:32,196 INFO:Total games: 460
2024-06-15 00:54:37,174 INFO:Total games: 470
2024-06-15 00:55:42,689 INFO:Total games: 480
2024-06-15 00:56:34,434 INFO:Total games: 490
2024-06-15 00:57:50,013 INFO:Total games: 500
2024-06-15 00:58:56,753 INFO:Total games: 510
2024-06-15 00:59:57,238 INFO:Total games: 520
2024-06-15 01:01:04,763 INFO:Total games: 530
2024-06-15 01:02:20,786 INFO:Total games: 540
2024-06-15 01:03:19,306 INFO:Total games: 550
2024-06-15 01:04:23,884 INFO:Total games: 560
2024-06-15 01:05:30,078 INFO:Total games: 570
2024-06-15 01:06:44,215 INFO:Total games: 580
2024-06-15 01:07:56,909 INFO:Total games: 590
2024-06-15 01:09:01,524 INFO:Total games: 600
2024-06-15 01:10:01,054 INFO:Total games: 610
2024-06-15 01:11:11,483 INFO:Total games: 620
2024-06-15 01:12:05,120 INFO:Total games: 630
2024-06-15 01:13:11,258 INFO:Total games: 640
2024-06-15 01:14:24,501 INFO:Total games: 650
2024-06-15 01:15:35,591 INFO:Total games: 660
2024-06-15 01:16:51,965 INFO:Total games: 670
2024-06-15 01:17:55,564 INFO:Total games: 680
2024-06-15 01:19:04,458 INFO:Total games: 690
2024-06-15 01:20:14,394 INFO:Total games: 700
2024-06-15 01:21:26,300 INFO:Total games: 710
2024-06-15 01:22:27,934 INFO:Total games: 720
2024-06-15 01:23:26,659 INFO:Total games: 730
2024-06-15 01:24:37,629 INFO:Total games: 740
2024-06-15 01:25:39,474 INFO:Total games: 750
2024-06-15 01:26:42,910 INFO:Total games: 760
2024-06-15 01:27:48,200 INFO:Total games: 770
2024-06-15 01:28:47,890 INFO:Total games: 780
2024-06-15 01:29:55,132 INFO:Total games: 790
2024-06-15 01:30:51,446 INFO:Total games: 800
2024-06-15 01:32:09,256 INFO:Total games: 810
2024-06-15 01:33:21,142 INFO:Total games: 820
2024-06-15 01:34:31,614 INFO:Total games: 830
2024-06-15 01:35:30,665 INFO:Total games: 840
2024-06-15 01:36:45,975 INFO:Total games: 850
2024-06-15 01:37:53,499 INFO:Total games: 860
2024-06-15 01:39:08,141 INFO:Total games: 870
2024-06-15 01:40:21,715 INFO:Total games: 880
2024-06-15 01:41:17,254 INFO:Total games: 890
2024-06-15 01:42:26,824 INFO:Total games: 900
2024-06-15 01:43:36,786 INFO:Total games: 910
2024-06-15 01:44:50,270 INFO:Total games: 920
2024-06-15 01:45:48,146 INFO:Total games: 930
2024-06-15 01:47:12,610 INFO:Total games: 940
2024-06-15 01:48:12,892 INFO:Total games: 950
2024-06-15 01:49:45,876 INFO:Total games: 960
2024-06-15 01:50:53,829 INFO:Total games: 970
2024-06-15 01:52:07,132 INFO:Total games: 980
2024-06-15 01:53:13,036 INFO:Total games: 990
2024-06-15 01:54:10,847 INFO:Total games: 1000
2024-06-15 01:55:04,858 INFO:Total games: 1010
2024-06-15 01:56:14,355 INFO:Total games: 1020
2024-06-15 01:57:35,694 INFO:Total games: 1030
2024-06-15 01:58:45,816 INFO:Total games: 1040
2024-06-15 01:59:45,054 INFO:Total games: 1050
2024-06-15 02:00:48,122 INFO:Total games: 1060
2024-06-15 02:01:44,551 INFO:Total games: 1070
2024-06-15 02:02:49,675 INFO:Total games: 1080
2024-06-15 02:03:50,984 INFO:Total games: 1090
2024-06-15 02:05:07,786 INFO:Total games: 1100
2024-06-15 02:06:51,562 INFO:Total games: 1110
2024-06-15 02:08:15,899 INFO:Total games: 1120
2024-06-15 02:09:18,883 INFO:Total games: 1130
2024-06-15 02:10:42,092 INFO:Total games: 1140
2024-06-15 02:12:14,870 INFO:Total games: 1150
2024-06-15 02:13:25,928 INFO:Total games: 1160
2024-06-15 02:20:50,562 INFO:Total games: 1170
2024-06-15 02:22:06,435 INFO:Total games: 1180
2024-06-15 02:23:00,350 INFO:Total games: 1190
2024-06-15 02:23:58,296 INFO:Total games: 1200
2024-06-15 02:25:05,502 INFO:Total games: 1210
2024-06-15 02:26:05,441 INFO:Total games: 1220
2024-06-15 02:27:09,827 INFO:Total games: 1230
2024-06-15 02:28:10,664 INFO:Total games: 1240
2024-06-15 02:29:24,894 INFO:Total games: 1250
2024-06-15 02:30:23,953 INFO:Total games: 1260
2024-06-15 02:31:26,384 INFO:Total games: 1270
2024-06-15 02:32:30,335 INFO:Total games: 1280
2024-06-15 02:33:46,471 INFO:Total games: 1290
2024-06-15 02:34:52,915 INFO:Total games: 1300
2024-06-15 02:35:58,308 INFO:Total games: 1310
2024-06-15 02:37:07,130 INFO:Total games: 1320
2024-06-15 02:38:08,508 INFO:Total games: 1330
2024-06-15 02:39:14,165 INFO:Total games: 1340
2024-06-15 02:40:20,358 INFO:Total games: 1350
2024-06-15 02:41:17,498 INFO:Total games: 1360
2024-06-15 02:42:32,124 INFO:Total games: 1370
2024-06-15 02:43:28,402 INFO:Total games: 1380
2024-06-15 02:44:44,171 INFO:Total games: 1390
2024-06-15 02:46:00,984 INFO:Total games: 1400
2024-06-15 02:47:21,241 INFO:Total games: 1410
2024-06-15 02:48:20,118 INFO:Total games: 1420
2024-06-15 02:49:18,020 INFO:Total games: 1430
2024-06-15 02:50:34,024 INFO:Total games: 1440
2024-06-15 02:51:36,360 INFO:Total games: 1450
2024-06-15 02:52:51,756 INFO:Total games: 1460
2024-06-15 02:53:56,807 INFO:Total games: 1470
2024-06-15 02:55:13,310 INFO:Total games: 1480
2024-06-15 02:56:08,131 INFO:Total games: 1490
2024-06-15 02:57:16,676 INFO:Total games: 1500
2024-06-15 02:58:29,263 INFO:Total games: 1510
2024-06-15 02:59:50,345 INFO:Total games: 1520
2024-06-15 03:00:59,113 INFO:Total games: 1530
2024-06-15 03:02:28,557 INFO:Total games: 1540
2024-06-15 03:03:55,648 INFO:Total games: 1550
2024-06-15 03:05:12,471 INFO:Total games: 1560
2024-06-15 03:06:39,997 INFO:Total games: 1570
2024-06-15 03:07:44,282 INFO:Total games: 1580
2024-06-15 03:08:56,228 INFO:Total games: 1590
2024-06-15 03:10:00,616 INFO:Total games: 1600
2024-06-15 03:11:05,557 INFO:Total games: 1610
2024-06-15 03:12:22,486 INFO:Total games: 1620
2024-06-15 03:13:38,096 INFO:Total games: 1630
2024-06-15 03:14:50,931 INFO:Total games: 1640
2024-06-15 03:16:15,786 INFO:Total games: 1650
2024-06-15 03:17:33,205 INFO:Total games: 1660
2024-06-15 03:18:47,817 INFO:Total games: 1670
2024-06-15 03:20:01,449 INFO:Total games: 1680
2024-06-15 03:21:02,919 INFO:Total games: 1690
2024-06-15 03:22:07,960 INFO:Total games: 1700
2024-06-15 03:23:27,956 INFO:Total games: 1710
2024-06-15 03:24:42,586 INFO:Total games: 1720
2024-06-15 03:26:05,862 INFO:Total games: 1730
2024-06-15 03:27:21,944 INFO:Total games: 1740
2024-06-15 03:28:18,063 INFO:Total games: 1750
2024-06-15 03:29:23,538 INFO:Total games: 1760
2024-06-15 03:30:44,654 INFO:Total games: 1770
2024-06-15 03:31:50,287 INFO:Total games: 1780
2024-06-15 03:33:19,804 INFO:Total games: 1790
2024-06-15 03:34:28,893 INFO:Total games: 1800
2024-06-15 03:35:29,900 INFO:Total games: 1810
2024-06-15 03:36:52,134 INFO:Total games: 1820
2024-06-15 03:38:12,503 INFO:Total games: 1830
2024-06-15 03:39:35,677 INFO:Total games: 1840
2024-06-15 03:41:17,976 INFO:Total games: 1850
2024-06-15 03:42:42,312 INFO:Total games: 1860
2024-06-15 03:44:01,295 INFO:Total games: 1870
2024-06-15 03:45:17,687 INFO:Total games: 1880
2024-06-15 03:52:22,385 INFO:Total games: 1890
2024-06-15 03:53:25,803 INFO:Total games: 1900
2024-06-15 03:54:45,021 INFO:Total games: 1910
2024-06-15 03:55:45,326 INFO:Total games: 1920
2024-06-15 03:56:51,406 INFO:Total games: 1930
2024-06-15 03:58:02,286 INFO:Total games: 1940
2024-06-15 03:58:56,984 INFO:Total games: 1950
2024-06-15 04:00:15,946 INFO:Total games: 1960
2024-06-15 04:01:08,368 INFO:Total games: 1970
2024-06-15 04:02:21,874 INFO:Total games: 1980
2024-06-15 04:03:29,774 INFO:Total games: 1990
2024-06-15 04:04:37,913 INFO:Total games: 2000
2024-06-15 04:05:47,515 INFO:Total games: 2010
2024-06-15 04:06:59,799 INFO:Total games: 2020
2024-06-15 04:08:20,726 INFO:Total games: 2030
2024-06-15 04:09:08,927 INFO:Total games: 2040
2024-06-15 04:10:31,629 INFO:Total games: 2050
2024-06-15 04:11:26,631 INFO:Total games: 2060
2024-06-15 04:12:22,533 INFO:Total games: 2070
2024-06-15 04:13:19,949 INFO:Total games: 2080
2024-06-15 04:14:28,649 INFO:Total games: 2090
2024-06-15 04:15:26,199 INFO:Total games: 2100
2024-06-15 04:16:45,425 INFO:Total games: 2110
2024-06-15 04:17:57,648 INFO:Total games: 2120
2024-06-15 04:19:02,572 INFO:Total games: 2130
2024-06-15 04:20:10,281 INFO:Total games: 2140
2024-06-15 04:21:18,742 INFO:Total games: 2150
2024-06-15 04:22:14,740 INFO:Total games: 2160
2024-06-15 04:23:25,499 INFO:Total games: 2170
2024-06-15 04:24:29,721 INFO:Total games: 2180
2024-06-15 04:25:49,167 INFO:Total games: 2190
2024-06-15 04:26:50,179 INFO:Total games: 2200
2024-06-15 04:27:58,513 INFO:Total games: 2210
2024-06-15 04:28:55,837 INFO:Total games: 2220
2024-06-15 04:30:13,298 INFO:Total games: 2230
2024-06-15 04:31:12,346 INFO:Total games: 2240
2024-06-15 04:32:19,046 INFO:Total games: 2250
2024-06-15 04:33:37,214 INFO:Total games: 2260
2024-06-15 04:34:52,139 INFO:Total games: 2270
2024-06-15 04:35:57,176 INFO:Total games: 2280
2024-06-15 04:36:58,031 INFO:Total games: 2290
2024-06-15 04:38:15,027 INFO:Total games: 2300
2024-06-15 04:39:31,646 INFO:Total games: 2310
2024-06-15 04:40:51,339 INFO:Total games: 2320
2024-06-15 04:42:00,118 INFO:Total games: 2330
2024-06-15 04:43:21,019 INFO:Total games: 2340
2024-06-15 04:44:30,990 INFO:Total games: 2350
2024-06-15 04:45:45,251 INFO:Total games: 2360
2024-06-15 04:46:48,067 INFO:Total games: 2370
2024-06-15 04:48:02,930 INFO:Total games: 2380
2024-06-15 04:49:02,308 INFO:Total games: 2390
2024-06-15 04:50:02,290 INFO:Total games: 2400
2024-06-15 04:51:26,326 INFO:Total games: 2410
2024-06-15 04:52:27,750 INFO:Total games: 2420
2024-06-15 04:53:41,764 INFO:Total games: 2430
2024-06-15 04:54:52,031 INFO:Total games: 2440
2024-06-15 04:55:59,679 INFO:Total games: 2450
2024-06-15 04:56:51,470 INFO:Total games: 2460
2024-06-15 04:58:02,243 INFO:Total games: 2470
2024-06-15 04:59:14,554 INFO:Total games: 2480
2024-06-15 05:00:29,064 INFO:Total games: 2490
2024-06-15 05:01:45,031 INFO:Total games: 2500
2024-06-15 05:02:40,965 INFO:Total games: 2510
2024-06-15 05:03:48,933 INFO:Total games: 2520
2024-06-15 05:05:06,983 INFO:Total games: 2530
2024-06-15 05:06:25,723 INFO:Total games: 2540
2024-06-15 05:07:27,451 INFO:Total games: 2550
2024-06-15 05:08:41,683 INFO:Total games: 2560
2024-06-15 05:09:43,525 INFO:Total games: 2570
2024-06-15 05:11:26,328 INFO:Total games: 2580
2024-06-15 05:13:04,731 INFO:Total games: 2590
2024-06-15 05:14:33,873 INFO:Total games: 2600
2024-06-15 05:16:01,622 INFO:Total games: 2610
2024-06-15 05:24:26,521 INFO:Total games: 2620
2024-06-15 05:25:28,451 INFO:Total games: 2630
2024-06-15 05:26:24,895 INFO:Total games: 2640
2024-06-15 05:27:37,148 INFO:Total games: 2650
2024-06-15 05:28:53,407 INFO:Total games: 2660
2024-06-15 05:29:53,102 INFO:Total games: 2670
2024-06-15 05:31:10,351 INFO:Total games: 2680
2024-06-15 05:32:00,315 INFO:Total games: 2690
2024-06-15 05:33:06,818 INFO:Total games: 2700
2024-06-15 05:34:20,170 INFO:Total games: 2710
2024-06-15 05:35:31,024 INFO:Total games: 2720
2024-06-15 05:36:39,512 INFO:Total games: 2730
2024-06-15 05:37:36,863 INFO:Total games: 2740
2024-06-15 05:38:35,904 INFO:Total games: 2750
2024-06-15 05:39:45,213 INFO:Total games: 2760
2024-06-15 05:41:00,195 INFO:Total games: 2770
2024-06-15 05:42:11,441 INFO:Total games: 2780
2024-06-15 05:43:19,104 INFO:Total games: 2790
2024-06-15 05:44:24,280 INFO:Total games: 2800
2024-06-15 05:45:37,877 INFO:Total games: 2810
2024-06-15 05:46:55,505 INFO:Total games: 2820
2024-06-15 05:48:08,902 INFO:Total games: 2830
2024-06-15 05:49:28,078 INFO:Total games: 2840
2024-06-15 05:50:27,515 INFO:Total games: 2850
2024-06-15 05:51:29,283 INFO:Total games: 2860
2024-06-15 05:52:33,253 INFO:Total games: 2870
2024-06-15 05:53:49,591 INFO:Total games: 2880
2024-06-15 05:54:53,569 INFO:Total games: 2890
2024-06-15 05:55:55,986 INFO:Total games: 2900
2024-06-15 05:57:10,654 INFO:Total games: 2910
2024-06-15 05:58:25,360 INFO:Total games: 2920
2024-06-15 05:59:47,125 INFO:Total games: 2930
2024-06-15 06:00:53,770 INFO:Total games: 2940
2024-06-15 06:02:18,422 INFO:Total games: 2950
2024-06-15 06:03:14,825 INFO:Total games: 2960
2024-06-15 06:04:24,111 INFO:Total games: 2970
2024-06-15 06:05:39,647 INFO:Total games: 2980
2024-06-15 06:06:56,196 INFO:Total games: 2990
2024-06-15 06:08:12,780 INFO:Total games: 3000
2024-06-15 06:09:17,732 INFO:Total games: 3010
2024-06-15 06:10:46,548 INFO:Total games: 3020
2024-06-15 06:12:06,512 INFO:Total games: 3030
2024-06-15 06:13:13,738 INFO:Total games: 3040
2024-06-15 06:14:16,406 INFO:Total games: 3050
2024-06-15 06:15:35,210 INFO:Total games: 3060
2024-06-15 06:16:59,284 INFO:Total games: 3070
2024-06-15 06:18:28,772 INFO:Total games: 3080
2024-06-15 06:19:46,540 INFO:Total games: 3090
2024-06-15 06:21:08,899 INFO:Total games: 3100
2024-06-15 06:22:13,260 INFO:Total games: 3110
2024-06-15 06:23:16,714 INFO:Total games: 3120
2024-06-15 06:24:27,430 INFO:Total games: 3130
2024-06-15 06:25:36,565 INFO:Total games: 3140
2024-06-15 06:26:41,771 INFO:Total games: 3150
2024-06-15 06:27:40,732 INFO:Total games: 3160
2024-06-15 06:28:50,933 INFO:Total games: 3170
2024-06-15 06:29:59,872 INFO:Total games: 3180
2024-06-15 06:31:01,080 INFO:Total games: 3190
2024-06-15 06:32:04,768 INFO:Total games: 3200
2024-06-15 06:33:11,820 INFO:Total games: 3210
2024-06-15 06:34:20,992 INFO:Total games: 3220
2024-06-15 06:35:23,999 INFO:Total games: 3230
2024-06-15 06:36:50,178 INFO:Total games: 3240
2024-06-15 06:38:07,199 INFO:Total games: 3250
2024-06-15 06:39:21,157 INFO:Total games: 3260
2024-06-15 06:40:28,861 INFO:Total games: 3270
2024-06-15 06:41:28,915 INFO:Total games: 3280
2024-06-15 06:42:50,504 INFO:Total games: 3290
2024-06-15 06:44:31,124 INFO:Total games: 3300
2024-06-15 06:46:08,257 INFO:Total games: 3310
2024-06-15 06:47:20,693 INFO:Total games: 3320
2024-06-15 06:48:38,886 INFO:Total games: 3330
2024-06-15 06:49:41,100 INFO:Total games: 3340
2024-06-15 06:57:30,166 INFO:Total games: 3350
2024-06-15 06:58:31,242 INFO:Total games: 3360
2024-06-15 06:59:30,786 INFO:Total games: 3370
2024-06-15 07:00:28,860 INFO:Total games: 3380
2024-06-15 07:01:42,428 INFO:Total games: 3390
2024-06-15 07:02:41,045 INFO:Total games: 3400
2024-06-15 07:03:39,105 INFO:Total games: 3410
2024-06-15 07:04:55,288 INFO:Total games: 3420
2024-06-15 07:06:09,563 INFO:Total games: 3430
2024-06-15 07:07:32,818 INFO:Total games: 3440
2024-06-15 07:08:49,578 INFO:Total games: 3450
2024-06-15 07:09:56,503 INFO:Total games: 3460
2024-06-15 07:10:55,337 INFO:Total games: 3470
2024-06-15 07:12:00,047 INFO:Total games: 3480
2024-06-15 07:13:16,835 INFO:Total games: 3490
2024-06-15 07:14:23,502 INFO:Total games: 3500
2024-06-15 07:15:38,658 INFO:Total games: 3510
2024-06-15 07:16:58,816 INFO:Total games: 3520
2024-06-15 07:18:07,557 INFO:Total games: 3530
2024-06-15 07:19:15,561 INFO:Total games: 3540
2024-06-15 07:20:21,115 INFO:Total games: 3550
2024-06-15 07:21:30,411 INFO:Total games: 3560
2024-06-15 07:22:41,052 INFO:Total games: 3570
2024-06-15 07:23:49,788 INFO:Total games: 3580
2024-06-15 07:25:07,837 INFO:Total games: 3590
2024-06-15 07:26:13,552 INFO:Total games: 3600
2024-06-15 07:27:23,564 INFO:Total games: 3610
2024-06-15 07:28:26,059 INFO:Total games: 3620
2024-06-15 07:29:25,013 INFO:Total games: 3630
2024-06-15 07:30:37,384 INFO:Total games: 3640
2024-06-15 07:31:42,048 INFO:Total games: 3650
2024-06-15 07:32:50,696 INFO:Total games: 3660
2024-06-15 07:33:57,672 INFO:Total games: 3670
2024-06-15 07:35:03,659 INFO:Total games: 3680
2024-06-15 07:35:58,661 INFO:Total games: 3690
2024-06-15 07:37:09,012 INFO:Total games: 3700
2024-06-15 07:38:23,370 INFO:Total games: 3710
2024-06-15 07:39:39,548 INFO:Total games: 3720
2024-06-15 07:41:00,282 INFO:Total games: 3730
2024-06-15 07:42:07,457 INFO:Total games: 3740
2024-06-15 07:43:14,500 INFO:Total games: 3750
2024-06-15 07:44:14,632 INFO:Total games: 3760
2024-06-15 07:45:31,436 INFO:Total games: 3770
2024-06-15 07:46:38,753 INFO:Total games: 3780
2024-06-15 07:47:36,462 INFO:Total games: 3790
2024-06-15 07:48:28,572 INFO:Total games: 3800
2024-06-15 07:49:44,592 INFO:Total games: 3810
2024-06-15 07:50:58,893 INFO:Total games: 3820
2024-06-15 07:51:55,625 INFO:Total games: 3830
2024-06-15 07:53:09,981 INFO:Total games: 3840
2024-06-15 07:54:23,299 INFO:Total games: 3850
2024-06-15 07:55:29,732 INFO:Total games: 3860
2024-06-15 07:56:55,466 INFO:Total games: 3870
2024-06-15 07:58:06,924 INFO:Total games: 3880
2024-06-15 07:59:19,790 INFO:Total games: 3890
2024-06-15 08:00:31,281 INFO:Total games: 3900
2024-06-15 08:01:48,758 INFO:Total games: 3910
2024-06-15 08:02:53,537 INFO:Total games: 3920
2024-06-15 08:03:50,539 INFO:Total games: 3930
2024-06-15 08:04:54,790 INFO:Total games: 3940
2024-06-15 08:06:19,815 INFO:Total games: 3950
2024-06-15 08:07:26,970 INFO:Total games: 3960
2024-06-15 08:08:49,521 INFO:Total games: 3970
2024-06-15 08:09:54,293 INFO:Total games: 3980
2024-06-15 08:11:10,637 INFO:Total games: 3990
2024-06-15 08:12:45,854 INFO:Total games: 4000
2024-06-15 08:14:11,757 INFO:Total games: 4010
2024-06-15 08:15:32,832 INFO:Total games: 4020
2024-06-15 08:16:45,009 INFO:Total games: 4030
2024-06-15 08:18:29,247 INFO:Total games: 4040
2024-06-15 08:26:08,479 INFO:Loaded new best model
2024-06-15 08:27:04,502 INFO:Total games: 4050
2024-06-15 08:27:59,818 INFO:Total games: 4060
2024-06-15 08:28:58,393 INFO:Total games: 4070
2024-06-15 08:30:03,136 INFO:Total games: 4080
2024-06-15 08:31:04,707 INFO:Total games: 4090
2024-06-15 08:32:12,086 INFO:Total games: 4100
2024-06-15 08:33:13,265 INFO:Total games: 4110
2024-06-15 08:34:01,666 INFO:Total games: 4120
2024-06-15 08:35:05,958 INFO:Total games: 4130
2024-06-15 08:36:05,573 INFO:Total games: 4140
2024-06-15 08:36:58,119 INFO:Total games: 4150
2024-06-15 08:37:39,310 INFO:Total games: 4160
2024-06-15 08:38:41,278 INFO:Total games: 4170
2024-06-15 08:39:55,683 INFO:Total games: 4180
2024-06-15 08:41:28,758 INFO:Total games: 4190
2024-06-15 08:42:42,417 INFO:Total games: 4200
2024-06-15 08:43:48,935 INFO:Total games: 4210
2024-06-15 08:45:06,570 INFO:Total games: 4220
2024-06-15 08:46:05,872 INFO:Total games: 4230
2024-06-15 08:47:20,609 INFO:Total games: 4240
2024-06-15 08:48:26,180 INFO:Total games: 4250
2024-06-15 08:49:31,363 INFO:Total games: 4260
2024-06-15 08:50:48,090 INFO:Total games: 4270
2024-06-15 08:51:53,276 INFO:Total games: 4280
2024-06-15 08:52:53,993 INFO:Total games: 4290
2024-06-15 08:54:15,353 INFO:Total games: 4300
2024-06-15 08:55:15,418 INFO:Total games: 4310
2024-06-15 08:56:13,268 INFO:Total games: 4320
2024-06-15 08:57:29,714 INFO:Total games: 4330
2024-06-15 08:58:30,371 INFO:Total games: 4340
2024-06-15 08:59:43,844 INFO:Total games: 4350
2024-06-15 09:00:53,877 INFO:Total games: 4360
2024-06-15 09:02:12,477 INFO:Total games: 4370
2024-06-15 09:03:24,835 INFO:Total games: 4380
2024-06-15 09:04:33,315 INFO:Total games: 4390
2024-06-15 09:05:49,270 INFO:Total games: 4400
2024-06-15 09:06:59,687 INFO:Total games: 4410
2024-06-15 09:08:22,234 INFO:Total games: 4420
2024-06-15 09:09:38,081 INFO:Total games: 4430
2024-06-15 09:10:42,560 INFO:Total games: 4440
2024-06-15 09:11:42,039 INFO:Total games: 4450
2024-06-15 09:12:57,793 INFO:Total games: 4460
2024-06-15 09:13:54,986 INFO:Total games: 4470
2024-06-15 09:15:17,207 INFO:Total games: 4480
2024-06-15 09:16:32,147 INFO:Total games: 4490
2024-06-15 09:17:17,860 INFO:Total games: 4500
2024-06-15 09:18:23,424 INFO:Total games: 4510
2024-06-15 09:19:43,556 INFO:Total games: 4520
2024-06-15 09:20:48,196 INFO:Total games: 4530
2024-06-15 09:21:44,647 INFO:Total games: 4540
2024-06-15 09:22:58,350 INFO:Total games: 4550
2024-06-15 09:23:58,085 INFO:Total games: 4560
2024-06-15 09:25:08,471 INFO:Total games: 4570
2024-06-15 09:26:17,134 INFO:Total games: 4580
2024-06-15 09:27:17,514 INFO:Total games: 4590
2024-06-15 09:28:25,332 INFO:Total games: 4600
2024-06-15 09:29:38,808 INFO:Total games: 4610
2024-06-15 09:30:32,070 INFO:Total games: 4620
2024-06-15 09:31:30,489 INFO:Total games: 4630
2024-06-15 09:32:49,657 INFO:Total games: 4640
2024-06-15 09:34:02,993 INFO:Total games: 4650
2024-06-15 09:34:57,203 INFO:Total games: 4660
2024-06-15 09:36:03,126 INFO:Total games: 4670
2024-06-15 09:37:11,237 INFO:Total games: 4680
2024-06-15 09:38:15,659 INFO:Total games: 4690
2024-06-15 09:39:23,908 INFO:Total games: 4700
2024-06-15 09:40:23,442 INFO:Total games: 4710
2024-06-15 09:41:27,924 INFO:Total games: 4720
2024-06-15 09:42:34,120 INFO:Total games: 4730
2024-06-15 09:43:38,876 INFO:Total games: 4740
2024-06-15 09:44:54,082 INFO:Total games: 4750
2024-06-15 09:46:27,685 INFO:Total games: 4760
2024-06-15 09:47:38,542 INFO:Total games: 4770
2024-06-15 09:49:10,620 INFO:Total games: 4780
2024-06-15 09:50:25,848 INFO:Total games: 4790
2024-06-15 09:58:30,543 INFO:Total games: 4800
2024-06-15 09:59:24,131 INFO:Total games: 4810
2024-06-15 10:00:41,184 INFO:Total games: 4820
2024-06-15 10:01:41,366 INFO:Total games: 4830
2024-06-15 10:02:45,397 INFO:Total games: 4840
2024-06-15 10:03:50,776 INFO:Total games: 4850
2024-06-15 10:04:56,987 INFO:Total games: 4860
2024-06-15 10:05:55,155 INFO:Total games: 4870
2024-06-15 10:07:03,992 INFO:Total games: 4880
2024-06-15 10:08:10,289 INFO:Total games: 4890
2024-06-15 10:09:13,952 INFO:Total games: 4900
2024-06-15 10:10:32,255 INFO:Total games: 4910
2024-06-15 10:11:36,816 INFO:Total games: 4920
2024-06-15 10:12:43,109 INFO:Total games: 4930
2024-06-15 10:13:53,747 INFO:Total games: 4940
2024-06-15 10:15:01,816 INFO:Total games: 4950
2024-06-15 10:16:28,064 INFO:Total games: 4960
2024-06-15 10:17:26,284 INFO:Total games: 4970
2024-06-15 10:18:34,151 INFO:Total games: 4980
2024-06-15 10:19:45,775 INFO:Total games: 4990
2024-06-15 10:21:01,899 INFO:Total games: 5000
2024-06-15 10:22:02,126 INFO:Total games: 5010
2024-06-15 10:23:05,120 INFO:Total games: 5020
2024-06-15 10:24:05,862 INFO:Total games: 5030
2024-06-15 10:25:22,663 INFO:Total games: 5040
2024-06-15 10:26:38,306 INFO:Total games: 5050
2024-06-15 10:27:42,811 INFO:Total games: 5060
2024-06-15 10:28:48,952 INFO:Total games: 5070
2024-06-15 10:30:13,615 INFO:Total games: 5080
2024-06-15 10:31:19,818 INFO:Total games: 5090
2024-06-15 10:32:21,312 INFO:Total games: 5100
2024-06-15 10:33:26,520 INFO:Total games: 5110
2024-06-15 10:34:45,713 INFO:Total games: 5120
2024-06-15 10:35:58,852 INFO:Total games: 5130
2024-06-15 10:37:15,850 INFO:Total games: 5140
2024-06-15 10:38:20,552 INFO:Total games: 5150
2024-06-15 10:39:17,416 INFO:Total games: 5160
2024-06-15 10:40:25,717 INFO:Total games: 5170
2024-06-15 10:41:34,403 INFO:Total games: 5180
2024-06-15 10:42:49,014 INFO:Total games: 5190
2024-06-15 10:43:52,816 INFO:Total games: 5200
2024-06-15 10:44:40,798 INFO:Total games: 5210
2024-06-15 10:45:58,892 INFO:Total games: 5220
2024-06-15 10:47:11,953 INFO:Total games: 5230
2024-06-15 10:48:30,585 INFO:Total games: 5240
2024-06-15 10:49:27,953 INFO:Total games: 5250
2024-06-15 10:50:42,848 INFO:Total games: 5260
2024-06-15 10:52:08,377 INFO:Total games: 5270
2024-06-15 10:53:12,933 INFO:Total games: 5280
2024-06-15 10:54:35,113 INFO:Total games: 5290
2024-06-15 10:55:41,111 INFO:Total games: 5300
2024-06-15 10:56:58,202 INFO:Total games: 5310
2024-06-15 10:58:07,522 INFO:Total games: 5320
2024-06-15 10:59:25,088 INFO:Total games: 5330
2024-06-15 11:00:44,356 INFO:Total games: 5340
2024-06-15 11:01:46,941 INFO:Total games: 5350
2024-06-15 11:03:08,222 INFO:Total games: 5360
2024-06-15 11:04:17,261 INFO:Total games: 5370
2024-06-15 11:05:27,042 INFO:Total games: 5380
2024-06-15 11:06:34,404 INFO:Total games: 5390
2024-06-15 11:07:48,773 INFO:Total games: 5400
2024-06-15 11:08:56,705 INFO:Total games: 5410
2024-06-15 11:09:47,631 INFO:Total games: 5420
2024-06-15 11:10:50,722 INFO:Total games: 5430
2024-06-15 11:11:47,914 INFO:Total games: 5440
2024-06-15 11:12:54,871 INFO:Total games: 5450
2024-06-15 11:14:08,813 INFO:Total games: 5460
2024-06-15 11:15:42,109 INFO:Total games: 5470
2024-06-15 11:17:18,100 INFO:Total games: 5480
2024-06-15 11:18:47,013 INFO:Total games: 5490
2024-06-15 11:20:04,268 INFO:Total games: 5500
2024-06-15 11:27:48,288 INFO:Total games: 5510
2024-06-15 11:29:04,066 INFO:Total games: 5520
2024-06-15 11:30:11,735 INFO:Total games: 5530
2024-06-15 11:31:07,238 INFO:Total games: 5540
2024-06-15 11:32:13,201 INFO:Total games: 5550
2024-06-15 11:33:25,290 INFO:Total games: 5560
2024-06-15 11:34:23,180 INFO:Total games: 5570
2024-06-15 11:35:35,265 INFO:Total games: 5580
2024-06-15 11:36:28,047 INFO:Total games: 5590
2024-06-15 11:37:41,216 INFO:Total games: 5600
2024-06-15 11:38:47,525 INFO:Total games: 5610
2024-06-15 11:40:01,879 INFO:Total games: 5620
2024-06-15 11:41:07,683 INFO:Total games: 5630
2024-06-15 11:42:20,260 INFO:Total games: 5640
2024-06-15 11:43:32,010 INFO:Total games: 5650
2024-06-15 11:44:31,080 INFO:Total games: 5660
2024-06-15 11:45:39,128 INFO:Total games: 5670
2024-06-15 11:47:01,826 INFO:Total games: 5680
2024-06-15 11:48:06,460 INFO:Total games: 5690
2024-06-15 11:49:24,663 INFO:Total games: 5700
2024-06-15 11:50:38,020 INFO:Total games: 5710
2024-06-15 11:51:52,093 INFO:Total games: 5720
2024-06-15 11:52:57,224 INFO:Total games: 5730
2024-06-15 11:54:04,492 INFO:Total games: 5740
2024-06-15 11:55:09,070 INFO:Total games: 5750
2024-06-15 11:56:12,052 INFO:Total games: 5760
2024-06-15 11:57:06,148 INFO:Total games: 5770
2024-06-15 11:58:12,602 INFO:Total games: 5780
2024-06-15 11:59:08,401 INFO:Total games: 5790
2024-06-15 12:00:17,094 INFO:Total games: 5800
2024-06-15 12:01:21,240 INFO:Total games: 5810
2024-06-15 12:02:38,095 INFO:Total games: 5820
2024-06-15 12:03:37,549 INFO:Total games: 5830
2024-06-15 12:05:00,870 INFO:Total games: 5840
2024-06-15 12:06:11,726 INFO:Total games: 5850
2024-06-15 12:07:01,338 INFO:Total games: 5860
2024-06-15 12:08:04,999 INFO:Total games: 5870
2024-06-15 12:09:16,023 INFO:Total games: 5880
2024-06-15 12:10:30,592 INFO:Total games: 5890
2024-06-15 12:11:40,086 INFO:Total games: 5900
2024-06-15 12:12:37,326 INFO:Total games: 5910
2024-06-15 12:13:58,154 INFO:Total games: 5920
2024-06-15 12:15:09,312 INFO:Total games: 5930
2024-06-15 12:16:12,866 INFO:Total games: 5940
2024-06-15 12:17:17,449 INFO:Total games: 5950
2024-06-15 12:18:21,760 INFO:Total games: 5960
2024-06-15 12:19:24,371 INFO:Total games: 5970
2024-06-15 12:20:20,854 INFO:Total games: 5980
2024-06-15 12:21:34,934 INFO:Total games: 5990
2024-06-15 12:22:43,441 INFO:Total games: 6000
2024-06-15 12:23:36,217 INFO:Total games: 6010
2024-06-15 12:24:52,681 INFO:Total games: 6020
2024-06-15 12:26:12,701 INFO:Total games: 6030
2024-06-15 12:27:30,184 INFO:Total games: 6040
2024-06-15 12:28:34,751 INFO:Total games: 6050
2024-06-15 12:29:44,081 INFO:Total games: 6060
2024-06-15 12:31:04,028 INFO:Total games: 6070
2024-06-15 12:32:23,405 INFO:Total games: 6080
2024-06-15 12:33:42,032 INFO:Total games: 6090
2024-06-15 12:34:53,862 INFO:Total games: 6100
2024-06-15 12:35:54,983 INFO:Total games: 6110
2024-06-15 12:36:55,860 INFO:Total games: 6120
2024-06-15 12:38:03,880 INFO:Total games: 6130
2024-06-15 12:39:13,961 INFO:Total games: 6140
2024-06-15 12:40:24,350 INFO:Total games: 6150
2024-06-15 12:41:50,026 INFO:Total games: 6160
2024-06-15 12:43:16,680 INFO:Total games: 6170
2024-06-15 12:44:34,477 INFO:Total games: 6180
2024-06-15 12:46:06,492 INFO:Total games: 6190
2024-06-15 12:47:35,926 INFO:Total games: 6200
2024-06-15 12:48:57,964 INFO:Total games: 6210
2024-06-15 12:50:15,380 INFO:Total games: 6220
2024-06-15 12:51:50,392 INFO:Total games: 6230
2024-06-15 12:58:09,052 INFO:Total games: 6240
2024-06-15 12:59:25,362 INFO:Total games: 6250
2024-06-15 13:00:37,278 INFO:Total games: 6260
2024-06-15 13:01:29,765 INFO:Total games: 6270
2024-06-15 13:02:36,502 INFO:Total games: 6280
2024-06-15 13:03:47,747 INFO:Total games: 6290
2024-06-15 13:04:53,243 INFO:Total games: 6300
2024-06-15 13:05:52,277 INFO:Total games: 6310
2024-06-15 13:06:58,158 INFO:Total games: 6320
2024-06-15 13:08:14,849 INFO:Total games: 6330
2024-06-15 13:09:28,761 INFO:Total games: 6340
2024-06-15 13:10:55,407 INFO:Total games: 6350
2024-06-15 13:12:15,585 INFO:Total games: 6360
2024-06-15 13:13:28,277 INFO:Total games: 6370
2024-06-15 13:14:37,394 INFO:Total games: 6380
2024-06-15 13:15:33,845 INFO:Total games: 6390
2024-06-15 13:16:37,167 INFO:Total games: 6400
2024-06-15 13:17:32,443 INFO:Total games: 6410
2024-06-15 13:18:38,650 INFO:Total games: 6420
2024-06-15 13:19:53,031 INFO:Total games: 6430
2024-06-15 13:20:49,748 INFO:Total games: 6440
2024-06-15 13:22:14,874 INFO:Total games: 6450
2024-06-15 13:23:11,396 INFO:Total games: 6460
2024-06-15 13:24:12,695 INFO:Total games: 6470
2024-06-15 13:25:23,591 INFO:Total games: 6480
2024-06-15 13:26:19,959 INFO:Total games: 6490
2024-06-15 13:27:32,765 INFO:Total games: 6500
2024-06-15 13:28:29,529 INFO:Total games: 6510
2024-06-15 13:29:34,830 INFO:Total games: 6520
2024-06-15 13:30:43,192 INFO:Total games: 6530
2024-06-15 13:31:56,932 INFO:Total games: 6540
2024-06-15 13:32:54,495 INFO:Total games: 6550
2024-06-15 13:34:11,458 INFO:Total games: 6560
2024-06-15 13:35:30,409 INFO:Total games: 6570
2024-06-15 13:36:40,708 INFO:Total games: 6580
2024-06-15 13:38:01,043 INFO:Total games: 6590
2024-06-15 13:39:02,212 INFO:Total games: 6600
2024-06-15 13:40:25,401 INFO:Total games: 6610
2024-06-15 13:41:37,212 INFO:Total games: 6620
2024-06-15 13:42:53,298 INFO:Total games: 6630
2024-06-15 13:43:57,350 INFO:Total games: 6640
2024-06-15 13:45:11,203 INFO:Total games: 6650
2024-06-15 13:46:22,963 INFO:Total games: 6660
2024-06-15 13:47:35,821 INFO:Total games: 6670
2024-06-15 13:48:47,145 INFO:Total games: 6680
2024-06-15 13:50:01,235 INFO:Total games: 6690
2024-06-15 13:50:57,688 INFO:Total games: 6700
2024-06-15 13:52:11,828 INFO:Total games: 6710
2024-06-15 13:53:31,204 INFO:Total games: 6720
2024-06-15 13:54:37,317 INFO:Total games: 6730
2024-06-15 13:55:44,220 INFO:Total games: 6740
2024-06-15 13:56:57,670 INFO:Total games: 6750
2024-06-15 13:57:55,796 INFO:Total games: 6760
2024-06-15 13:58:44,682 INFO:Total games: 6770
2024-06-15 13:59:54,474 INFO:Total games: 6780
2024-06-15 14:00:43,599 INFO:Total games: 6790
2024-06-15 14:01:54,389 INFO:Total games: 6800
2024-06-15 14:03:14,916 INFO:Total games: 6810
2024-06-15 14:04:30,791 INFO:Total games: 6820
2024-06-15 14:05:29,330 INFO:Total games: 6830
2024-06-15 14:06:37,751 INFO:Total games: 6840
2024-06-15 14:07:45,320 INFO:Total games: 6850
2024-06-15 14:08:47,553 INFO:Total games: 6860
2024-06-15 14:09:58,447 INFO:Total games: 6870
2024-06-15 14:11:14,346 INFO:Total games: 6880
2024-06-15 14:12:36,357 INFO:Total games: 6890
2024-06-15 14:14:10,021 INFO:Total games: 6900
2024-06-15 14:15:42,842 INFO:Total games: 6910
2024-06-15 14:17:07,871 INFO:Total games: 6920
2024-06-15 14:18:45,487 INFO:Total games: 6930
2024-06-15 14:20:09,241 INFO:Total games: 6940
2024-06-15 14:27:35,350 INFO:Loaded new best model
2024-06-15 14:28:20,788 INFO:Total games: 6950
2024-06-15 14:29:16,372 INFO:Total games: 6960
2024-06-15 14:30:17,107 INFO:Total games: 6970
2024-06-15 14:31:25,988 INFO:Total games: 6980
2024-06-15 14:32:37,053 INFO:Total games: 6990
2024-06-15 14:34:02,221 INFO:Total games: 7000
2024-06-15 14:35:12,257 INFO:Total games: 7010
2024-06-15 14:36:07,398 INFO:Total games: 7020
2024-06-15 14:37:02,266 INFO:Total games: 7030
2024-06-15 14:38:17,094 INFO:Total games: 7040
2024-06-15 14:39:23,578 INFO:Total games: 7050
2024-06-15 14:40:19,634 INFO:Total games: 7060
2024-06-15 14:41:39,532 INFO:Total games: 7070
2024-06-15 14:42:45,495 INFO:Total games: 7080
2024-06-15 14:43:53,246 INFO:Total games: 7090
2024-06-15 14:44:45,039 INFO:Total games: 7100
2024-06-15 14:45:51,925 INFO:Total games: 7110
2024-06-15 14:47:05,501 INFO:Total games: 7120
2024-06-15 14:48:23,313 INFO:Total games: 7130
2024-06-15 14:49:42,115 INFO:Total games: 7140
2024-06-15 14:50:48,016 INFO:Total games: 7150
2024-06-15 14:51:52,600 INFO:Total games: 7160
2024-06-15 14:53:04,949 INFO:Total games: 7170
2024-06-15 14:54:13,085 INFO:Total games: 7180
2024-06-15 14:55:16,111 INFO:Total games: 7190
2024-06-15 14:56:15,018 INFO:Total games: 7200
2024-06-15 14:57:43,298 INFO:Total games: 7210
2024-06-15 14:58:56,123 INFO:Total games: 7220
2024-06-15 15:00:14,426 INFO:Total games: 7230
2024-06-15 15:01:14,335 INFO:Total games: 7240
2024-06-15 15:02:22,146 INFO:Total games: 7250
2024-06-15 15:03:28,475 INFO:Total games: 7260
2024-06-15 15:04:42,238 INFO:Total games: 7270
2024-06-15 15:05:49,612 INFO:Total games: 7280
2024-06-15 15:07:01,887 INFO:Total games: 7290
2024-06-15 15:07:59,393 INFO:Total games: 7300
2024-06-15 15:09:08,638 INFO:Total games: 7310
2024-06-15 15:10:25,611 INFO:Total games: 7320
2024-06-15 15:11:36,093 INFO:Total games: 7330
2024-06-15 15:12:38,957 INFO:Total games: 7340
2024-06-15 15:13:37,957 INFO:Total games: 7350
2024-06-15 15:14:42,634 INFO:Total games: 7360
2024-06-15 15:15:42,306 INFO:Total games: 7370
2024-06-15 15:16:59,150 INFO:Total games: 7380
2024-06-15 15:18:00,486 INFO:Total games: 7390
2024-06-15 15:19:14,048 INFO:Total games: 7400
2024-06-15 15:20:18,312 INFO:Total games: 7410
2024-06-15 15:21:37,012 INFO:Total games: 7420
2024-06-15 15:22:55,349 INFO:Total games: 7430
2024-06-15 15:23:59,125 INFO:Total games: 7440
2024-06-15 15:25:07,737 INFO:Total games: 7450
2024-06-15 15:26:19,353 INFO:Total games: 7460
2024-06-15 15:27:22,066 INFO:Total games: 7470
2024-06-15 15:28:38,378 INFO:Total games: 7480
2024-06-15 15:29:49,992 INFO:Total games: 7490
2024-06-15 15:30:53,688 INFO:Total games: 7500
2024-06-15 15:32:18,920 INFO:Total games: 7510
2024-06-15 15:33:28,094 INFO:Total games: 7520
2024-06-15 15:34:36,239 INFO:Total games: 7530
2024-06-15 15:35:45,366 INFO:Total games: 7540
2024-06-15 15:37:06,450 INFO:Total games: 7550
2024-06-15 15:38:10,444 INFO:Total games: 7560
2024-06-15 15:39:10,011 INFO:Total games: 7570
2024-06-15 15:40:21,262 INFO:Total games: 7580
2024-06-15 15:41:30,559 INFO:Total games: 7590
2024-06-15 15:42:43,588 INFO:Total games: 7600
2024-06-15 15:44:05,619 INFO:Total games: 7610
2024-06-15 15:45:22,196 INFO:Total games: 7620
2024-06-15 15:46:36,997 INFO:Total games: 7630
2024-06-15 15:48:16,921 INFO:Total games: 7640
2024-06-15 15:49:52,166 INFO:Total games: 7650
2024-06-15 15:51:18,047 INFO:Total games: 7660
2024-06-15 15:52:36,306 INFO:Total games: 7670
2024-06-15 15:52:36,307 INFO:FULL
2024-06-15 15:54:36,309 INFO:FULL
2024-06-15 15:56:36,321 INFO:FULL
2024-06-15 15:59:29,436 INFO:Total games: 7680
2024-06-15 16:00:27,718 INFO:Total games: 7690
2024-06-15 16:01:31,469 INFO:Total games: 7700
2024-06-15 16:02:44,807 INFO:Total games: 7710
2024-06-15 16:03:40,182 INFO:Total games: 7720
2024-06-15 16:05:00,159 INFO:Total games: 7730
2024-06-15 16:06:15,454 INFO:Total games: 7740
2024-06-15 16:07:18,446 INFO:Total games: 7750
2024-06-15 16:08:27,377 INFO:Total games: 7760
2024-06-15 16:09:41,906 INFO:Total games: 7770
2024-06-15 16:10:31,886 INFO:Total games: 7780
2024-06-15 16:11:39,146 INFO:Total games: 7790
2024-06-15 16:12:48,719 INFO:Total games: 7800
2024-06-15 16:13:46,693 INFO:Total games: 7810
2024-06-15 16:14:58,165 INFO:Total games: 7820
2024-06-15 16:16:09,828 INFO:Total games: 7830
2024-06-15 16:17:31,697 INFO:Total games: 7840
2024-06-15 16:18:41,660 INFO:Total games: 7850
2024-06-15 16:19:52,816 INFO:Total games: 7860
2024-06-15 16:21:00,138 INFO:Total games: 7870
2024-06-15 16:21:50,703 INFO:Total games: 7880
2024-06-15 16:23:04,138 INFO:Total games: 7890
2024-06-15 16:24:08,877 INFO:Total games: 7900
2024-06-15 16:25:17,175 INFO:Total games: 7910
2024-06-15 16:26:21,147 INFO:Total games: 7920
2024-06-15 16:27:28,184 INFO:Total games: 7930
2024-06-15 16:28:40,642 INFO:Total games: 7940
2024-06-15 16:29:45,616 INFO:Total games: 7950
2024-06-15 16:30:49,891 INFO:Total games: 7960
2024-06-15 16:31:53,336 INFO:Total games: 7970
2024-06-15 16:32:55,203 INFO:Total games: 7980
2024-06-15 16:34:04,205 INFO:Total games: 7990
2024-06-15 16:35:14,297 INFO:Total games: 8000
2024-06-15 16:36:27,195 INFO:Total games: 8010
2024-06-15 16:37:26,493 INFO:Total games: 8020
2024-06-15 16:38:30,430 INFO:Total games: 8030
2024-06-15 16:39:43,842 INFO:Total games: 8040
2024-06-15 16:40:53,442 INFO:Total games: 8050
2024-06-15 16:42:02,835 INFO:Total games: 8060
2024-06-15 16:42:59,034 INFO:Total games: 8070
2024-06-15 16:43:58,352 INFO:Total games: 8080
2024-06-15 16:45:11,706 INFO:Total games: 8090
2024-06-15 16:46:25,975 INFO:Total games: 8100
2024-06-15 16:47:28,473 INFO:Total games: 8110
2024-06-15 16:48:41,965 INFO:Total games: 8120
2024-06-15 16:49:46,991 INFO:Total games: 8130
2024-06-15 16:51:00,048 INFO:Total games: 8140
2024-06-15 16:51:58,619 INFO:Total games: 8150
2024-06-15 16:53:11,348 INFO:Total games: 8160
2024-06-15 16:54:38,625 INFO:Total games: 8170
2024-06-15 16:55:54,940 INFO:Total games: 8180
2024-06-15 16:57:12,927 INFO:Total games: 8190
2024-06-15 16:58:33,192 INFO:Total games: 8200
2024-06-15 16:59:58,758 INFO:Total games: 8210
2024-06-15 17:01:13,313 INFO:Total games: 8220
2024-06-15 17:57:58,993 INFO:Total games: 8230
2024-06-15 20:48:50,469 INFO:Total games: 8240
2024-06-16 00:19:56,613 INFO:Total games: 8250
2024-06-16 03:23:03,303 INFO:Total games: 8260
2024-06-16 06:26:00,646 INFO:Total games: 8270
2024-06-16 08:16:30,577 INFO:Total games: 8280
2024-06-16 08:17:52,930 INFO:Total games: 8290
2024-06-16 10:22:22,024 INFO:Total games: 8300
2024-06-16 10:43:24,930 INFO:Total games: 8310
2024-06-16 10:44:20,120 INFO:Total games: 8320
2024-06-16 10:45:19,822 INFO:Total games: 8330
2024-06-16 10:46:32,607 INFO:Total games: 8340
2024-06-16 10:47:43,982 INFO:Total games: 8350
2024-06-16 10:49:06,095 INFO:Total games: 8360
2024-06-16 10:50:31,122 INFO:Total games: 8370
2024-06-16 10:51:50,620 INFO:Total games: 8380
2024-06-16 10:53:08,575 INFO:Total games: 8390
2024-06-16 10:54:56,203 INFO:Total games: 8400
2024-06-16 10:56:21,105 INFO:Total games: 8410
2024-06-16 11:03:18,891 INFO:Total games: 8420
2024-06-16 11:04:16,079 INFO:Total games: 8430
2024-06-16 11:05:17,951 INFO:Total games: 8440
2024-06-16 11:06:16,286 INFO:Total games: 8450
2024-06-16 11:07:32,985 INFO:Total games: 8460
2024-06-16 11:08:49,547 INFO:Total games: 8470
2024-06-16 11:09:58,846 INFO:Total games: 8480
2024-06-16 11:11:12,575 INFO:Total games: 8490
2024-06-16 11:12:19,210 INFO:Total games: 8500
2024-06-16 11:13:17,285 INFO:Total games: 8510
2024-06-16 11:14:25,586 INFO:Total games: 8520
2024-06-16 11:15:45,880 INFO:Total games: 8530
2024-06-16 11:16:54,124 INFO:Total games: 8540
2024-06-16 11:18:22,232 INFO:Total games: 8550
2024-06-16 11:19:30,439 INFO:Total games: 8560
2024-06-16 11:20:36,442 INFO:Total games: 8570
2024-06-16 11:21:46,103 INFO:Total games: 8580
2024-06-16 11:23:06,412 INFO:Total games: 8590
2024-06-16 11:24:17,172 INFO:Total games: 8600
2024-06-16 11:25:20,880 INFO:Total games: 8610
2024-06-16 11:26:31,423 INFO:Total games: 8620
2024-06-16 11:27:49,386 INFO:Total games: 8630
2024-06-16 11:28:52,101 INFO:Total games: 8640
2024-06-16 11:30:08,364 INFO:Total games: 8650
2024-06-16 11:31:15,920 INFO:Total games: 8660
2024-06-16 11:32:29,577 INFO:Total games: 8670
2024-06-16 11:33:37,270 INFO:Total games: 8680
2024-06-16 11:34:35,409 INFO:Total games: 8690
2024-06-16 11:35:39,055 INFO:Total games: 8700
2024-06-16 11:36:58,043 INFO:Total games: 8710
2024-06-16 11:38:05,648 INFO:Total games: 8720
2024-06-16 11:39:08,081 INFO:Total games: 8730
2024-06-16 11:40:43,503 INFO:Total games: 8740
2024-06-16 11:41:50,447 INFO:Total games: 8750
2024-06-16 11:43:02,630 INFO:Total games: 8760
2024-06-16 11:44:20,571 INFO:Total games: 8770
2024-06-16 11:45:29,839 INFO:Total games: 8780
2024-06-16 11:46:48,571 INFO:Total games: 8790
2024-06-16 11:47:47,571 INFO:Total games: 8800
2024-06-16 11:48:57,719 INFO:Total games: 8810
2024-06-16 11:50:11,182 INFO:Total games: 8820
2024-06-16 11:51:15,523 INFO:Total games: 8830
2024-06-16 11:52:19,354 INFO:Total games: 8840
2024-06-16 11:53:28,253 INFO:Total games: 8850
2024-06-16 11:54:34,806 INFO:Total games: 8860
2024-06-16 11:55:48,611 INFO:Total games: 8870
2024-06-16 11:56:56,892 INFO:Total games: 8880
2024-06-16 11:58:11,510 INFO:Total games: 8890
2024-06-16 11:59:17,447 INFO:Total games: 8900
2024-06-16 12:00:27,947 INFO:Total games: 8910
2024-06-16 12:01:22,819 INFO:Total games: 8920
2024-06-16 12:02:49,890 INFO:Total games: 8930
2024-06-16 12:04:11,062 INFO:Total games: 8940
2024-06-16 12:05:26,195 INFO:Total games: 8950
2024-06-16 12:06:34,322 INFO:Total games: 8960
2024-06-16 12:07:45,422 INFO:Total games: 8970
2024-06-16 12:09:10,353 INFO:Total games: 8980
2024-06-16 12:10:47,262 INFO:Total games: 8990
2024-06-16 12:12:08,565 INFO:Total games: 9000
2024-06-16 12:13:28,436 INFO:Total games: 9010
2024-06-16 12:14:48,752 INFO:Total games: 9020
2024-06-16 12:15:58,076 INFO:Total games: 9030
2024-06-16 12:17:21,500 INFO:Total games: 9040
2024-06-16 12:18:14,476 INFO:Total games: 9050
2024-06-16 12:19:30,760 INFO:Total games: 9060
2024-06-16 12:20:41,129 INFO:Total games: 9070
2024-06-16 12:22:02,375 INFO:Total games: 9080
2024-06-16 12:23:19,610 INFO:Total games: 9090
2024-06-16 12:24:51,337 INFO:Total games: 9100
2024-06-16 12:26:22,637 INFO:Total games: 9110
2024-06-16 12:34:30,619 INFO:Total games: 9120
2024-06-16 12:35:21,013 INFO:Total games: 9130
2024-06-16 12:36:25,094 INFO:Total games: 9140
2024-06-16 12:37:31,130 INFO:Total games: 9150
2024-06-16 12:38:58,174 INFO:Total games: 9160
2024-06-16 12:39:55,825 INFO:Total games: 9170
2024-06-16 12:41:15,688 INFO:Total games: 9180
2024-06-16 12:42:13,689 INFO:Total games: 9190
2024-06-16 12:43:29,146 INFO:Total games: 9200
2024-06-16 12:44:36,324 INFO:Total games: 9210
2024-06-16 12:45:47,357 INFO:Total games: 9220
2024-06-16 12:46:46,554 INFO:Total games: 9230
2024-06-16 12:47:53,736 INFO:Total games: 9240
2024-06-16 12:49:00,530 INFO:Total games: 9250
2024-06-16 12:50:21,403 INFO:Total games: 9260
2024-06-16 12:51:34,925 INFO:Total games: 9270
2024-06-16 12:52:47,948 INFO:Total games: 9280
2024-06-16 12:54:02,757 INFO:Total games: 9290
2024-06-16 12:55:30,039 INFO:Total games: 9300
2024-06-16 12:56:43,887 INFO:Total games: 9310
2024-06-16 12:58:00,367 INFO:Total games: 9320
2024-06-16 12:59:13,502 INFO:Total games: 9330
2024-06-16 13:00:27,084 INFO:Total games: 9340
2024-06-16 13:01:47,934 INFO:Total games: 9350
2024-06-16 13:03:16,281 INFO:Total games: 9360
2024-06-16 13:04:26,360 INFO:Total games: 9370
2024-06-16 13:05:27,053 INFO:Total games: 9380
2024-06-16 13:06:50,775 INFO:Total games: 9390
2024-06-16 13:07:42,536 INFO:Total games: 9400
2024-06-16 13:08:45,659 INFO:Total games: 9410
2024-06-16 13:09:49,046 INFO:Total games: 9420
2024-06-16 13:10:50,099 INFO:Total games: 9430
2024-06-16 13:11:58,925 INFO:Total games: 9440
2024-06-16 13:12:58,904 INFO:Total games: 9450
2024-06-16 13:14:07,525 INFO:Total games: 9460
2024-06-16 13:15:12,441 INFO:Total games: 9470
2024-06-16 13:16:27,905 INFO:Total games: 9480
2024-06-16 13:17:41,366 INFO:Total games: 9490
2024-06-16 13:19:02,172 INFO:Total games: 9500
2024-06-16 13:20:11,276 INFO:Total games: 9510
2024-06-16 13:21:10,376 INFO:Total games: 9520
2024-06-16 13:22:07,432 INFO:Total games: 9530
2024-06-16 13:23:21,322 INFO:Total games: 9540
2024-06-16 13:24:32,114 INFO:Total games: 9550
2024-06-16 13:25:50,443 INFO:Total games: 9560
2024-06-16 13:26:43,843 INFO:Total games: 9570
2024-06-16 13:27:58,365 INFO:Total games: 9580
2024-06-16 13:29:05,440 INFO:Total games: 9590
2024-06-16 13:30:28,833 INFO:Total games: 9600
2024-06-16 13:31:39,782 INFO:Total games: 9610
2024-06-16 13:32:35,828 INFO:Total games: 9620
2024-06-16 13:33:39,050 INFO:Total games: 9630
2024-06-16 13:34:46,161 INFO:Total games: 9640
2024-06-16 13:35:43,594 INFO:Total games: 9650
2024-06-16 13:36:50,955 INFO:Total games: 9660
2024-06-16 13:37:44,017 INFO:Total games: 9670
2024-06-16 13:38:55,048 INFO:Total games: 9680
2024-06-16 13:39:57,943 INFO:Total games: 9690
2024-06-16 13:41:14,631 INFO:Total games: 9700
2024-06-16 13:42:28,550 INFO:Total games: 9710
2024-06-16 13:43:22,659 INFO:Total games: 9720
2024-06-16 13:44:32,406 INFO:Total games: 9730
2024-06-16 13:45:39,999 INFO:Total games: 9740
2024-06-16 13:46:51,971 INFO:Total games: 9750
2024-06-16 13:48:05,209 INFO:Total games: 9760
2024-06-16 13:49:21,629 INFO:Total games: 9770
2024-06-16 13:50:20,577 INFO:Total games: 9780
2024-06-16 13:51:21,934 INFO:Total games: 9790
2024-06-16 13:52:54,019 INFO:Total games: 9800
2024-06-16 13:54:14,758 INFO:Total games: 9810
2024-06-16 13:55:51,444 INFO:Total games: 9820
2024-06-16 13:57:38,010 INFO:Total games: 9830
2024-06-16 13:59:13,712 INFO:Total games: 9840
2024-06-16 13:59:13,712 INFO:FULL
2024-06-16 14:01:13,714 INFO:FULL
2024-06-16 14:03:13,726 INFO:FULL
2024-06-16 14:05:13,738 INFO:FULL
2024-06-16 14:07:13,965 INFO:Loaded new best model
2024-06-16 14:08:07,462 INFO:Total games: 9850
2024-06-16 14:09:11,482 INFO:Total games: 9860
2024-06-16 14:10:17,791 INFO:Total games: 9870
2024-06-16 14:11:17,932 INFO:Total games: 9880
2024-06-16 14:12:44,629 INFO:Total games: 9890
2024-06-16 14:13:46,791 INFO:Total games: 9900
2024-06-16 14:14:59,698 INFO:Total games: 9910
2024-06-16 14:16:10,590 INFO:Total games: 9920
2024-06-16 14:17:32,512 INFO:Total games: 9930
2024-06-16 14:18:54,761 INFO:Total games: 9940
2024-06-16 14:20:02,620 INFO:Total games: 9950
2024-06-16 14:21:20,420 INFO:Total games: 9960
2024-06-16 14:22:24,119 INFO:Total games: 9970
2024-06-16 14:23:34,133 INFO:Total games: 9980
2024-06-16 14:24:56,777 INFO:Total games: 9990
2024-06-16 14:26:10,081 INFO:Total games: 10000
2024-06-16 14:27:21,567 INFO:Total games: 10010
2024-06-16 14:28:37,940 INFO:Total games: 10020
2024-06-16 14:29:50,383 INFO:Total games: 10030
2024-06-16 14:30:49,732 INFO:Total games: 10040
2024-06-16 14:32:27,121 INFO:Total games: 10050
2024-06-16 14:33:24,190 INFO:Total games: 10060
2024-06-16 14:34:34,397 INFO:Total games: 10070
2024-06-16 14:36:01,032 INFO:Total games: 10080
2024-06-16 14:37:08,651 INFO:Total games: 10090
2024-06-16 14:38:29,504 INFO:Total games: 10100
2024-06-16 14:39:36,518 INFO:Total games: 10110
2024-06-16 14:40:38,551 INFO:Total games: 10120
2024-06-16 14:41:54,236 INFO:Total games: 10130
2024-06-16 14:42:57,775 INFO:Total games: 10140
2024-06-16 14:44:07,541 INFO:Total games: 10150
2024-06-16 14:45:24,533 INFO:Total games: 10160
2024-06-16 14:46:33,918 INFO:Total games: 10170
2024-06-16 14:47:37,508 INFO:Total games: 10180
2024-06-16 14:48:46,512 INFO:Total games: 10190
2024-06-16 14:49:54,802 INFO:Total games: 10200
2024-06-16 14:51:07,601 INFO:Total games: 10210
2024-06-16 14:52:10,711 INFO:Total games: 10220
2024-06-16 14:53:29,105 INFO:Total games: 10230
2024-06-16 14:54:32,396 INFO:Total games: 10240
2024-06-16 14:55:53,846 INFO:Total games: 10250
2024-06-16 14:57:15,658 INFO:Total games: 10260
2024-06-16 14:58:33,907 INFO:Total games: 10270
2024-06-16 14:59:39,532 INFO:Total games: 10280
2024-06-16 15:00:52,243 INFO:Total games: 10290
2024-06-16 15:01:57,064 INFO:Total games: 10300
2024-06-16 15:03:02,774 INFO:Total games: 10310
2024-06-16 15:04:25,808 INFO:Total games: 10320
2024-06-16 15:05:43,388 INFO:Total games: 10330
2024-06-16 15:06:48,001 INFO:Total games: 10340
2024-06-16 15:08:06,899 INFO:Total games: 10350
2024-06-16 15:09:02,897 INFO:Total games: 10360
2024-06-16 15:10:01,137 INFO:Total games: 10370
2024-06-16 15:11:03,189 INFO:Total games: 10380
2024-06-16 15:12:04,319 INFO:Total games: 10390
2024-06-16 15:13:16,903 INFO:Total games: 10400
2024-06-16 15:14:35,157 INFO:Total games: 10410
2024-06-16 15:15:38,625 INFO:Total games: 10420
2024-06-16 15:17:02,548 INFO:Total games: 10430
2024-06-16 15:18:13,131 INFO:Total games: 10440
2024-06-16 15:19:17,979 INFO:Total games: 10450
2024-06-16 15:20:41,219 INFO:Total games: 10460
2024-06-16 15:22:26,658 INFO:Total games: 10470
2024-06-16 15:23:52,428 INFO:Total games: 10480
2024-06-16 15:25:20,598 INFO:Total games: 10490
2024-06-16 15:27:00,991 INFO:Total games: 10500
2024-06-16 15:28:29,770 INFO:Total games: 10510
2024-06-16 15:29:51,845 INFO:Total games: 10520
2024-06-16 15:38:48,267 INFO:Total games: 10530
2024-06-16 15:39:37,264 INFO:Total games: 10540
2024-06-16 15:40:39,693 INFO:Total games: 10550
2024-06-16 15:41:44,903 INFO:Total games: 10560
2024-06-16 15:42:57,261 INFO:Total games: 10570
2024-06-16 15:44:06,681 INFO:Total games: 10580
2024-06-16 15:45:13,602 INFO:Total games: 10590
2024-06-16 15:46:23,945 INFO:Total games: 10600
2024-06-16 15:47:31,725 INFO:Total games: 10610
2024-06-16 15:48:53,041 INFO:Total games: 10620
2024-06-16 15:49:54,237 INFO:Total games: 10630
2024-06-16 15:51:07,537 INFO:Total games: 10640
2024-06-16 15:52:33,069 INFO:Total games: 10650
2024-06-16 15:53:56,855 INFO:Total games: 10660
2024-06-16 15:55:24,877 INFO:Total games: 10670
2024-06-16 15:56:38,789 INFO:Total games: 10680
2024-06-16 15:57:39,984 INFO:Total games: 10690
2024-06-16 15:58:40,561 INFO:Total games: 10700
2024-06-16 15:59:44,558 INFO:Total games: 10710
2024-06-16 16:00:55,488 INFO:Total games: 10720
2024-06-16 16:02:05,737 INFO:Total games: 10730
2024-06-16 16:03:19,256 INFO:Total games: 10740
2024-06-16 16:04:24,992 INFO:Total games: 10750
2024-06-16 16:05:32,648 INFO:Total games: 10760
2024-06-16 16:06:41,405 INFO:Total games: 10770
2024-06-16 16:08:09,827 INFO:Total games: 10780
2024-06-16 16:09:19,207 INFO:Total games: 10790
2024-06-16 16:10:33,264 INFO:Total games: 10800
2024-06-16 16:12:04,006 INFO:Total games: 10810
2024-06-16 16:13:12,662 INFO:Total games: 10820
2024-06-16 16:14:27,676 INFO:Total games: 10830
2024-06-16 16:15:34,129 INFO:Total games: 10840
2024-06-16 16:16:36,373 INFO:Total games: 10850
2024-06-16 16:17:43,362 INFO:Total games: 10860
2024-06-16 16:18:43,525 INFO:Total games: 10870
2024-06-16 16:19:54,556 INFO:Total games: 10880
2024-06-16 16:21:06,216 INFO:Total games: 10890
2024-06-16 16:22:13,612 INFO:Total games: 10900
2024-06-16 16:23:25,010 INFO:Total games: 10910
2024-06-16 16:24:20,694 INFO:Total games: 10920
2024-06-16 16:25:31,995 INFO:Total games: 10930
2024-06-16 16:26:37,679 INFO:Total games: 10940
2024-06-16 16:27:56,206 INFO:Total games: 10950
2024-06-16 16:28:52,122 INFO:Total games: 10960
2024-06-16 16:30:05,174 INFO:Total games: 10970
2024-06-16 16:31:29,745 INFO:Total games: 10980
2024-06-16 16:32:46,114 INFO:Total games: 10990
2024-06-16 16:33:44,830 INFO:Total games: 11000
2024-06-16 16:34:42,830 INFO:Total games: 11010
2024-06-16 16:35:43,824 INFO:Total games: 11020
2024-06-16 16:37:05,954 INFO:Total games: 11030
2024-06-16 16:38:21,522 INFO:Total games: 11040
2024-06-16 16:39:35,559 INFO:Total games: 11050
2024-06-16 16:40:42,312 INFO:Total games: 11060
2024-06-16 16:41:50,631 INFO:Total games: 11070
2024-06-16 16:43:07,376 INFO:Total games: 11080
2024-06-16 16:44:21,429 INFO:Total games: 11090
2024-06-16 16:45:26,467 INFO:Total games: 11100
2024-06-16 16:46:38,693 INFO:Total games: 11110
2024-06-16 16:47:52,778 INFO:Total games: 11120
2024-06-16 16:49:15,860 INFO:Total games: 11130
2024-06-16 16:50:38,694 INFO:Total games: 11140
2024-06-16 16:51:40,318 INFO:Total games: 11150
2024-06-16 16:52:46,303 INFO:Total games: 11160
2024-06-16 16:54:08,283 INFO:Total games: 11170
2024-06-16 16:55:18,887 INFO:Total games: 11180
2024-06-16 16:56:29,747 INFO:Total games: 11190
2024-06-16 16:57:43,656 INFO:Total games: 11200
2024-06-16 16:59:05,502 INFO:Total games: 11210
2024-06-16 17:00:37,330 INFO:Total games: 11220
2024-06-16 17:02:06,389 INFO:Total games: 11230
2024-06-16 17:03:25,311 INFO:Total games: 11240
2024-06-16 17:12:03,605 INFO:Total games: 11250
2024-06-16 17:12:59,269 INFO:Total games: 11260
2024-06-16 17:14:05,877 INFO:Total games: 11270
2024-06-16 17:15:23,644 INFO:Total games: 11280
2024-06-16 17:16:39,047 INFO:Total games: 11290
2024-06-16 17:17:46,881 INFO:Total games: 11300
2024-06-16 17:18:58,563 INFO:Total games: 11310
2024-06-16 17:19:58,413 INFO:Total games: 11320
2024-06-16 17:21:07,283 INFO:Total games: 11330
2024-06-16 17:22:14,914 INFO:Total games: 11340
2024-06-16 17:23:13,175 INFO:Total games: 11350
2024-06-16 17:24:32,134 INFO:Total games: 11360
2024-06-16 17:25:40,018 INFO:Total games: 11370
2024-06-16 17:26:54,618 INFO:Total games: 11380
2024-06-16 17:28:07,378 INFO:Total games: 11390
2024-06-16 17:28:55,821 INFO:Total games: 11400
2024-06-16 17:30:13,250 INFO:Total games: 11410
2024-06-16 17:31:24,557 INFO:Total games: 11420
2024-06-16 17:32:49,533 INFO:Total games: 11430
2024-06-16 17:33:55,922 INFO:Total games: 11440
2024-06-16 17:35:02,521 INFO:Total games: 11450
2024-06-16 17:36:05,535 INFO:Total games: 11460
2024-06-16 17:37:22,128 INFO:Total games: 11470
2024-06-16 17:38:28,456 INFO:Total games: 11480
2024-06-16 17:39:34,269 INFO:Total games: 11490
2024-06-16 17:40:50,220 INFO:Total games: 11500
2024-06-16 17:41:58,311 INFO:Total games: 11510
2024-06-16 17:43:02,668 INFO:Total games: 11520
2024-06-16 17:44:01,701 INFO:Total games: 11530
2024-06-16 17:45:09,665 INFO:Total games: 11540
2024-06-16 17:46:21,177 INFO:Total games: 11550
2024-06-16 17:47:22,437 INFO:Total games: 11560
2024-06-16 17:48:35,602 INFO:Total games: 11570
2024-06-16 17:49:43,514 INFO:Total games: 11580
2024-06-16 17:51:10,546 INFO:Total games: 11590
2024-06-16 17:52:02,767 INFO:Total games: 11600
2024-06-16 17:53:09,910 INFO:Total games: 11610
2024-06-16 17:54:05,229 INFO:Total games: 11620
2024-06-16 17:55:15,644 INFO:Total games: 11630
2024-06-16 17:56:29,946 INFO:Total games: 11640
2024-06-16 17:57:50,919 INFO:Total games: 11650
2024-06-16 17:58:53,489 INFO:Total games: 11660
2024-06-16 18:00:10,246 INFO:Total games: 11670
2024-06-16 18:01:17,195 INFO:Total games: 11680
2024-06-16 18:02:17,245 INFO:Total games: 11690
2024-06-16 18:03:28,621 INFO:Total games: 11700
2024-06-16 18:04:37,932 INFO:Total games: 11710
2024-06-16 18:05:52,118 INFO:Total games: 11720
2024-06-16 18:07:02,295 INFO:Total games: 11730
2024-06-16 18:08:14,176 INFO:Total games: 11740
2024-06-16 18:09:23,012 INFO:Total games: 11750
2024-06-16 18:10:26,719 INFO:Total games: 11760
2024-06-16 18:11:32,205 INFO:Total games: 11770
2024-06-16 18:12:36,023 INFO:Total games: 11780
2024-06-16 18:13:31,044 INFO:Total games: 11790
2024-06-16 18:14:45,406 INFO:Total games: 11800
2024-06-16 18:15:49,088 INFO:Total games: 11810
2024-06-16 18:16:45,652 INFO:Total games: 11820
2024-06-16 18:17:50,103 INFO:Total games: 11830
2024-06-16 18:18:52,327 INFO:Total games: 11840
2024-06-16 18:19:58,590 INFO:Total games: 11850
2024-06-16 18:21:03,518 INFO:Total games: 11860
2024-06-16 18:22:02,870 INFO:Total games: 11870
2024-06-16 18:23:21,430 INFO:Total games: 11880
2024-06-16 18:24:29,882 INFO:Total games: 11890
2024-06-16 18:25:36,019 INFO:Total games: 11900
2024-06-16 18:26:33,833 INFO:Total games: 11910
2024-06-16 18:27:36,803 INFO:Total games: 11920
2024-06-16 18:28:33,772 INFO:Total games: 11930
2024-06-16 18:29:51,113 INFO:Total games: 11940
2024-06-16 18:31:14,390 INFO:Total games: 11950
2024-06-16 18:32:26,639 INFO:Total games: 11960
2024-06-16 18:33:56,400 INFO:Total games: 11970
2024-06-16 18:35:28,527 INFO:Total games: 11980
2024-06-16 18:43:58,629 INFO:Total games: 11990
2024-06-16 18:45:00,299 INFO:Total games: 12000
2024-06-16 18:46:02,974 INFO:Total games: 12010
2024-06-16 18:46:58,965 INFO:Total games: 12020
2024-06-16 18:47:45,163 INFO:Total games: 12030
2024-06-16 18:48:44,060 INFO:Total games: 12040
2024-06-16 18:49:40,141 INFO:Total games: 12050
2024-06-16 18:50:47,309 INFO:Total games: 12060
2024-06-16 18:52:02,300 INFO:Total games: 12070
2024-06-16 18:53:15,834 INFO:Total games: 12080
2024-06-16 18:54:20,570 INFO:Total games: 12090
2024-06-16 18:55:39,757 INFO:Total games: 12100
2024-06-16 18:57:00,225 INFO:Total games: 12110
2024-06-16 18:58:10,423 INFO:Total games: 12120
2024-06-16 18:59:07,127 INFO:Total games: 12130
2024-06-16 19:00:26,943 INFO:Total games: 12140
2024-06-16 19:01:47,368 INFO:Total games: 12150
2024-06-16 19:02:54,296 INFO:Total games: 12160
2024-06-16 19:04:00,430 INFO:Total games: 12170
2024-06-16 19:05:06,378 INFO:Total games: 12180
2024-06-16 19:06:18,388 INFO:Total games: 12190
2024-06-16 19:07:33,548 INFO:Total games: 12200
2024-06-16 19:08:36,598 INFO:Total games: 12210
2024-06-16 19:09:38,152 INFO:Total games: 12220
2024-06-16 19:10:58,630 INFO:Total games: 12230
2024-06-16 19:12:01,277 INFO:Total games: 12240
2024-06-16 19:12:56,917 INFO:Total games: 12250
2024-06-16 19:14:06,038 INFO:Total games: 12260
2024-06-16 19:15:06,527 INFO:Total games: 12270
2024-06-16 19:16:10,122 INFO:Total games: 12280
2024-06-16 19:17:21,448 INFO:Total games: 12290
2024-06-16 19:18:22,831 INFO:Total games: 12300
2024-06-16 19:19:33,819 INFO:Total games: 12310
2024-06-16 19:20:36,222 INFO:Total games: 12320
2024-06-16 19:21:42,109 INFO:Total games: 12330
2024-06-16 19:23:01,712 INFO:Total games: 12340
2024-06-16 19:24:36,739 INFO:Total games: 12350
2024-06-16 19:25:51,916 INFO:Total games: 12360
2024-06-16 19:27:00,146 INFO:Total games: 12370
2024-06-16 19:28:23,257 INFO:Total games: 12380
2024-06-16 19:29:48,894 INFO:Total games: 12390
2024-06-16 19:30:52,195 INFO:Total games: 12400
2024-06-16 19:32:01,008 INFO:Total games: 12410
2024-06-16 19:33:05,864 INFO:Total games: 12420
2024-06-16 19:34:20,358 INFO:Total games: 12430
2024-06-16 19:35:16,038 INFO:Total games: 12440
2024-06-16 19:36:12,329 INFO:Total games: 12450
2024-06-16 19:37:28,543 INFO:Total games: 12460
2024-06-16 19:38:33,446 INFO:Total games: 12470
2024-06-16 19:39:33,961 INFO:Total games: 12480
2024-06-16 19:40:38,977 INFO:Total games: 12490
2024-06-16 19:41:49,583 INFO:Total games: 12500
2024-06-16 19:43:00,863 INFO:Total games: 12510
2024-06-16 19:44:04,480 INFO:Total games: 12520
2024-06-16 19:45:03,254 INFO:Total games: 12530
2024-06-16 19:46:21,393 INFO:Total games: 12540
2024-06-16 19:47:17,693 INFO:Total games: 12550
2024-06-16 19:48:29,390 INFO:Total games: 12560
2024-06-16 19:49:43,216 INFO:Total games: 12570
2024-06-16 19:50:37,951 INFO:Total games: 12580
2024-06-16 19:51:57,320 INFO:Total games: 12590
2024-06-16 19:53:09,952 INFO:Total games: 12600
2024-06-16 19:54:30,270 INFO:Total games: 12610
2024-06-16 19:55:50,691 INFO:Total games: 12620
2024-06-16 19:57:12,162 INFO:Total games: 12630
2024-06-16 19:58:15,954 INFO:Total games: 12640
2024-06-16 19:59:23,624 INFO:Total games: 12650
2024-06-16 20:00:41,436 INFO:Total games: 12660
2024-06-16 20:02:17,435 INFO:Total games: 12670
2024-06-16 20:03:44,951 INFO:Total games: 12680
2024-06-16 20:05:03,457 INFO:Total games: 12690
2024-06-16 20:06:07,009 INFO:Total games: 12700
2024-06-16 20:07:27,136 INFO:Total games: 12710
2024-06-16 20:15:54,814 INFO:Total games: 12720
2024-06-16 20:16:52,021 INFO:Total games: 12730
2024-06-16 20:17:48,712 INFO:Total games: 12740
2024-06-16 20:18:57,445 INFO:Total games: 12750
2024-06-16 20:20:00,403 INFO:Total games: 12760
2024-06-16 20:21:06,911 INFO:Total games: 12770
2024-06-16 20:22:15,514 INFO:Total games: 12780
2024-06-16 20:23:29,476 INFO:Total games: 12790
2024-06-16 20:24:41,390 INFO:Total games: 12800
2024-06-16 20:25:59,106 INFO:Total games: 12810
2024-06-16 20:27:14,795 INFO:Total games: 12820
2024-06-16 20:28:08,666 INFO:Total games: 12830
2024-06-16 20:29:15,246 INFO:Total games: 12840
2024-06-16 20:30:27,259 INFO:Total games: 12850
2024-06-16 20:31:24,679 INFO:Total games: 12860
2024-06-16 20:32:31,255 INFO:Total games: 12870
2024-06-16 20:33:42,251 INFO:Total games: 12880
2024-06-16 20:34:50,657 INFO:Total games: 12890
2024-06-16 20:35:50,139 INFO:Total games: 12900
2024-06-16 20:37:10,334 INFO:Total games: 12910
2024-06-16 20:38:21,676 INFO:Total games: 12920
2024-06-16 20:39:23,476 INFO:Total games: 12930
2024-06-16 20:40:35,185 INFO:Total games: 12940
2024-06-16 20:41:42,545 INFO:Total games: 12950
2024-06-16 20:42:49,059 INFO:Total games: 12960
2024-06-16 20:43:45,781 INFO:Total games: 12970
2024-06-16 20:44:45,249 INFO:Total games: 12980
2024-06-16 20:45:56,962 INFO:Total games: 12990
2024-06-16 20:47:01,025 INFO:Total games: 13000
2024-06-16 20:48:10,355 INFO:Total games: 13010
2024-06-16 20:49:11,854 INFO:Total games: 13020
2024-06-16 20:50:32,050 INFO:Total games: 13030
2024-06-16 20:51:52,440 INFO:Total games: 13040
2024-06-16 20:53:02,379 INFO:Total games: 13050
2024-06-16 20:54:24,474 INFO:Total games: 13060
2024-06-16 20:55:26,447 INFO:Total games: 13070
2024-06-16 20:56:25,385 INFO:Total games: 13080
2024-06-16 20:57:29,679 INFO:Total games: 13090
2024-06-16 20:58:43,976 INFO:Total games: 13100
2024-06-16 21:00:01,980 INFO:Total games: 13110
2024-06-16 21:01:15,764 INFO:Total games: 13120
2024-06-16 21:02:17,812 INFO:Total games: 13130
2024-06-16 21:03:32,075 INFO:Total games: 13140
2024-06-16 21:04:43,636 INFO:Total games: 13150
2024-06-16 21:05:50,585 INFO:Total games: 13160
2024-06-16 21:06:55,887 INFO:Total games: 13170
2024-06-16 21:07:57,141 INFO:Total games: 13180
2024-06-16 21:09:08,273 INFO:Total games: 13190
2024-06-16 21:10:13,737 INFO:Total games: 13200
2024-06-16 21:11:31,707 INFO:Total games: 13210
2024-06-16 21:12:27,627 INFO:Total games: 13220
2024-06-16 21:13:37,837 INFO:Total games: 13230
2024-06-16 21:14:40,100 INFO:Total games: 13240
2024-06-16 21:15:40,588 INFO:Total games: 13250
2024-06-16 21:16:52,922 INFO:Total games: 13260
2024-06-16 21:18:04,476 INFO:Total games: 13270
2024-06-16 21:18:58,886 INFO:Total games: 13280
2024-06-16 21:19:51,590 INFO:Total games: 13290
2024-06-16 21:20:52,859 INFO:Total games: 13300
2024-06-16 21:21:52,520 INFO:Total games: 13310
2024-06-16 21:23:04,210 INFO:Total games: 13320
2024-06-16 21:24:06,563 INFO:Total games: 13330
2024-06-16 21:25:12,689 INFO:Total games: 13340
2024-06-16 21:26:23,618 INFO:Total games: 13350
2024-06-16 21:27:27,782 INFO:Total games: 13360
2024-06-16 21:28:36,298 INFO:Total games: 13370
2024-06-16 21:29:58,150 INFO:Total games: 13380
2024-06-16 21:31:04,236 INFO:Total games: 13390
2024-06-16 21:32:37,737 INFO:Total games: 13400
2024-06-16 21:34:05,995 INFO:Total games: 13410
2024-06-16 21:35:41,077 INFO:Total games: 13420
2024-06-16 21:37:17,215 INFO:Total games: 13430
2024-06-16 21:38:33,769 INFO:Total games: 13440
2024-06-16 21:46:53,418 INFO:Total games: 13450
2024-06-16 21:48:11,742 INFO:Total games: 13460
2024-06-16 21:49:26,863 INFO:Total games: 13470
2024-06-16 21:50:30,311 INFO:Total games: 13480
2024-06-16 21:51:31,903 INFO:Total games: 13490
2024-06-16 21:52:47,023 INFO:Total games: 13500
2024-06-16 21:53:56,260 INFO:Total games: 13510
2024-06-16 21:55:04,734 INFO:Total games: 13520
2024-06-16 21:56:16,974 INFO:Total games: 13530
2024-06-16 21:57:31,422 INFO:Total games: 13540
2024-06-16 21:58:37,289 INFO:Total games: 13550
2024-06-16 21:59:41,085 INFO:Total games: 13560
2024-06-16 22:00:59,415 INFO:Total games: 13570
2024-06-16 22:01:57,428 INFO:Total games: 13580
2024-06-16 22:03:20,473 INFO:Total games: 13590
2024-06-16 22:04:31,035 INFO:Total games: 13600
2024-06-16 22:05:59,011 INFO:Total games: 13610
2024-06-16 22:07:02,159 INFO:Total games: 13620
2024-06-16 22:08:11,568 INFO:Total games: 13630
2024-06-16 22:09:20,685 INFO:Total games: 13640
2024-06-16 22:10:19,561 INFO:Total games: 13650
2024-06-16 22:11:32,351 INFO:Total games: 13660
2024-06-16 22:12:35,855 INFO:Total games: 13670
2024-06-16 22:13:39,130 INFO:Total games: 13680
2024-06-16 22:14:52,115 INFO:Total games: 13690
2024-06-16 22:15:54,898 INFO:Total games: 13700
2024-06-16 22:16:54,525 INFO:Total games: 13710
2024-06-16 22:18:02,619 INFO:Total games: 13720
2024-06-16 22:19:16,933 INFO:Total games: 13730
2024-06-16 22:20:29,547 INFO:Total games: 13740
2024-06-16 22:21:25,950 INFO:Total games: 13750
2024-06-16 22:22:40,265 INFO:Total games: 13760
2024-06-16 22:23:52,338 INFO:Total games: 13770
2024-06-16 22:25:01,432 INFO:Total games: 13780
2024-06-16 22:26:00,828 INFO:Total games: 13790
2024-06-16 22:27:07,291 INFO:Total games: 13800
2024-06-16 22:28:07,399 INFO:Total games: 13810
2024-06-16 22:29:26,471 INFO:Total games: 13820
2024-06-16 22:30:27,753 INFO:Total games: 13830
2024-06-16 22:31:18,398 INFO:Total games: 13840
2024-06-16 22:32:23,879 INFO:Total games: 13850
2024-06-16 22:33:24,753 INFO:Total games: 13860
2024-06-16 22:34:23,654 INFO:Total games: 13870
2024-06-16 22:35:27,053 INFO:Total games: 13880
2024-06-16 22:36:29,181 INFO:Total games: 13890
2024-06-16 22:37:23,942 INFO:Total games: 13900
2024-06-16 22:38:35,654 INFO:Total games: 13910
2024-06-16 22:39:34,447 INFO:Total games: 13920
2024-06-16 22:40:38,145 INFO:Total games: 13930
2024-06-16 22:41:42,031 INFO:Total games: 13940
2024-06-16 22:42:41,609 INFO:Total games: 13950
2024-06-16 22:43:50,717 INFO:Total games: 13960
2024-06-16 22:44:49,733 INFO:Total games: 13970
2024-06-16 22:46:09,586 INFO:Total games: 13980
2024-06-16 22:47:11,659 INFO:Total games: 13990
2024-06-16 22:48:37,992 INFO:Total games: 14000
2024-06-16 22:49:49,285 INFO:Total games: 14010
2024-06-16 22:50:53,456 INFO:Total games: 14020
2024-06-16 22:52:03,958 INFO:Total games: 14030
2024-06-16 22:53:15,147 INFO:Total games: 14040
2024-06-16 22:54:14,121 INFO:Total games: 14050
2024-06-16 22:55:19,059 INFO:Total games: 14060
2024-06-16 22:56:33,732 INFO:Total games: 14070
2024-06-16 22:57:39,916 INFO:Total games: 14080
2024-06-16 22:58:52,219 INFO:Total games: 14090
2024-06-16 22:59:39,013 INFO:Total games: 14100
2024-06-16 23:00:54,331 INFO:Total games: 14110
2024-06-16 23:02:00,638 INFO:Total games: 14120
2024-06-16 23:03:33,456 INFO:Total games: 14130
2024-06-16 23:04:50,968 INFO:Total games: 14140
2024-06-16 23:06:16,739 INFO:Total games: 14150
2024-06-16 23:07:57,839 INFO:Total games: 14160
2024-06-16 23:16:49,325 INFO:Total games: 14170
2024-06-16 23:17:58,312 INFO:Total games: 14180
2024-06-16 23:19:11,902 INFO:Total games: 14190
2024-06-16 23:20:20,933 INFO:Total games: 14200
2024-06-16 23:21:19,525 INFO:Total games: 14210
2024-06-16 23:22:22,324 INFO:Total games: 14220
2024-06-16 23:23:35,448 INFO:Total games: 14230
2024-06-16 23:24:50,629 INFO:Total games: 14240
2024-06-16 23:25:43,572 INFO:Total games: 14250
2024-06-16 23:26:40,852 INFO:Total games: 14260
2024-06-16 23:27:53,722 INFO:Total games: 14270
2024-06-16 23:29:11,060 INFO:Total games: 14280
2024-06-16 23:30:25,115 INFO:Total games: 14290
2024-06-16 23:31:23,591 INFO:Total games: 14300
2024-06-16 23:32:29,095 INFO:Total games: 14310
2024-06-16 23:33:37,019 INFO:Total games: 14320
2024-06-16 23:34:36,914 INFO:Total games: 14330
2024-06-16 23:35:59,413 INFO:Total games: 14340
2024-06-16 23:37:00,837 INFO:Total games: 14350
2024-06-16 23:38:17,114 INFO:Total games: 14360
2024-06-16 23:39:28,425 INFO:Total games: 14370
2024-06-16 23:40:39,855 INFO:Total games: 14380
2024-06-16 23:41:56,068 INFO:Total games: 14390
2024-06-16 23:43:16,912 INFO:Total games: 14400
2024-06-16 23:44:31,992 INFO:Total games: 14410
2024-06-16 23:45:31,970 INFO:Total games: 14420
2024-06-16 23:46:36,251 INFO:Total games: 14430
2024-06-16 23:47:48,712 INFO:Total games: 14440
2024-06-16 23:49:04,388 INFO:Total games: 14450
2024-06-16 23:50:24,358 INFO:Total games: 14460
2024-06-16 23:51:26,263 INFO:Total games: 14470
2024-06-16 23:52:29,093 INFO:Total games: 14480
2024-06-16 23:54:01,223 INFO:Total games: 14490
2024-06-16 23:55:15,748 INFO:Total games: 14500
2024-06-16 23:56:31,175 INFO:Total games: 14510
2024-06-16 23:57:46,509 INFO:Total games: 14520
2024-06-16 23:59:09,549 INFO:Total games: 14530
2024-06-17 00:00:22,154 INFO:Total games: 14540
2024-06-17 00:01:45,724 INFO:Total games: 14550
2024-06-17 00:03:08,976 INFO:Total games: 14560
2024-06-17 00:04:21,951 INFO:Total games: 14570
2024-06-17 00:05:25,350 INFO:Total games: 14580
2024-06-17 00:06:41,312 INFO:Total games: 14590
2024-06-17 00:08:09,116 INFO:Total games: 14600
2024-06-17 00:09:23,997 INFO:Total games: 14610
2024-06-17 00:10:41,840 INFO:Total games: 14620
2024-06-17 00:11:46,167 INFO:Total games: 14630
2024-06-17 00:12:57,465 INFO:Total games: 14640
2024-06-17 00:13:57,063 INFO:Total games: 14650
2024-06-17 00:15:04,115 INFO:Total games: 14660
2024-06-17 00:16:20,620 INFO:Total games: 14670
2024-06-17 00:17:42,317 INFO:Total games: 14680
2024-06-17 00:18:58,763 INFO:Total games: 14690
2024-06-17 00:20:05,304 INFO:Total games: 14700
2024-06-17 00:21:17,528 INFO:Total games: 14710
2024-06-17 00:22:23,414 INFO:Total games: 14720
2024-06-17 00:23:33,448 INFO:Total games: 14730
2024-06-17 00:24:44,939 INFO:Total games: 14740
2024-06-17 00:25:52,415 INFO:Total games: 14750
2024-06-17 00:26:59,132 INFO:Total games: 14760
2024-06-17 00:28:05,486 INFO:Total games: 14770
2024-06-17 00:29:08,235 INFO:Total games: 14780
2024-06-17 00:30:16,485 INFO:Total games: 14790
2024-06-17 00:31:21,143 INFO:Total games: 14800
2024-06-17 00:32:27,463 INFO:Total games: 14810
2024-06-17 00:34:13,506 INFO:Total games: 14820
2024-06-17 00:35:41,401 INFO:Total games: 14830
2024-06-17 00:37:13,426 INFO:Total games: 14840
2024-06-17 00:38:36,932 INFO:Total games: 14850
2024-06-17 00:39:56,709 INFO:Total games: 14860
2024-06-17 00:47:24,850 INFO:Total games: 14870
2024-06-17 00:48:26,689 INFO:Total games: 14880
2024-06-17 00:49:46,952 INFO:Total games: 14890
2024-06-17 00:50:52,308 INFO:Total games: 14900
2024-06-17 00:51:56,035 INFO:Total games: 14910
2024-06-17 00:52:57,811 INFO:Total games: 14920
2024-06-17 00:54:04,965 INFO:Total games: 14930
2024-06-17 00:55:17,401 INFO:Total games: 14940
2024-06-17 00:56:31,507 INFO:Total games: 14950
2024-06-17 00:57:49,453 INFO:Total games: 14960
2024-06-17 00:59:00,529 INFO:Total games: 14970
2024-06-17 01:00:16,362 INFO:Total games: 14980
2024-06-17 01:01:24,779 INFO:Total games: 14990
2024-06-17 01:02:38,515 INFO:Total games: 15000
2024-06-17 01:03:41,897 INFO:Total games: 15010
2024-06-17 01:04:50,425 INFO:Total games: 15020
2024-06-17 01:06:02,219 INFO:Total games: 15030
2024-06-17 01:07:07,142 INFO:Total games: 15040
2024-06-17 01:08:16,886 INFO:Total games: 15050
2024-06-17 01:09:40,808 INFO:Total games: 15060
2024-06-17 01:11:00,136 INFO:Total games: 15070
2024-06-17 01:12:03,260 INFO:Total games: 15080
2024-06-17 01:13:03,055 INFO:Total games: 15090
2024-06-17 01:14:10,495 INFO:Total games: 15100
2024-06-17 01:15:13,435 INFO:Total games: 15110
2024-06-17 01:16:24,779 INFO:Total games: 15120
2024-06-17 01:17:41,605 INFO:Total games: 15130
2024-06-17 01:18:48,522 INFO:Total games: 15140
2024-06-17 01:19:54,359 INFO:Total games: 15150
2024-06-17 01:21:03,640 INFO:Total games: 15160
2024-06-17 01:21:58,634 INFO:Total games: 15170
2024-06-17 01:23:06,578 INFO:Total games: 15180
2024-06-17 01:24:17,293 INFO:Total games: 15190
2024-06-17 01:25:39,691 INFO:Total games: 15200
2024-06-17 01:26:55,760 INFO:Total games: 15210
2024-06-17 01:28:06,572 INFO:Total games: 15220
2024-06-17 01:29:25,303 INFO:Total games: 15230
2024-06-17 01:30:41,736 INFO:Total games: 15240
2024-06-17 01:31:51,743 INFO:Total games: 15250
2024-06-17 01:32:48,243 INFO:Total games: 15260
2024-06-17 01:33:57,054 INFO:Total games: 15270
2024-06-17 01:34:59,271 INFO:Total games: 15280
2024-06-17 01:36:14,171 INFO:Total games: 15290
2024-06-17 01:37:26,785 INFO:Total games: 15300
2024-06-17 01:38:28,780 INFO:Total games: 15310
2024-06-17 01:39:36,189 INFO:Total games: 15320
2024-06-17 01:41:01,923 INFO:Total games: 15330
2024-06-17 01:42:01,740 INFO:Total games: 15340
2024-06-17 01:43:05,773 INFO:Total games: 15350
2024-06-17 01:44:24,252 INFO:Total games: 15360
2024-06-17 01:45:28,906 INFO:Total games: 15370
2024-06-17 01:46:29,107 INFO:Total games: 15380
2024-06-17 01:47:34,673 INFO:Total games: 15390
2024-06-17 01:48:46,555 INFO:Total games: 15400
2024-06-17 01:50:05,758 INFO:Total games: 15410
2024-06-17 01:51:13,410 INFO:Total games: 15420
2024-06-17 01:52:28,487 INFO:Total games: 15430
2024-06-17 01:53:25,363 INFO:Total games: 15440
2024-06-17 01:54:28,938 INFO:Total games: 15450
2024-06-17 01:55:24,421 INFO:Total games: 15460
2024-06-17 01:56:20,493 INFO:Total games: 15470
2024-06-17 01:57:32,613 INFO:Total games: 15480
2024-06-17 01:58:51,703 INFO:Total games: 15490
2024-06-17 01:59:56,495 INFO:Total games: 15500
2024-06-17 02:01:07,629 INFO:Total games: 15510
2024-06-17 02:02:26,632 INFO:Total games: 15520
2024-06-17 02:03:26,255 INFO:Total games: 15530
2024-06-17 02:04:52,067 INFO:Total games: 15540
2024-06-17 02:06:19,731 INFO:Total games: 15550
2024-06-17 02:07:36,689 INFO:Total games: 15560
2024-06-17 02:09:20,699 INFO:Total games: 15570
2024-06-17 02:10:21,850 INFO:Total games: 15580
2024-06-17 02:11:54,004 INFO:Total games: 15590
2024-06-17 02:19:02,753 INFO:Total games: 15600
2024-06-17 02:19:58,942 INFO:Total games: 15610
2024-06-17 02:21:00,487 INFO:Total games: 15620
2024-06-17 02:22:21,538 INFO:Total games: 15630
2024-06-17 02:23:34,793 INFO:Total games: 15640
2024-06-17 02:24:24,042 INFO:Total games: 15650
2024-06-17 02:25:41,686 INFO:Total games: 15660
2024-06-17 02:26:39,274 INFO:Total games: 15670
2024-06-17 02:27:34,759 INFO:Total games: 15680
2024-06-17 02:29:00,873 INFO:Total games: 15690
2024-06-17 02:30:25,404 INFO:Total games: 15700
2024-06-17 02:31:30,255 INFO:Total games: 15710
2024-06-17 02:32:20,243 INFO:Total games: 15720
2024-06-17 02:33:13,543 INFO:Total games: 15730
2024-06-17 02:34:32,969 INFO:Total games: 15740
2024-06-17 02:35:40,327 INFO:Total games: 15750
2024-06-17 02:36:36,104 INFO:Total games: 15760
2024-06-17 02:37:47,461 INFO:Total games: 15770
2024-06-17 02:38:40,553 INFO:Total games: 15780
2024-06-17 02:39:49,721 INFO:Total games: 15790
2024-06-17 02:41:12,871 INFO:Total games: 15800
2024-06-17 02:42:22,257 INFO:Total games: 15810
2024-06-17 02:43:32,147 INFO:Total games: 15820
2024-06-17 02:44:41,802 INFO:Total games: 15830
2024-06-17 02:45:43,596 INFO:Total games: 15840
2024-06-17 02:46:39,360 INFO:Total games: 15850
2024-06-17 02:47:48,693 INFO:Total games: 15860
2024-06-17 02:49:14,867 INFO:Total games: 15870
2024-06-17 02:50:22,071 INFO:Total games: 15880
2024-06-17 02:51:44,302 INFO:Total games: 15890
2024-06-17 02:52:43,854 INFO:Total games: 15900
2024-06-17 02:54:02,801 INFO:Total games: 15910
2024-06-17 02:55:06,769 INFO:Total games: 15920
2024-06-17 02:56:24,850 INFO:Total games: 15930
2024-06-17 02:57:23,439 INFO:Total games: 15940
2024-06-17 02:58:33,708 INFO:Total games: 15950
2024-06-17 02:59:45,611 INFO:Total games: 15960
2024-06-17 03:01:00,059 INFO:Total games: 15970
2024-06-17 03:02:16,346 INFO:Total games: 15980
2024-06-17 03:03:31,683 INFO:Total games: 15990
2024-06-17 03:04:40,979 INFO:Total games: 16000
2024-06-17 03:05:53,159 INFO:Total games: 16010
2024-06-17 03:07:02,592 INFO:Total games: 16020
2024-06-17 03:08:11,760 INFO:Total games: 16030
2024-06-17 03:09:30,748 INFO:Total games: 16040
2024-06-17 03:10:39,234 INFO:Total games: 16050
2024-06-17 03:11:35,625 INFO:Total games: 16060
2024-06-17 03:12:40,018 INFO:Total games: 16070
2024-06-17 03:13:42,007 INFO:Total games: 16080
2024-06-17 03:14:44,728 INFO:Total games: 16090
2024-06-17 03:15:55,800 INFO:Total games: 16100
2024-06-17 03:17:08,450 INFO:Total games: 16110
2024-06-17 03:18:10,497 INFO:Total games: 16120
2024-06-17 03:19:09,456 INFO:Total games: 16130
2024-06-17 03:20:09,760 INFO:Total games: 16140
2024-06-17 03:21:12,946 INFO:Total games: 16150
2024-06-17 03:22:27,939 INFO:Total games: 16160
2024-06-17 03:23:38,329 INFO:Total games: 16170
2024-06-17 03:24:36,371 INFO:Total games: 16180
2024-06-17 03:25:38,007 INFO:Total games: 16190
2024-06-17 03:26:50,477 INFO:Total games: 16200
2024-06-17 03:28:10,485 INFO:Total games: 16210
2024-06-17 03:29:06,353 INFO:Total games: 16220
2024-06-17 03:30:17,096 INFO:Total games: 16230
2024-06-17 03:31:18,083 INFO:Total games: 16240
2024-06-17 03:32:17,398 INFO:Total games: 16250
2024-06-17 03:33:12,007 INFO:Total games: 16260
2024-06-17 03:34:11,885 INFO:Total games: 16270
2024-06-17 03:35:28,494 INFO:Total games: 16280
2024-06-17 03:37:00,242 INFO:Total games: 16290
2024-06-17 03:38:31,945 INFO:Total games: 16300
2024-06-17 03:39:55,953 INFO:Total games: 16310
2024-06-17 03:41:10,916 INFO:Total games: 16320
2024-06-17 03:42:41,282 INFO:Total games: 16330
2024-06-17 03:44:02,091 INFO:Total games: 16340
2024-06-17 03:50:43,993 INFO:Total games: 16350
2024-06-17 03:51:43,249 INFO:Total games: 16360
2024-06-17 03:52:42,552 INFO:Total games: 16370
2024-06-17 03:53:56,162 INFO:Total games: 16380
2024-06-17 03:54:58,386 INFO:Total games: 16390
2024-06-17 03:56:05,382 INFO:Total games: 16400
2024-06-17 03:57:13,672 INFO:Total games: 16410
2024-06-17 03:58:24,484 INFO:Total games: 16420
2024-06-17 03:59:19,637 INFO:Total games: 16430
2024-06-17 04:00:39,088 INFO:Total games: 16440
2024-06-17 04:01:46,708 INFO:Total games: 16450
2024-06-17 04:02:43,318 INFO:Total games: 16460
2024-06-17 04:04:02,993 INFO:Total games: 16470
2024-06-17 04:05:21,779 INFO:Total games: 16480
2024-06-17 04:06:36,356 INFO:Total games: 16490
2024-06-17 04:07:54,237 INFO:Total games: 16500
2024-06-17 04:09:02,187 INFO:Total games: 16510
2024-06-17 04:10:19,441 INFO:Total games: 16520
2024-06-17 04:11:37,158 INFO:Total games: 16530
2024-06-17 04:12:50,732 INFO:Total games: 16540
2024-06-17 04:13:49,198 INFO:Total games: 16550
2024-06-17 04:14:43,599 INFO:Total games: 16560
2024-06-17 04:15:43,347 INFO:Total games: 16570
2024-06-17 04:16:42,896 INFO:Total games: 16580
2024-06-17 04:17:47,673 INFO:Total games: 16590
2024-06-17 04:18:49,329 INFO:Total games: 16600
2024-06-17 04:19:55,748 INFO:Total games: 16610
2024-06-17 04:21:11,161 INFO:Total games: 16620
2024-06-17 04:22:19,109 INFO:Total games: 16630
2024-06-17 04:23:33,477 INFO:Total games: 16640
2024-06-17 04:24:54,624 INFO:Total games: 16650
2024-06-17 04:26:10,965 INFO:Total games: 16660
2024-06-17 04:27:14,117 INFO:Total games: 16670
2024-06-17 04:28:20,934 INFO:Total games: 16680
2024-06-17 04:29:14,302 INFO:Total games: 16690
2024-06-17 04:30:20,905 INFO:Total games: 16700
2024-06-17 04:31:25,529 INFO:Total games: 16710
2024-06-17 04:32:33,380 INFO:Total games: 16720
2024-06-17 04:34:03,842 INFO:Total games: 16730
2024-06-17 04:35:24,705 INFO:Total games: 16740
2024-06-17 04:36:35,005 INFO:Total games: 16750
2024-06-17 04:37:39,925 INFO:Total games: 16760
2024-06-17 04:38:55,235 INFO:Total games: 16770
2024-06-17 04:40:11,948 INFO:Total games: 16780
2024-06-17 04:41:12,605 INFO:Total games: 16790
2024-06-17 04:42:26,537 INFO:Total games: 16800
2024-06-17 04:43:37,094 INFO:Total games: 16810
2024-06-17 04:44:46,265 INFO:Total games: 16820
2024-06-17 04:45:54,397 INFO:Total games: 16830
2024-06-17 04:47:06,573 INFO:Total games: 16840
2024-06-17 04:48:06,525 INFO:Total games: 16850
2024-06-17 04:49:26,736 INFO:Total games: 16860
2024-06-17 04:50:41,836 INFO:Total games: 16870
2024-06-17 04:51:49,149 INFO:Total games: 16880
2024-06-17 04:52:49,853 INFO:Total games: 16890
2024-06-17 04:53:54,275 INFO:Total games: 16900
2024-06-17 04:55:10,678 INFO:Total games: 16910
2024-06-17 04:56:25,729 INFO:Total games: 16920
2024-06-17 04:57:49,998 INFO:Total games: 16930
2024-06-17 04:58:58,285 INFO:Total games: 16940
2024-06-17 04:59:50,471 INFO:Total games: 16950
2024-06-17 05:01:04,928 INFO:Total games: 16960
2024-06-17 05:02:14,566 INFO:Total games: 16970
2024-06-17 05:03:16,529 INFO:Total games: 16980
2024-06-17 05:04:37,670 INFO:Total games: 16990
2024-06-17 05:05:26,183 INFO:Total games: 17000
2024-06-17 05:06:46,568 INFO:Total games: 17010
2024-06-17 05:08:19,936 INFO:Total games: 17020
2024-06-17 05:09:51,471 INFO:Total games: 17030
2024-06-17 05:11:26,875 INFO:Total games: 17040
2024-06-17 05:12:54,492 INFO:Total games: 17050
2024-06-17 05:14:17,445 INFO:Total games: 17060
2024-06-17 05:22:29,256 INFO:Total games: 17070
2024-06-17 05:23:46,217 INFO:Total games: 17080
2024-06-17 05:24:52,559 INFO:Total games: 17090
2024-06-17 05:26:02,733 INFO:Total games: 17100
2024-06-17 05:27:07,227 INFO:Total games: 17110
2024-06-17 05:28:10,674 INFO:Total games: 17120
2024-06-17 05:29:23,074 INFO:Total games: 17130
2024-06-17 05:30:30,672 INFO:Total games: 17140
2024-06-17 05:31:36,013 INFO:Total games: 17150
2024-06-17 05:32:37,111 INFO:Total games: 17160
2024-06-17 05:33:42,643 INFO:Total games: 17170
2024-06-17 05:34:58,961 INFO:Total games: 17180
2024-06-17 05:36:23,694 INFO:Total games: 17190
2024-06-17 05:37:22,154 INFO:Total games: 17200
2024-06-17 05:38:16,870 INFO:Total games: 17210
2024-06-17 05:39:28,864 INFO:Total games: 17220
2024-06-17 05:40:38,595 INFO:Total games: 17230
2024-06-17 05:41:58,456 INFO:Total games: 17240
2024-06-17 05:43:10,682 INFO:Total games: 17250
2024-06-17 05:44:22,196 INFO:Total games: 17260
2024-06-17 05:45:22,618 INFO:Total games: 17270
2024-06-17 05:46:34,263 INFO:Total games: 17280
2024-06-17 05:47:34,577 INFO:Total games: 17290
2024-06-17 05:48:38,108 INFO:Total games: 17300
2024-06-17 05:49:53,552 INFO:Total games: 17310
2024-06-17 05:50:50,393 INFO:Total games: 17320
2024-06-17 05:52:06,090 INFO:Total games: 17330
2024-06-17 05:53:21,233 INFO:Total games: 17340
2024-06-17 05:54:20,259 INFO:Total games: 17350
2024-06-17 05:55:34,054 INFO:Total games: 17360
2024-06-17 05:56:40,162 INFO:Total games: 17370
2024-06-17 05:57:46,445 INFO:Total games: 17380
2024-06-17 05:59:06,737 INFO:Total games: 17390
2024-06-17 06:00:08,369 INFO:Total games: 17400
2024-06-17 06:01:20,591 INFO:Total games: 17410
2024-06-17 06:02:17,596 INFO:Total games: 17420
2024-06-17 06:03:23,708 INFO:Total games: 17430
2024-06-17 06:04:34,436 INFO:Total games: 17440
2024-06-17 06:05:57,719 INFO:Total games: 17450
2024-06-17 06:06:59,832 INFO:Total games: 17460
2024-06-17 06:08:08,208 INFO:Total games: 17470
2024-06-17 06:09:04,111 INFO:Total games: 17480
2024-06-17 06:09:51,863 INFO:Total games: 17490
2024-06-17 06:11:01,324 INFO:Total games: 17500
2024-06-17 06:12:19,292 INFO:Total games: 17510
2024-06-17 06:13:36,518 INFO:Total games: 17520
2024-06-17 06:15:06,047 INFO:Total games: 17530
2024-06-17 06:16:14,871 INFO:Total games: 17540
2024-06-17 06:17:22,763 INFO:Total games: 17550
2024-06-17 06:18:28,424 INFO:Total games: 17560
2024-06-17 06:19:35,834 INFO:Total games: 17570
2024-06-17 06:20:38,040 INFO:Total games: 17580
2024-06-17 06:21:56,457 INFO:Total games: 17590
2024-06-17 06:23:06,018 INFO:Total games: 17600
2024-06-17 06:24:12,115 INFO:Total games: 17610
2024-06-17 06:25:30,146 INFO:Total games: 17620
2024-06-17 06:26:36,163 INFO:Total games: 17630
2024-06-17 06:27:52,186 INFO:Total games: 17640
2024-06-17 06:28:57,931 INFO:Total games: 17650
2024-06-17 06:30:04,575 INFO:Total games: 17660
2024-06-17 06:31:01,495 INFO:Total games: 17670
2024-06-17 06:31:57,722 INFO:Total games: 17680
2024-06-17 06:33:08,676 INFO:Total games: 17690
2024-06-17 06:34:45,756 INFO:Total games: 17700
2024-06-17 06:35:41,937 INFO:Total games: 17710
2024-06-17 06:36:59,339 INFO:Total games: 17720
2024-06-17 06:37:51,354 INFO:Total games: 17730
2024-06-17 06:39:00,532 INFO:Total games: 17740
2024-06-17 06:40:14,961 INFO:Total games: 17750
2024-06-17 06:41:39,020 INFO:Total games: 17760
2024-06-17 06:43:08,679 INFO:Total games: 17770
2024-06-17 06:44:50,468 INFO:Total games: 17780
2024-06-17 06:46:26,529 INFO:Total games: 17790
2024-06-17 06:55:01,296 INFO:Total games: 17800
2024-06-17 06:56:10,588 INFO:Total games: 17810
2024-06-17 06:57:14,110 INFO:Total games: 17820
2024-06-17 06:58:21,509 INFO:Total games: 17830
2024-06-17 06:59:32,169 INFO:Total games: 17840
2024-06-17 07:00:35,177 INFO:Total games: 17850
2024-06-17 07:01:41,138 INFO:Total games: 17860
2024-06-17 07:02:37,445 INFO:Total games: 17870
2024-06-17 07:03:58,022 INFO:Total games: 17880
2024-06-17 07:05:11,304 INFO:Total games: 17890
2024-06-17 07:06:15,257 INFO:Total games: 17900
2024-06-17 07:07:20,697 INFO:Total games: 17910
2024-06-17 07:08:42,527 INFO:Total games: 17920
2024-06-17 07:09:52,949 INFO:Total games: 17930
2024-06-17 07:10:58,731 INFO:Total games: 17940
2024-06-17 07:12:13,479 INFO:Total games: 17950
2024-06-17 07:13:31,010 INFO:Total games: 17960
2024-06-17 07:14:49,452 INFO:Total games: 17970
2024-06-17 07:15:53,261 INFO:Total games: 17980
2024-06-17 07:17:04,113 INFO:Total games: 17990
2024-06-17 07:18:16,039 INFO:Total games: 18000
2024-06-17 07:19:22,697 INFO:Total games: 18010
2024-06-17 07:20:42,636 INFO:Total games: 18020
2024-06-17 07:21:48,772 INFO:Total games: 18030
2024-06-17 07:23:09,004 INFO:Total games: 18040
2024-06-17 07:24:09,811 INFO:Total games: 18050
2024-06-17 07:24:57,927 INFO:Total games: 18060
2024-06-17 07:26:02,368 INFO:Total games: 18070
2024-06-17 07:27:06,843 INFO:Total games: 18080
2024-06-17 07:28:20,089 INFO:Total games: 18090
2024-06-17 07:29:34,386 INFO:Total games: 18100
2024-06-17 07:30:50,719 INFO:Total games: 18110
2024-06-17 07:31:50,596 INFO:Total games: 18120
2024-06-17 07:32:46,677 INFO:Total games: 18130
2024-06-17 07:33:42,706 INFO:Total games: 18140
2024-06-17 07:34:49,360 INFO:Total games: 18150
2024-06-17 07:36:01,104 INFO:Total games: 18160
2024-06-17 07:37:13,945 INFO:Total games: 18170
2024-06-17 07:38:13,983 INFO:Total games: 18180
2024-06-17 07:39:16,515 INFO:Total games: 18190
2024-06-17 07:40:26,828 INFO:Total games: 18200
2024-06-17 07:41:37,207 INFO:Total games: 18210
2024-06-17 07:42:49,937 INFO:Total games: 18220
2024-06-17 07:44:00,816 INFO:Total games: 18230
2024-06-17 07:44:59,251 INFO:Total games: 18240
2024-06-17 07:46:01,005 INFO:Total games: 18250
2024-06-17 07:47:07,040 INFO:Total games: 18260
2024-06-17 07:48:19,050 INFO:Total games: 18270
2024-06-17 07:49:27,692 INFO:Total games: 18280
2024-06-17 07:50:18,121 INFO:Total games: 18290
2024-06-17 07:51:23,093 INFO:Total games: 18300
2024-06-17 07:52:27,515 INFO:Total games: 18310
2024-06-17 07:53:43,369 INFO:Total games: 18320
2024-06-17 07:54:53,142 INFO:Total games: 18330
2024-06-17 07:55:55,122 INFO:Total games: 18340
2024-06-17 07:57:11,817 INFO:Total games: 18350
2024-06-17 07:58:15,813 INFO:Total games: 18360
2024-06-17 07:59:29,780 INFO:Total games: 18370
2024-06-17 08:00:42,619 INFO:Total games: 18380
2024-06-17 08:01:37,290 INFO:Total games: 18390
2024-06-17 08:02:44,241 INFO:Total games: 18400
2024-06-17 08:03:49,772 INFO:Total games: 18410
2024-06-17 08:04:57,527 INFO:Total games: 18420
2024-06-17 08:06:17,897 INFO:Total games: 18430
2024-06-17 08:07:29,488 INFO:Total games: 18440
2024-06-17 08:08:36,081 INFO:Total games: 18450
2024-06-17 08:09:46,734 INFO:Total games: 18460
2024-06-17 08:10:51,751 INFO:Total games: 18470
2024-06-17 08:12:02,260 INFO:Total games: 18480
2024-06-17 08:13:20,042 INFO:Total games: 18490
2024-06-17 08:15:09,468 INFO:Total games: 18500
2024-06-17 08:16:34,166 INFO:Total games: 18510
2024-06-17 08:17:42,599 INFO:Total games: 18520
2024-06-17 08:19:02,160 INFO:Total games: 18530
2024-06-17 08:27:12,703 INFO:Total games: 18540
2024-06-17 08:28:22,849 INFO:Total games: 18550
2024-06-17 08:29:46,518 INFO:Total games: 18560
2024-06-17 08:30:57,664 INFO:Total games: 18570
2024-06-17 08:31:45,389 INFO:Total games: 18580
2024-06-17 08:32:50,089 INFO:Total games: 18590
2024-06-17 08:34:03,311 INFO:Total games: 18600
2024-06-17 08:35:00,316 INFO:Total games: 18610
2024-06-17 08:36:05,657 INFO:Total games: 18620
2024-06-17 08:37:16,845 INFO:Total games: 18630
2024-06-17 08:38:19,272 INFO:Total games: 18640
2024-06-17 08:39:15,711 INFO:Total games: 18650
2024-06-17 08:40:22,914 INFO:Total games: 18660
2024-06-17 08:41:28,681 INFO:Total games: 18670
2024-06-17 08:42:41,698 INFO:Total games: 18680
2024-06-17 08:43:36,192 INFO:Total games: 18690
2024-06-17 08:44:46,510 INFO:Total games: 18700
2024-06-17 08:45:46,352 INFO:Total games: 18710
2024-06-17 08:46:48,504 INFO:Total games: 18720
2024-06-17 08:47:55,390 INFO:Total games: 18730
2024-06-17 08:48:59,550 INFO:Total games: 18740
2024-06-17 08:50:05,206 INFO:Total games: 18750
2024-06-17 08:51:12,079 INFO:Total games: 18760
2024-06-17 08:52:15,004 INFO:Total games: 18770
2024-06-17 08:53:23,031 INFO:Total games: 18780
2024-06-17 08:54:26,011 INFO:Total games: 18790
2024-06-17 08:55:26,870 INFO:Total games: 18800
2024-06-17 08:56:34,763 INFO:Total games: 18810
2024-06-17 08:57:38,791 INFO:Total games: 18820
2024-06-17 08:58:45,360 INFO:Total games: 18830
2024-06-17 09:00:00,860 INFO:Total games: 18840
2024-06-17 09:01:07,263 INFO:Total games: 18850
2024-06-17 09:02:10,774 INFO:Total games: 18860
2024-06-17 09:03:01,700 INFO:Total games: 18870
2024-06-17 09:04:11,143 INFO:Total games: 18880
2024-06-17 09:05:39,473 INFO:Total games: 18890
2024-06-17 09:06:37,019 INFO:Total games: 18900
2024-06-17 09:08:03,919 INFO:Total games: 18910
2024-06-17 09:09:05,665 INFO:Total games: 18920
2024-06-17 09:10:03,706 INFO:Total games: 18930
2024-06-17 09:11:08,280 INFO:Total games: 18940
2024-06-17 09:12:11,887 INFO:Total games: 18950
2024-06-17 09:13:08,136 INFO:Total games: 18960
2024-06-17 09:13:57,889 INFO:Total games: 18970
2024-06-17 09:15:16,110 INFO:Total games: 18980
2024-06-17 09:16:40,433 INFO:Total games: 18990
2024-06-17 09:17:50,826 INFO:Total games: 19000
2024-06-17 09:18:46,142 INFO:Total games: 19010
2024-06-17 09:19:43,554 INFO:Total games: 19020
2024-06-17 09:20:37,863 INFO:Total games: 19030
2024-06-17 09:21:42,555 INFO:Total games: 19040
2024-06-17 09:22:49,582 INFO:Total games: 19050
2024-06-17 09:23:48,481 INFO:Total games: 19060
2024-06-17 09:24:55,587 INFO:Total games: 19070
2024-06-17 09:26:16,654 INFO:Total games: 19080
2024-06-17 09:27:19,671 INFO:Total games: 19090
2024-06-17 09:28:26,397 INFO:Total games: 19100
2024-06-17 09:29:36,820 INFO:Total games: 19110
2024-06-17 09:30:45,975 INFO:Total games: 19120
2024-06-17 09:31:51,209 INFO:Total games: 19130
2024-06-17 09:32:53,475 INFO:Total games: 19140
2024-06-17 09:33:56,724 INFO:Total games: 19150
2024-06-17 09:34:53,489 INFO:Total games: 19160
2024-06-17 09:36:06,302 INFO:Total games: 19170
2024-06-17 09:37:10,918 INFO:Total games: 19180
2024-06-17 09:38:20,741 INFO:Total games: 19190
2024-06-17 09:39:26,841 INFO:Total games: 19200
2024-06-17 09:40:23,137 INFO:Total games: 19210
2024-06-17 09:41:34,961 INFO:Total games: 19220
2024-06-17 09:42:42,919 INFO:Total games: 19230
2024-06-17 09:44:03,637 INFO:Total games: 19240
2024-06-17 09:45:26,779 INFO:Total games: 19250
2024-06-17 09:46:49,928 INFO:Total games: 19260
2024-06-17 09:48:02,109 INFO:Total games: 19270
2024-06-17 09:49:24,886 INFO:Total games: 19280
2024-06-17 09:50:32,315 INFO:Total games: 19290
2024-06-17 09:58:37,887 INFO:Total games: 19300
2024-06-17 09:59:43,382 INFO:Total games: 19310
2024-06-17 10:00:44,976 INFO:Total games: 19320
2024-06-17 10:01:49,434 INFO:Total games: 19330
2024-06-17 10:03:15,613 INFO:Total games: 19340
2024-06-17 10:04:29,140 INFO:Total games: 19350
2024-06-17 10:05:40,214 INFO:Total games: 19360
2024-06-17 10:06:43,147 INFO:Total games: 19370
2024-06-17 10:07:49,241 INFO:Total games: 19380
2024-06-17 10:09:02,920 INFO:Total games: 19390
2024-06-17 10:10:04,488 INFO:Total games: 19400
2024-06-17 10:10:56,011 INFO:Total games: 19410
2024-06-17 10:11:55,836 INFO:Total games: 19420
2024-06-17 10:12:55,825 INFO:Total games: 19430
2024-06-17 10:14:11,643 INFO:Total games: 19440
2024-06-17 10:15:16,381 INFO:Total games: 19450
2024-06-17 10:16:29,470 INFO:Total games: 19460
2024-06-17 10:17:33,331 INFO:Total games: 19470
2024-06-17 10:18:45,429 INFO:Total games: 19480
2024-06-17 10:20:04,861 INFO:Total games: 19490
2024-06-17 10:21:09,205 INFO:Total games: 19500
2024-06-17 10:22:29,368 INFO:Total games: 19510
2024-06-17 10:23:37,261 INFO:Total games: 19520
2024-06-17 10:24:51,954 INFO:Total games: 19530
2024-06-17 10:25:57,132 INFO:Total games: 19540
2024-06-17 10:27:04,912 INFO:Total games: 19550
2024-06-17 10:28:30,070 INFO:Total games: 19560
2024-06-17 10:29:41,771 INFO:Total games: 19570
2024-06-17 10:30:57,508 INFO:Total games: 19580
2024-06-17 10:32:19,248 INFO:Total games: 19590
2024-06-17 10:33:39,323 INFO:Total games: 19600
2024-06-17 10:34:58,417 INFO:Total games: 19610
2024-06-17 10:36:12,901 INFO:Total games: 19620
2024-06-17 10:37:16,713 INFO:Total games: 19630
2024-06-17 10:38:31,475 INFO:Total games: 19640
2024-06-17 10:39:52,656 INFO:Total games: 19650
2024-06-17 10:41:17,366 INFO:Total games: 19660
2024-06-17 10:42:16,456 INFO:Total games: 19670
2024-06-17 10:43:25,922 INFO:Total games: 19680
2024-06-17 10:44:33,475 INFO:Total games: 19690
2024-06-17 10:45:38,476 INFO:Total games: 19700
2024-06-17 10:46:48,539 INFO:Total games: 19710
2024-06-17 10:48:02,853 INFO:Total games: 19720
2024-06-17 10:49:21,508 INFO:Total games: 19730
2024-06-17 10:50:39,089 INFO:Total games: 19740
2024-06-17 10:51:50,376 INFO:Total games: 19750
2024-06-17 10:53:13,354 INFO:Total games: 19760
2024-06-17 10:54:22,962 INFO:Total games: 19770
2024-06-17 10:55:35,429 INFO:Total games: 19780
2024-06-17 10:56:47,138 INFO:Total games: 19790
2024-06-17 10:58:11,814 INFO:Total games: 19800
2024-06-17 10:59:27,980 INFO:Total games: 19810
2024-06-17 11:00:42,390 INFO:Total games: 19820
2024-06-17 11:01:49,168 INFO:Total games: 19830
2024-06-17 11:03:13,788 INFO:Total games: 19840
2024-06-17 11:04:24,895 INFO:Total games: 19850
2024-06-17 11:05:19,647 INFO:Total games: 19860
2024-06-17 11:06:33,115 INFO:Total games: 19870
2024-06-17 11:07:57,788 INFO:Total games: 19880
2024-06-17 11:09:02,349 INFO:Total games: 19890
2024-06-17 11:10:12,659 INFO:Total games: 19900
2024-06-17 11:11:32,099 INFO:Total games: 19910
2024-06-17 11:12:43,625 INFO:Total games: 19920
2024-06-17 11:13:49,495 INFO:Total games: 19930
2024-06-17 11:14:51,292 INFO:Total games: 19940
2024-06-17 11:16:17,108 INFO:Total games: 19950
2024-06-17 11:17:50,674 INFO:Total games: 19960
2024-06-17 11:19:25,613 INFO:Total games: 19970
2024-06-17 11:20:38,338 INFO:Total games: 19980
2024-06-17 11:22:21,018 INFO:Total games: 19990
2024-06-17 11:23:55,147 INFO:Total games: 20000
2024-06-17 11:32:11,975 INFO:Total games: 20010
2024-06-17 11:33:11,222 INFO:Total games: 20020
2024-06-17 11:34:09,756 INFO:Total games: 20030
2024-06-17 11:35:15,125 INFO:Total games: 20040
2024-06-17 11:36:30,520 INFO:Total games: 20050
2024-06-17 11:37:26,815 INFO:Total games: 20060
2024-06-17 11:38:27,675 INFO:Total games: 20070
2024-06-17 11:39:31,974 INFO:Total games: 20080
2024-06-17 11:40:46,308 INFO:Total games: 20090
2024-06-17 11:41:56,741 INFO:Total games: 20100
2024-06-17 11:43:05,179 INFO:Total games: 20110
2024-06-17 11:43:54,463 INFO:Total games: 20120
2024-06-17 11:45:10,038 INFO:Total games: 20130
2024-06-17 11:46:13,794 INFO:Total games: 20140
2024-06-17 11:47:24,685 INFO:Total games: 20150
2024-06-17 11:48:30,219 INFO:Total games: 20160
2024-06-17 11:49:44,143 INFO:Total games: 20170
2024-06-17 11:50:59,794 INFO:Total games: 20180
2024-06-17 11:52:09,806 INFO:Total games: 20190
2024-06-17 11:53:28,028 INFO:Total games: 20200
2024-06-17 11:54:41,758 INFO:Total games: 20210
2024-06-17 11:55:59,043 INFO:Total games: 20220
2024-06-17 11:56:51,573 INFO:Total games: 20230
2024-06-17 11:57:52,101 INFO:Total games: 20240
2024-06-17 11:59:08,972 INFO:Total games: 20250
2024-06-17 12:00:24,814 INFO:Total games: 20260
2024-06-17 12:01:33,418 INFO:Total games: 20270
2024-06-17 12:02:48,279 INFO:Total games: 20280
2024-06-17 12:04:11,974 INFO:Total games: 20290
2024-06-17 12:05:14,201 INFO:Total games: 20300
2024-06-17 12:06:30,361 INFO:Total games: 20310
2024-06-17 12:07:50,405 INFO:Total games: 20320
2024-06-17 12:09:19,662 INFO:Total games: 20330
2024-06-17 12:10:14,012 INFO:Total games: 20340
2024-06-17 12:11:28,037 INFO:Total games: 20350
2024-06-17 12:12:45,014 INFO:Total games: 20360
2024-06-17 12:14:01,589 INFO:Total games: 20370
2024-06-17 12:15:25,428 INFO:Total games: 20380
2024-06-17 12:16:23,306 INFO:Total games: 20390
2024-06-17 12:17:48,757 INFO:Total games: 20400
2024-06-17 12:19:20,287 INFO:Total games: 20410
2024-06-17 12:20:22,551 INFO:Total games: 20420
2024-06-17 12:21:25,905 INFO:Total games: 20430
2024-06-17 12:22:29,789 INFO:Total games: 20440
2024-06-17 12:23:43,391 INFO:Total games: 20450
2024-06-17 12:25:15,183 INFO:Total games: 20460
2024-06-17 12:26:17,455 INFO:Total games: 20470
2024-06-17 12:27:23,494 INFO:Total games: 20480
2024-06-17 12:28:32,495 INFO:Total games: 20490
2024-06-17 12:29:55,856 INFO:Total games: 20500
2024-06-17 12:31:17,244 INFO:Total games: 20510
2024-06-17 12:32:33,531 INFO:Total games: 20520
2024-06-17 12:35:15,536 INFO:Total games: 20530
2024-06-17 12:37:01,861 INFO:Total games: 20540
2024-06-17 12:38:06,070 INFO:Total games: 20550
2024-06-17 12:39:17,881 INFO:Total games: 20560
2024-06-17 12:40:29,250 INFO:Total games: 20570
2024-06-17 12:41:50,543 INFO:Total games: 20580
2024-06-17 12:43:02,819 INFO:Total games: 20590
2024-06-17 12:43:57,392 INFO:Total games: 20600
2024-06-17 12:45:07,713 INFO:Total games: 20610
2024-06-17 12:46:29,903 INFO:Total games: 20620
2024-06-17 12:47:49,195 INFO:Total games: 20630
2024-06-17 12:49:10,648 INFO:Total games: 20640
2024-06-17 12:50:15,003 INFO:Total games: 20650
2024-06-17 12:51:34,606 INFO:Total games: 20660
2024-06-17 12:52:54,755 INFO:Total games: 20670
2024-06-17 12:54:37,851 INFO:Total games: 20680
2024-06-17 12:56:04,611 INFO:Total games: 20690
2024-06-17 12:57:44,707 INFO:Total games: 20700
2024-06-17 12:59:09,395 INFO:Total games: 20710
2024-06-17 13:06:55,562 INFO:Total games: 20720
2024-06-17 13:07:58,118 INFO:Total games: 20730
2024-06-17 13:08:46,761 INFO:Total games: 20740
2024-06-17 13:10:04,104 INFO:Total games: 20750
2024-06-17 13:11:28,249 INFO:Total games: 20760
2024-06-17 13:12:48,307 INFO:Total games: 20770
2024-06-17 13:14:08,821 INFO:Total games: 20780
2024-06-17 13:15:00,691 INFO:Total games: 20790
2024-06-17 13:16:19,251 INFO:Total games: 20800
2024-06-17 13:17:34,755 INFO:Total games: 20810
2024-06-17 13:18:41,436 INFO:Total games: 20820
2024-06-17 13:19:50,422 INFO:Total games: 20830
2024-06-17 13:21:07,465 INFO:Total games: 20840
2024-06-17 13:22:20,175 INFO:Total games: 20850
2024-06-17 13:23:24,863 INFO:Total games: 20860
2024-06-17 13:24:44,955 INFO:Total games: 20870
2024-06-17 13:26:31,028 INFO:Total games: 20880
2024-06-17 13:27:44,704 INFO:Total games: 20890
2024-06-17 13:28:47,489 INFO:Total games: 20900
2024-06-17 13:29:40,799 INFO:Ending
2024-06-17 13:29:40,800 INFO:Duration: 2 days, 13 hours, 42 minutes, 2 seconds
2024-06-17 13:31:37,216 INFO:Starting
2024-06-17 13:32:44,126 INFO:Total games: 10
2024-06-17 13:33:46,428 INFO:Total games: 20
2024-06-17 13:34:54,738 INFO:Total games: 30
2024-06-17 13:36:00,508 INFO:Total games: 40
2024-06-17 13:37:18,639 INFO:Total games: 50
2024-06-17 13:37:22,791 INFO:Ending
2024-06-17 13:37:22,791 INFO:Duration: 0 days, 0 hours, 5 minutes, 45 seconds
2024-06-17 13:38:20,492 INFO:Starting
2024-06-17 13:39:28,692 INFO:Total games: 10
2024-06-17 13:40:42,127 INFO:Total games: 20
2024-06-17 13:42:10,846 INFO:Total games: 30
2024-06-17 13:43:15,395 INFO:Total games: 40
2024-06-17 13:44:39,109 INFO:Total games: 50
2024-06-17 13:46:00,417 INFO:Total games: 60
2024-06-17 13:47:03,069 INFO:Total games: 70
2024-06-17 13:55:55,853 INFO:Total games: 80
2024-06-17 13:57:07,769 INFO:Total games: 90
2024-06-17 13:58:04,155 INFO:Total games: 100
2024-06-17 13:58:59,935 INFO:Total games: 110
2024-06-17 14:00:09,396 INFO:Total games: 120
2024-06-17 14:01:23,410 INFO:Total games: 130
2024-06-17 14:02:38,828 INFO:Total games: 140
2024-06-17 14:03:48,360 INFO:Total games: 150
2024-06-17 14:05:04,213 INFO:Total games: 160
2024-06-17 14:06:14,543 INFO:Total games: 170
2024-06-17 14:07:26,306 INFO:Total games: 180
2024-06-17 14:08:50,068 INFO:Total games: 190
2024-06-17 14:10:02,678 INFO:Total games: 200
2024-06-17 14:11:27,517 INFO:Total games: 210
2024-06-17 14:12:40,160 INFO:Total games: 220
2024-06-17 14:13:43,131 INFO:Total games: 230
2024-06-17 14:14:57,797 INFO:Total games: 240
2024-06-17 14:16:26,498 INFO:Total games: 250
2024-06-17 14:17:20,950 INFO:Total games: 260
2024-06-17 14:18:26,200 INFO:Total games: 270
2024-06-17 14:19:38,408 INFO:Total games: 280
2024-06-17 14:20:37,606 INFO:Total games: 290
2024-06-17 14:21:26,282 INFO:Total games: 300
2024-06-17 14:22:27,699 INFO:Total games: 310
2024-06-17 14:23:48,996 INFO:Total games: 320
2024-06-17 14:25:04,305 INFO:Total games: 330
2024-06-17 14:26:04,494 INFO:Total games: 340
2024-06-17 14:27:17,260 INFO:Total games: 350
2024-06-17 14:28:11,833 INFO:Total games: 360
2024-06-17 14:29:27,569 INFO:Total games: 370
2024-06-17 14:30:52,019 INFO:Total games: 380
2024-06-17 14:32:04,980 INFO:Total games: 390
2024-06-17 14:32:54,699 INFO:Total games: 400
2024-06-17 14:33:54,322 INFO:Total games: 410
2024-06-17 14:35:00,290 INFO:Total games: 420
2024-06-17 14:36:00,006 INFO:Total games: 430
2024-06-17 14:37:16,486 INFO:Total games: 440
2024-06-17 14:38:27,543 INFO:Total games: 450
2024-06-17 14:39:29,961 INFO:Total games: 460
2024-06-17 14:40:43,083 INFO:Total games: 470
2024-06-17 14:41:55,572 INFO:Total games: 480
2024-06-17 14:43:04,831 INFO:Total games: 490
2024-06-17 14:44:06,116 INFO:Total games: 500
2024-06-17 14:45:14,679 INFO:Total games: 510
2024-06-17 14:46:16,873 INFO:Total games: 520
2024-06-17 14:47:13,038 INFO:Total games: 530
2024-06-17 14:48:24,589 INFO:Total games: 540
2024-06-17 14:49:39,801 INFO:Total games: 550
2024-06-17 14:51:15,449 INFO:Total games: 560
2024-06-17 14:52:29,862 INFO:Total games: 570
2024-06-17 14:54:11,165 INFO:Total games: 580
2024-06-17 14:55:20,435 INFO:Total games: 590
2024-06-17 14:57:28,934 INFO:Total games: 600
2024-06-17 15:06:41,174 INFO:Total games: 610
2024-06-17 15:07:40,505 INFO:Total games: 620
2024-06-17 15:08:35,539 INFO:Total games: 630
2024-06-17 15:09:48,740 INFO:Total games: 640
2024-06-17 15:10:46,529 INFO:Total games: 650
2024-06-17 15:12:01,041 INFO:Total games: 660
2024-06-17 15:13:06,925 INFO:Total games: 670
2024-06-17 15:14:13,513 INFO:Total games: 680
2024-06-17 15:15:20,193 INFO:Total games: 690
2024-06-17 15:16:36,459 INFO:Total games: 700
2024-06-17 15:17:52,101 INFO:Total games: 710
2024-06-17 15:18:56,072 INFO:Total games: 720
2024-06-17 15:20:01,782 INFO:Total games: 730
2024-06-17 15:21:13,278 INFO:Total games: 740
2024-06-17 15:22:13,269 INFO:Total games: 750
2024-06-17 15:23:21,642 INFO:Total games: 760
2024-06-17 15:24:19,412 INFO:Total games: 770
2024-06-17 15:25:20,865 INFO:Total games: 780
2024-06-17 15:26:34,458 INFO:Total games: 790
2024-06-17 15:27:49,378 INFO:Total games: 800
2024-06-17 15:28:50,050 INFO:Total games: 810
2024-06-17 15:29:55,269 INFO:Total games: 820
2024-06-17 15:31:12,720 INFO:Total games: 830
2024-06-17 15:32:15,903 INFO:Total games: 840
2024-06-17 15:33:41,203 INFO:Total games: 850
2024-06-17 15:34:35,209 INFO:Total games: 860
2024-06-17 15:35:41,243 INFO:Total games: 870
2024-06-17 15:36:43,157 INFO:Total games: 880
2024-06-17 15:37:40,727 INFO:Total games: 890
2024-06-17 15:38:51,415 INFO:Total games: 900
2024-06-17 15:40:07,876 INFO:Total games: 910
2024-06-17 15:41:17,773 INFO:Total games: 920
2024-06-17 15:42:22,802 INFO:Total games: 930
2024-06-17 15:43:27,156 INFO:Total games: 940
2024-06-17 15:44:30,401 INFO:Total games: 950
2024-06-17 15:45:54,694 INFO:Total games: 960
2024-06-17 15:47:03,762 INFO:Total games: 970
2024-06-17 15:48:13,064 INFO:Total games: 980
2024-06-17 15:49:10,658 INFO:Total games: 990
2024-06-17 15:50:22,131 INFO:Total games: 1000
2024-06-17 15:51:27,994 INFO:Total games: 1010
2024-06-17 15:52:40,115 INFO:Total games: 1020
2024-06-17 15:53:40,904 INFO:Total games: 1030
2024-06-17 15:54:44,304 INFO:Total games: 1040
2024-06-17 15:55:38,688 INFO:Total games: 1050
2024-06-17 15:56:55,572 INFO:Total games: 1060
2024-06-17 15:58:19,494 INFO:Total games: 1070
2024-06-17 15:59:33,654 INFO:Total games: 1080
2024-06-17 16:01:07,476 INFO:Total games: 1090
2024-06-17 16:02:13,221 INFO:Total games: 1100
2024-06-17 16:03:07,339 INFO:Total games: 1110
2024-06-17 16:04:14,112 INFO:Total games: 1120
2024-06-17 16:05:13,241 INFO:Total games: 1130
2024-06-17 16:06:24,881 INFO:Total games: 1140
2024-06-17 16:07:46,801 INFO:Total games: 1150
2024-06-17 16:08:48,034 INFO:Total games: 1160
2024-06-17 16:09:46,010 INFO:Total games: 1170
2024-06-17 16:10:59,357 INFO:Total games: 1180
2024-06-17 16:12:09,578 INFO:Total games: 1190
2024-06-17 16:13:27,243 INFO:Total games: 1200
2024-06-17 16:14:39,930 INFO:Total games: 1210
2024-06-17 16:15:51,753 INFO:Total games: 1220
2024-06-17 16:17:10,108 INFO:Total games: 1230
2024-06-17 16:18:17,229 INFO:Total games: 1240
2024-06-17 16:19:29,766 INFO:Total games: 1250
2024-06-17 16:20:38,005 INFO:Total games: 1260
2024-06-17 16:21:55,526 INFO:Total games: 1270
2024-06-17 16:22:59,484 INFO:Total games: 1280
2024-06-17 16:24:07,627 INFO:Total games: 1290
2024-06-17 16:25:11,883 INFO:Total games: 1300
2024-06-17 16:26:34,779 INFO:Total games: 1310
2024-06-17 16:28:01,096 INFO:Total games: 1320
2024-06-17 16:29:18,461 INFO:Total games: 1330
2024-06-17 16:30:42,428 INFO:Total games: 1340
2024-06-17 16:32:17,642 INFO:Total games: 1350
2024-06-17 16:41:30,596 INFO:Total games: 1360
2024-06-17 16:42:24,569 INFO:Total games: 1370
2024-06-17 16:43:25,810 INFO:Total games: 1380
2024-06-17 16:44:21,183 INFO:Total games: 1390
2024-06-17 16:45:27,470 INFO:Total games: 1400
2024-06-17 16:46:45,898 INFO:Total games: 1410
2024-06-17 16:47:47,868 INFO:Total games: 1420
2024-06-17 16:49:05,566 INFO:Total games: 1430
2024-06-17 16:50:15,238 INFO:Total games: 1440
2024-06-17 16:51:25,352 INFO:Total games: 1450
2024-06-17 16:52:38,746 INFO:Total games: 1460
2024-06-17 16:53:52,503 INFO:Total games: 1470
2024-06-17 16:55:00,370 INFO:Total games: 1480
2024-06-17 16:56:22,503 INFO:Total games: 1490
2024-06-17 16:57:18,729 INFO:Total games: 1500
2024-06-17 16:58:32,261 INFO:Total games: 1510
2024-06-17 16:59:56,321 INFO:Total games: 1520
2024-06-17 17:01:04,966 INFO:Total games: 1530
2024-06-17 17:02:21,251 INFO:Total games: 1540
2024-06-17 17:03:33,260 INFO:Total games: 1550
2024-06-17 17:04:54,975 INFO:Total games: 1560
2024-06-17 17:06:23,840 INFO:Total games: 1570
2024-06-17 17:07:36,677 INFO:Total games: 1580
2024-06-17 17:08:43,803 INFO:Total games: 1590
2024-06-17 17:09:47,912 INFO:Total games: 1600
2024-06-17 17:10:53,571 INFO:Total games: 1610
2024-06-17 17:12:14,392 INFO:Total games: 1620
2024-06-17 17:13:24,452 INFO:Total games: 1630
2024-06-17 17:14:27,316 INFO:Total games: 1640
2024-06-17 17:15:46,033 INFO:Total games: 1650
2024-06-17 17:17:00,274 INFO:Total games: 1660
2024-06-17 17:18:14,540 INFO:Total games: 1670
2024-06-17 17:19:18,414 INFO:Total games: 1680
2024-06-17 17:20:34,223 INFO:Total games: 1690
2024-06-17 17:21:53,341 INFO:Total games: 1700
2024-06-17 17:23:08,918 INFO:Total games: 1710
2024-06-17 17:24:25,147 INFO:Total games: 1720
2024-06-17 17:25:42,120 INFO:Total games: 1730
2024-06-17 17:26:38,246 INFO:Total games: 1740
2024-06-17 17:27:43,477 INFO:Total games: 1750
2024-06-17 17:28:54,344 INFO:Total games: 1760
2024-06-17 17:30:11,318 INFO:Total games: 1770
2024-06-17 17:31:02,953 INFO:Total games: 1780
2024-06-17 17:31:59,581 INFO:Total games: 1790
2024-06-17 17:33:18,158 INFO:Total games: 1800
2024-06-17 17:34:35,608 INFO:Total games: 1810
2024-06-17 17:35:35,239 INFO:Total games: 1820
2024-06-17 17:36:36,070 INFO:Total games: 1830
2024-06-17 17:37:39,243 INFO:Total games: 1840
2024-06-17 17:38:58,063 INFO:Total games: 1850
2024-06-17 17:40:22,175 INFO:Total games: 1860
2024-06-17 17:41:30,506 INFO:Total games: 1870
2024-06-17 17:42:45,555 INFO:Total games: 1880
2024-06-17 17:43:55,828 INFO:Total games: 1890
2024-06-17 17:45:06,905 INFO:Total games: 1900
2024-06-17 17:46:21,312 INFO:Total games: 1910
2024-06-17 17:47:40,828 INFO:Total games: 1920
2024-06-17 17:48:52,518 INFO:Total games: 1930
2024-06-17 17:50:12,967 INFO:Total games: 1940
2024-06-17 17:51:23,405 INFO:Total games: 1950
2024-06-17 17:52:28,617 INFO:Total games: 1960
2024-06-17 17:53:47,212 INFO:Total games: 1970
2024-06-17 17:55:12,758 INFO:Total games: 1980
2024-06-17 17:56:24,107 INFO:Total games: 1990
2024-06-17 17:57:19,843 INFO:Total games: 2000
2024-06-17 17:58:24,236 INFO:Total games: 2010
2024-06-17 17:59:52,761 INFO:Total games: 2020
2024-06-17 18:01:00,956 INFO:Total games: 2030
2024-06-17 18:03:07,050 INFO:Total games: 2040
2024-06-17 18:04:42,428 INFO:Total games: 2050
2024-06-17 18:06:16,270 INFO:Total games: 2060
2024-06-17 18:16:01,815 INFO:Total games: 2070
2024-06-17 18:17:00,493 INFO:Total games: 2080
2024-06-17 18:18:09,117 INFO:Total games: 2090
2024-06-17 18:19:09,299 INFO:Total games: 2100
2024-06-17 18:20:10,377 INFO:Total games: 2110
2024-06-17 18:21:19,380 INFO:Total games: 2120
2024-06-17 18:22:39,675 INFO:Total games: 2130
2024-06-17 18:23:52,110 INFO:Total games: 2140
2024-06-17 18:25:12,588 INFO:Total games: 2150
2024-06-17 18:26:34,825 INFO:Total games: 2160
2024-06-17 18:27:47,619 INFO:Total games: 2170
2024-06-17 18:29:14,186 INFO:Total games: 2180
2024-06-17 18:30:09,073 INFO:Total games: 2190
2024-06-17 18:31:13,622 INFO:Total games: 2200
2024-06-17 18:32:13,716 INFO:Total games: 2210
2024-06-17 18:33:33,027 INFO:Total games: 2220
2024-06-17 18:34:35,058 INFO:Total games: 2230
2024-06-17 18:35:55,874 INFO:Total games: 2240
2024-06-17 18:37:17,609 INFO:Total games: 2250
2024-06-17 18:38:22,901 INFO:Total games: 2260
2024-06-17 18:39:31,537 INFO:Total games: 2270
2024-06-17 18:40:55,878 INFO:Total games: 2280
2024-06-17 18:42:05,755 INFO:Total games: 2290
2024-06-17 18:43:12,337 INFO:Total games: 2300
2024-06-17 18:44:14,264 INFO:Total games: 2310
2024-06-17 18:45:44,718 INFO:Total games: 2320
2024-06-17 18:46:54,748 INFO:Total games: 2330
2024-06-17 18:48:18,180 INFO:Total games: 2340
2024-06-17 18:49:42,252 INFO:Total games: 2350
2024-06-17 18:51:02,328 INFO:Total games: 2360
2024-06-17 18:52:15,816 INFO:Total games: 2370
2024-06-17 18:53:06,987 INFO:Total games: 2380
2024-06-17 18:54:14,897 INFO:Total games: 2390
2024-06-17 18:55:30,937 INFO:Total games: 2400
2024-06-17 18:56:54,391 INFO:Total games: 2410
2024-06-17 18:58:02,685 INFO:Total games: 2420
2024-06-17 18:59:17,217 INFO:Total games: 2430
2024-06-17 19:00:32,464 INFO:Total games: 2440
2024-06-17 19:02:09,624 INFO:Total games: 2450
2024-06-17 19:03:25,858 INFO:Total games: 2460
2024-06-17 19:04:44,363 INFO:Total games: 2470
2024-06-17 19:05:53,013 INFO:Total games: 2480
2024-06-17 19:07:21,290 INFO:Total games: 2490
2024-06-17 19:08:39,715 INFO:Total games: 2500
2024-06-17 19:09:59,781 INFO:Total games: 2510
2024-06-17 19:11:16,451 INFO:Total games: 2520
2024-06-17 19:12:25,027 INFO:Total games: 2530
2024-06-17 19:13:34,370 INFO:Total games: 2540
2024-06-17 19:14:54,338 INFO:Total games: 2550
2024-06-17 19:15:48,472 INFO:Total games: 2560
2024-06-17 19:17:00,070 INFO:Total games: 2570
2024-06-17 19:18:14,106 INFO:Total games: 2580
2024-06-17 19:19:20,206 INFO:Total games: 2590
2024-06-17 19:20:31,308 INFO:Total games: 2600
2024-06-17 19:21:30,281 INFO:Total games: 2610
2024-06-17 19:22:43,009 INFO:Total games: 2620
2024-06-17 19:23:56,095 INFO:Total games: 2630
2024-06-17 19:25:07,872 INFO:Total games: 2640
2024-06-17 19:26:15,623 INFO:Total games: 2650
2024-06-17 19:27:27,700 INFO:Total games: 2660
2024-06-17 19:28:41,179 INFO:Total games: 2670
2024-06-17 19:29:39,958 INFO:Total games: 2680
2024-06-17 19:31:02,059 INFO:Total games: 2690
2024-06-17 19:32:05,782 INFO:Total games: 2700
2024-06-17 19:33:16,047 INFO:Total games: 2710
2024-06-17 19:34:18,215 INFO:Total games: 2720
2024-06-17 19:35:24,255 INFO:Total games: 2730
2024-06-17 19:36:37,070 INFO:Total games: 2740
2024-06-17 19:37:57,925 INFO:Total games: 2750
2024-06-17 19:39:17,923 INFO:Total games: 2760
2024-06-17 19:40:38,237 INFO:Total games: 2770
2024-06-17 19:42:10,875 INFO:Total games: 2780
2024-06-17 19:51:27,146 INFO:Total games: 2790
2024-06-17 19:52:34,765 INFO:Total games: 2800
2024-06-17 19:53:51,121 INFO:Total games: 2810
2024-06-17 19:54:58,939 INFO:Total games: 2820
2024-06-17 19:56:05,740 INFO:Total games: 2830
2024-06-17 19:57:18,059 INFO:Total games: 2840
2024-06-17 19:58:45,143 INFO:Total games: 2850
2024-06-17 19:59:45,053 INFO:Total games: 2860
2024-06-17 20:00:58,690 INFO:Total games: 2870
2024-06-17 20:02:04,589 INFO:Total games: 2880
2024-06-17 20:03:04,594 INFO:Total games: 2890
2024-06-17 20:04:10,784 INFO:Total games: 2900
2024-06-17 20:05:10,268 INFO:Total games: 2910
2024-06-17 20:06:24,304 INFO:Total games: 2920
2024-06-17 20:07:31,929 INFO:Total games: 2930
2024-06-17 20:08:40,665 INFO:Total games: 2940
2024-06-17 20:09:42,425 INFO:Total games: 2950
2024-06-17 20:10:51,315 INFO:Total games: 2960
2024-06-17 20:11:37,810 INFO:Total games: 2970
2024-06-17 20:12:58,846 INFO:Total games: 2980
2024-06-17 20:14:05,187 INFO:Total games: 2990
2024-06-17 20:15:25,226 INFO:Total games: 3000
2024-06-17 20:16:33,036 INFO:Total games: 3010
2024-06-17 20:17:50,610 INFO:Total games: 3020
2024-06-17 20:19:09,282 INFO:Total games: 3030
2024-06-17 20:20:26,965 INFO:Total games: 3040
2024-06-17 20:21:22,646 INFO:Total games: 3050
2024-06-17 20:22:23,866 INFO:Total games: 3060
2024-06-17 20:23:50,056 INFO:Total games: 3070
2024-06-17 20:24:56,218 INFO:Total games: 3080
2024-06-17 20:25:52,245 INFO:Total games: 3090
2024-06-17 20:27:05,143 INFO:Total games: 3100
2024-06-17 20:28:13,840 INFO:Total games: 3110
2024-06-17 20:29:10,978 INFO:Total games: 3120
2024-06-17 20:30:14,102 INFO:Total games: 3130
2024-06-17 20:31:24,823 INFO:Total games: 3140
2024-06-17 20:32:45,213 INFO:Total games: 3150
2024-06-17 20:33:43,710 INFO:Total games: 3160
2024-06-17 20:35:07,629 INFO:Total games: 3170
2024-06-17 20:36:20,320 INFO:Total games: 3180
2024-06-17 20:37:26,137 INFO:Total games: 3190
2024-06-17 20:38:42,398 INFO:Total games: 3200
2024-06-17 20:39:49,566 INFO:Total games: 3210
2024-06-17 20:41:22,054 INFO:Total games: 3220
2024-06-17 20:42:30,565 INFO:Total games: 3230
2024-06-17 20:43:28,146 INFO:Total games: 3240
2024-06-17 20:44:34,344 INFO:Total games: 3250
2024-06-17 20:45:38,086 INFO:Total games: 3260
2024-06-17 20:46:50,187 INFO:Total games: 3270
2024-06-17 20:47:56,426 INFO:Total games: 3280
2024-06-17 20:49:10,480 INFO:Total games: 3290
2024-06-17 20:50:21,769 INFO:Total games: 3300
2024-06-17 20:51:35,872 INFO:Total games: 3310
2024-06-17 20:52:50,251 INFO:Total games: 3320
2024-06-17 20:54:12,718 INFO:Total games: 3330
2024-06-17 20:55:30,893 INFO:Total games: 3340
2024-06-17 20:56:34,083 INFO:Total games: 3350
2024-06-17 20:57:44,982 INFO:Total games: 3360
2024-06-17 20:58:43,641 INFO:Total games: 3370
2024-06-17 21:00:01,761 INFO:Total games: 3380
2024-06-17 21:01:25,995 INFO:Total games: 3390
2024-06-17 21:02:46,724 INFO:Total games: 3400
2024-06-17 21:04:16,434 INFO:Total games: 3410
2024-06-17 21:05:27,479 INFO:Total games: 3420
2024-06-17 21:06:29,404 INFO:Total games: 3430
2024-06-17 21:07:44,710 INFO:Total games: 3440
2024-06-17 21:08:47,768 INFO:Total games: 3450
2024-06-17 21:09:49,285 INFO:Total games: 3460
2024-06-17 21:11:35,771 INFO:Total games: 3470
2024-06-17 21:12:53,097 INFO:Total games: 3480
2024-06-17 21:14:25,079 INFO:Total games: 3490
2024-06-17 21:15:46,282 INFO:Total games: 3500
2024-06-17 21:17:21,002 INFO:Total games: 3510
2024-06-17 21:18:21,556 INFO:Total games: 3520
2024-06-17 21:18:21,556 INFO:FULL
2024-06-17 21:20:21,554 INFO:FULL
2024-06-17 21:22:21,566 INFO:FULL
2024-06-17 21:24:21,577 INFO:FULL
2024-06-17 21:27:39,524 INFO:Total games: 3530
2024-06-17 21:28:54,602 INFO:Total games: 3540
2024-06-17 21:30:13,273 INFO:Total games: 3550
2024-06-17 21:31:21,241 INFO:Total games: 3560
2024-06-17 21:32:20,873 INFO:Total games: 3570
2024-06-17 21:33:30,156 INFO:Total games: 3580
2024-06-17 21:34:35,132 INFO:Total games: 3590
2024-06-17 21:35:38,175 INFO:Total games: 3600
2024-06-17 21:36:39,257 INFO:Total games: 3610
2024-06-17 21:37:49,421 INFO:Total games: 3620
2024-06-17 21:39:10,071 INFO:Total games: 3630
2024-06-17 21:40:25,570 INFO:Total games: 3640
2024-06-17 21:41:38,943 INFO:Total games: 3650
2024-06-17 21:42:52,645 INFO:Total games: 3660
2024-06-17 21:44:20,083 INFO:Total games: 3670
2024-06-17 21:45:39,026 INFO:Total games: 3680
2024-06-17 21:46:37,853 INFO:Total games: 3690
2024-06-17 21:47:51,359 INFO:Total games: 3700
2024-06-17 21:49:17,499 INFO:Total games: 3710
2024-06-17 21:50:21,805 INFO:Total games: 3720
2024-06-17 21:51:47,016 INFO:Total games: 3730
2024-06-17 21:52:44,969 INFO:Total games: 3740
2024-06-17 21:53:45,003 INFO:Total games: 3750
2024-06-17 21:54:47,122 INFO:Total games: 3760
2024-06-17 21:55:57,198 INFO:Total games: 3770
2024-06-17 21:57:06,315 INFO:Total games: 3780
2024-06-17 21:58:18,933 INFO:Total games: 3790
2024-06-17 21:59:30,703 INFO:Total games: 3800
2024-06-17 22:01:03,950 INFO:Total games: 3810
2024-06-17 22:02:22,169 INFO:Total games: 3820
2024-06-17 22:03:33,549 INFO:Total games: 3830
2024-06-17 22:04:40,441 INFO:Total games: 3840
2024-06-17 22:05:31,175 INFO:Total games: 3850
2024-06-17 22:06:47,145 INFO:Total games: 3860
2024-06-17 22:07:59,863 INFO:Total games: 3870
2024-06-17 22:09:20,766 INFO:Total games: 3880
2024-06-17 22:10:32,126 INFO:Total games: 3890
2024-06-17 22:11:49,545 INFO:Total games: 3900
2024-06-17 22:12:50,400 INFO:Total games: 3910
2024-06-17 22:13:50,231 INFO:Total games: 3920
2024-06-17 22:15:01,458 INFO:Total games: 3930
2024-06-17 22:16:01,633 INFO:Total games: 3940
2024-06-17 22:17:04,131 INFO:Total games: 3950
2024-06-17 22:18:17,005 INFO:Total games: 3960
2024-06-17 22:19:29,423 INFO:Total games: 3970
2024-06-17 22:20:30,751 INFO:Total games: 3980
2024-06-17 22:21:41,946 INFO:Total games: 3990
2024-06-17 22:22:44,740 INFO:Total games: 4000
2024-06-17 22:23:39,355 INFO:Total games: 4010
2024-06-17 22:24:45,032 INFO:Total games: 4020
2024-06-17 22:25:51,506 INFO:Total games: 4030
2024-06-17 22:26:57,646 INFO:Total games: 4040
2024-06-17 22:28:06,329 INFO:Total games: 4050
2024-06-17 22:29:30,539 INFO:Total games: 4060
2024-06-17 22:30:44,581 INFO:Total games: 4070
2024-06-17 22:32:03,584 INFO:Total games: 4080
2024-06-17 22:33:05,477 INFO:Total games: 4090
2024-06-17 22:34:11,480 INFO:Total games: 4100
2024-06-17 22:35:14,687 INFO:Total games: 4110
2024-06-17 22:36:32,380 INFO:Total games: 4120
2024-06-17 22:37:37,750 INFO:Total games: 4130
2024-06-17 22:38:53,534 INFO:Total games: 4140
2024-06-17 22:40:02,476 INFO:Total games: 4150
2024-06-17 22:41:16,706 INFO:Total games: 4160
2024-06-17 22:42:35,592 INFO:Total games: 4170
2024-06-17 22:43:33,134 INFO:Total games: 4180
2024-06-17 22:44:53,675 INFO:Total games: 4190
2024-06-17 22:46:18,463 INFO:Total games: 4200
2024-06-17 22:47:42,584 INFO:Total games: 4210
2024-06-17 22:49:18,618 INFO:Total games: 4220
2024-06-17 22:50:40,473 INFO:Total games: 4230
2024-06-17 22:51:51,560 INFO:Total games: 4240
2024-06-17 22:51:51,561 INFO:FULL
2024-06-17 22:53:51,562 INFO:FULL
2024-06-17 22:55:51,572 INFO:FULL
2024-06-17 22:57:51,589 INFO:FULL
2024-06-17 23:01:00,596 INFO:Total games: 4250
2024-06-17 23:01:57,949 INFO:Total games: 4260
2024-06-17 23:03:05,515 INFO:Total games: 4270
2024-06-17 23:04:10,019 INFO:Total games: 4280
2024-06-17 23:05:24,568 INFO:Total games: 4290
2024-06-17 23:06:26,937 INFO:Total games: 4300
2024-06-17 23:07:31,148 INFO:Total games: 4310
2024-06-17 23:08:31,395 INFO:Total games: 4320
2024-06-17 23:09:47,732 INFO:Total games: 4330
2024-06-17 23:10:31,495 INFO:Total games: 4340
2024-06-17 23:11:36,262 INFO:Total games: 4350
2024-06-17 23:12:45,517 INFO:Total games: 4360
2024-06-17 23:13:57,609 INFO:Total games: 4370
2024-06-17 23:15:06,055 INFO:Total games: 4380
2024-06-17 23:16:13,237 INFO:Total games: 4390
2024-06-17 23:17:06,137 INFO:Total games: 4400
2024-06-17 23:18:27,491 INFO:Total games: 4410
2024-06-17 23:19:35,966 INFO:Total games: 4420
2024-06-17 23:20:43,816 INFO:Total games: 4430
2024-06-17 23:22:21,049 INFO:Total games: 4440
2024-06-17 23:23:56,184 INFO:Total games: 4450
2024-06-17 23:25:14,015 INFO:Total games: 4460
2024-06-17 23:26:39,369 INFO:Total games: 4470
2024-06-17 23:28:15,049 INFO:Total games: 4480
2024-06-17 23:29:32,412 INFO:Total games: 4490
2024-06-17 23:30:48,706 INFO:Total games: 4500
2024-06-17 23:32:13,606 INFO:Total games: 4510
2024-06-17 23:33:32,557 INFO:Total games: 4520
2024-06-17 23:34:41,138 INFO:Total games: 4530
2024-06-17 23:35:55,080 INFO:Total games: 4540
2024-06-17 23:36:59,161 INFO:Total games: 4550
2024-06-17 23:38:13,679 INFO:Total games: 4560
2024-06-17 23:39:12,729 INFO:Total games: 4570
2024-06-17 23:40:14,766 INFO:Total games: 4580
2024-06-17 23:41:35,475 INFO:Total games: 4590
2024-06-17 23:43:04,345 INFO:Total games: 4600
2024-06-17 23:44:33,852 INFO:Total games: 4610
2024-06-17 23:46:08,351 INFO:Total games: 4620
2024-06-17 23:47:24,370 INFO:Total games: 4630
2024-06-17 23:48:39,049 INFO:Total games: 4640
2024-06-17 23:50:04,890 INFO:Total games: 4650
2024-06-17 23:51:14,787 INFO:Total games: 4660
2024-06-17 23:52:32,778 INFO:Total games: 4670
2024-06-17 23:54:01,247 INFO:Total games: 4680
2024-06-17 23:55:22,927 INFO:Total games: 4690
2024-06-17 23:56:56,946 INFO:Total games: 4700
2024-06-17 23:58:26,060 INFO:Total games: 4710
2024-06-18 00:00:02,975 INFO:Total games: 4720
2024-06-18 00:01:26,778 INFO:Total games: 4730
2024-06-18 00:02:48,484 INFO:Total games: 4740
2024-06-18 00:04:25,305 INFO:Total games: 4750
2024-06-18 00:05:37,929 INFO:Total games: 4760
2024-06-18 00:07:00,434 INFO:Total games: 4770
2024-06-18 00:08:06,112 INFO:Total games: 4780
2024-06-18 00:09:22,265 INFO:Total games: 4790
2024-06-18 00:10:42,229 INFO:Total games: 4800
2024-06-18 00:11:59,032 INFO:Total games: 4810
2024-06-18 00:13:34,342 INFO:Total games: 4820
2024-06-18 00:14:56,241 INFO:Total games: 4830
2024-06-18 00:16:18,447 INFO:Total games: 4840
2024-06-18 00:17:36,006 INFO:Total games: 4850
2024-06-18 00:18:57,633 INFO:Total games: 4860
2024-06-18 00:20:33,457 INFO:Total games: 4870
2024-06-18 00:22:21,242 INFO:Total games: 4880
2024-06-18 00:23:57,611 INFO:Total games: 4890
2024-06-18 00:25:41,302 INFO:Total games: 4900
2024-06-18 00:27:25,600 INFO:Total games: 4910
2024-06-18 00:28:56,112 INFO:Total games: 4920
2024-06-18 00:30:36,284 INFO:Total games: 4930
2024-06-18 00:32:20,470 INFO:Total games: 4940
2024-06-18 00:39:17,687 INFO:Total games: 4950
2024-06-18 00:40:27,101 INFO:Total games: 4960
2024-06-18 00:41:40,236 INFO:Total games: 4970
2024-06-18 00:42:41,042 INFO:Total games: 4980
2024-06-18 00:43:48,940 INFO:Total games: 4990
2024-06-18 00:44:57,579 INFO:Total games: 5000
2024-06-18 00:46:02,873 INFO:Total games: 5010
2024-06-18 00:47:16,198 INFO:Total games: 5020
2024-06-18 00:48:21,158 INFO:Total games: 5030
2024-06-18 00:49:44,555 INFO:Total games: 5040
2024-06-18 00:51:09,736 INFO:Total games: 5050
2024-06-18 00:52:27,547 INFO:Total games: 5060
2024-06-18 00:53:23,457 INFO:Total games: 5070
2024-06-18 00:55:00,236 INFO:Total games: 5080
2024-06-18 00:56:23,446 INFO:Total games: 5090
2024-06-18 00:57:38,007 INFO:Total games: 5100
2024-06-18 00:58:47,187 INFO:Total games: 5110
2024-06-18 00:59:58,820 INFO:Total games: 5120
2024-06-18 01:01:13,800 INFO:Total games: 5130
2024-06-18 01:02:26,788 INFO:Total games: 5140
2024-06-18 01:03:33,059 INFO:Total games: 5150
2024-06-18 01:04:49,857 INFO:Total games: 5160
2024-06-18 01:06:05,841 INFO:Total games: 5170
2024-06-18 01:07:22,439 INFO:Total games: 5180
2024-06-18 01:08:39,045 INFO:Total games: 5190
2024-06-18 01:10:02,102 INFO:Total games: 5200
2024-06-18 01:11:08,447 INFO:Total games: 5210
2024-06-18 01:12:12,953 INFO:Total games: 5220
2024-06-18 01:13:18,206 INFO:Total games: 5230
2024-06-18 01:14:14,638 INFO:Total games: 5240
2024-06-18 01:15:19,585 INFO:Total games: 5250
2024-06-18 01:16:44,862 INFO:Total games: 5260
2024-06-18 01:17:49,532 INFO:Total games: 5270
2024-06-18 01:18:34,777 INFO:Total games: 5280
2024-06-18 01:19:37,621 INFO:Total games: 5290
2024-06-18 01:20:42,736 INFO:Total games: 5300
2024-06-18 01:21:44,350 INFO:Total games: 5310
2024-06-18 01:22:52,970 INFO:Total games: 5320
2024-06-18 01:23:47,776 INFO:Total games: 5330
2024-06-18 01:24:52,170 INFO:Total games: 5340
2024-06-18 01:26:01,455 INFO:Total games: 5350
2024-06-18 01:27:21,883 INFO:Total games: 5360
2024-06-18 01:28:23,393 INFO:Total games: 5370
2024-06-18 01:29:42,703 INFO:Total games: 5380
2024-06-18 01:30:58,594 INFO:Total games: 5390
2024-06-18 01:32:16,160 INFO:Total games: 5400
2024-06-18 01:33:24,038 INFO:Total games: 5410
2024-06-18 01:34:17,272 INFO:Total games: 5420
2024-06-18 01:35:14,936 INFO:Total games: 5430
2024-06-18 01:36:20,780 INFO:Total games: 5440
2024-06-18 01:37:14,923 INFO:Total games: 5450
2024-06-18 01:38:32,475 INFO:Total games: 5460
2024-06-18 01:39:26,683 INFO:Total games: 5470
2024-06-18 01:40:34,140 INFO:Total games: 5480
2024-06-18 01:41:45,573 INFO:Total games: 5490
2024-06-18 01:42:46,055 INFO:Total games: 5500
2024-06-18 01:43:58,057 INFO:Total games: 5510
2024-06-18 01:45:00,986 INFO:Total games: 5520
2024-06-18 01:46:12,047 INFO:Total games: 5530
2024-06-18 01:47:08,140 INFO:Total games: 5540
2024-06-18 01:48:09,873 INFO:Total games: 5550
2024-06-18 01:49:13,854 INFO:Total games: 5560
2024-06-18 01:50:10,119 INFO:Total games: 5570
2024-06-18 01:51:20,339 INFO:Total games: 5580
2024-06-18 01:52:28,564 INFO:Total games: 5590
2024-06-18 01:53:39,973 INFO:Total games: 5600
2024-06-18 01:54:48,670 INFO:Total games: 5610
2024-06-18 01:55:47,416 INFO:Total games: 5620
2024-06-18 01:57:14,500 INFO:Total games: 5630
2024-06-18 01:58:36,596 INFO:Total games: 5640
2024-06-18 02:00:01,700 INFO:Total games: 5650
2024-06-18 02:01:27,572 INFO:Total games: 5660
2024-06-18 02:02:43,858 INFO:Total games: 5670
2024-06-18 02:11:55,320 INFO:Total games: 5680
2024-06-18 02:13:03,465 INFO:Total games: 5690
2024-06-18 02:14:09,598 INFO:Total games: 5700
2024-06-18 02:15:08,480 INFO:Total games: 5710
2024-06-18 02:16:30,084 INFO:Total games: 5720
2024-06-18 02:17:21,685 INFO:Total games: 5730
2024-06-18 02:18:47,321 INFO:Total games: 5740
2024-06-18 02:20:05,743 INFO:Total games: 5750
2024-06-18 02:21:13,410 INFO:Total games: 5760
2024-06-18 02:22:18,506 INFO:Total games: 5770
2024-06-18 02:23:24,378 INFO:Total games: 5780
2024-06-18 02:24:25,333 INFO:Total games: 5790
2024-06-18 02:25:38,768 INFO:Total games: 5800
2024-06-18 02:26:33,968 INFO:Total games: 5810
2024-06-18 02:27:30,621 INFO:Total games: 5820
2024-06-18 02:28:28,575 INFO:Total games: 5830
2024-06-18 02:29:35,177 INFO:Total games: 5840
2024-06-18 02:30:44,467 INFO:Total games: 5850
2024-06-18 02:31:46,292 INFO:Total games: 5860
2024-06-18 02:32:53,210 INFO:Total games: 5870
2024-06-18 02:34:10,933 INFO:Total games: 5880
2024-06-18 02:35:28,905 INFO:Total games: 5890
2024-06-18 02:36:25,815 INFO:Total games: 5900
2024-06-18 02:37:33,094 INFO:Total games: 5910
2024-06-18 02:38:47,149 INFO:Total games: 5920
2024-06-18 02:39:54,800 INFO:Total games: 5930
2024-06-18 02:41:12,366 INFO:Total games: 5940
2024-06-18 02:42:22,375 INFO:Total games: 5950
2024-06-18 02:43:24,513 INFO:Total games: 5960
2024-06-18 02:44:32,701 INFO:Total games: 5970
2024-06-18 02:45:36,538 INFO:Total games: 5980
2024-06-18 02:46:39,867 INFO:Total games: 5990
2024-06-18 02:47:55,637 INFO:Total games: 6000
2024-06-18 02:48:55,898 INFO:Total games: 6010
2024-06-18 02:50:03,978 INFO:Total games: 6020
2024-06-18 02:51:05,498 INFO:Total games: 6030
2024-06-18 02:52:18,224 INFO:Total games: 6040
2024-06-18 02:53:14,403 INFO:Total games: 6050
2024-06-18 02:54:31,990 INFO:Total games: 6060
2024-06-18 02:55:40,975 INFO:Total games: 6070
2024-06-18 02:57:04,140 INFO:Total games: 6080
2024-06-18 02:58:12,354 INFO:Total games: 6090
2024-06-18 02:59:13,612 INFO:Total games: 6100
2024-06-18 03:00:25,898 INFO:Total games: 6110
2024-06-18 03:01:29,116 INFO:Total games: 6120
2024-06-18 03:02:21,512 INFO:Total games: 6130
2024-06-18 03:03:25,285 INFO:Total games: 6140
2024-06-18 03:04:34,496 INFO:Total games: 6150
2024-06-18 03:05:47,314 INFO:Total games: 6160
2024-06-18 03:06:57,900 INFO:Total games: 6170
2024-06-18 03:07:58,966 INFO:Total games: 6180
2024-06-18 03:09:07,238 INFO:Total games: 6190
2024-06-18 03:10:09,088 INFO:Total games: 6200
2024-06-18 03:11:19,948 INFO:Total games: 6210
2024-06-18 03:12:44,068 INFO:Total games: 6220
2024-06-18 03:14:01,258 INFO:Total games: 6230
2024-06-18 03:15:02,621 INFO:Total games: 6240
2024-06-18 03:16:12,660 INFO:Total games: 6250
2024-06-18 03:17:31,106 INFO:Total games: 6260
2024-06-18 03:18:41,799 INFO:Total games: 6270
2024-06-18 03:19:41,653 INFO:Total games: 6280
2024-06-18 03:20:44,194 INFO:Total games: 6290
2024-06-18 03:21:57,407 INFO:Total games: 6300
2024-06-18 03:23:02,346 INFO:Total games: 6310
2024-06-18 03:23:58,359 INFO:Total games: 6320
2024-06-18 03:25:08,199 INFO:Total games: 6330
2024-06-18 03:26:13,508 INFO:Total games: 6340
2024-06-18 03:27:21,681 INFO:Total games: 6350
2024-06-18 03:28:45,736 INFO:Total games: 6360
2024-06-18 03:30:21,263 INFO:Total games: 6370
2024-06-18 03:31:44,801 INFO:Total games: 6380
2024-06-18 03:32:50,206 INFO:Total games: 6390
2024-06-18 03:34:11,617 INFO:Total games: 6400
2024-06-18 03:35:36,148 INFO:Total games: 6410
2024-06-18 03:43:55,024 INFO:Total games: 6420
2024-06-18 03:44:52,716 INFO:Total games: 6430
2024-06-18 03:45:58,461 INFO:Total games: 6440
2024-06-18 03:47:10,531 INFO:Total games: 6450
2024-06-18 03:48:20,043 INFO:Total games: 6460
2024-06-18 03:49:23,811 INFO:Total games: 6470
2024-06-18 03:50:39,109 INFO:Total games: 6480
2024-06-18 03:51:50,198 INFO:Total games: 6490
2024-06-18 03:52:54,597 INFO:Total games: 6500
2024-06-18 03:54:17,076 INFO:Total games: 6510
2024-06-18 03:55:21,906 INFO:Total games: 6520
2024-06-18 03:56:33,768 INFO:Total games: 6530
2024-06-18 03:57:26,874 INFO:Total games: 6540
2024-06-18 03:58:29,948 INFO:Total games: 6550
2024-06-18 03:59:55,655 INFO:Total games: 6560
2024-06-18 04:01:27,040 INFO:Total games: 6570
2024-06-18 04:02:39,473 INFO:Total games: 6580
2024-06-18 04:03:43,381 INFO:Total games: 6590
2024-06-18 04:04:59,027 INFO:Total games: 6600
2024-06-18 04:06:18,393 INFO:Total games: 6610
2024-06-18 04:07:26,344 INFO:Total games: 6620
2024-06-18 04:08:30,154 INFO:Total games: 6630
2024-06-18 04:09:43,391 INFO:Total games: 6640
2024-06-18 04:10:47,901 INFO:Total games: 6650
2024-06-18 04:12:04,417 INFO:Total games: 6660
2024-06-18 04:13:10,106 INFO:Total games: 6670
2024-06-18 04:14:11,316 INFO:Total games: 6680
2024-06-18 04:15:11,403 INFO:Total games: 6690
2024-06-18 04:16:22,150 INFO:Total games: 6700
2024-06-18 04:17:31,137 INFO:Total games: 6710
2024-06-18 04:18:40,087 INFO:Total games: 6720
2024-06-18 04:19:35,952 INFO:Total games: 6730
2024-06-18 04:20:42,607 INFO:Total games: 6740
2024-06-18 04:21:53,935 INFO:Total games: 6750
2024-06-18 04:23:06,257 INFO:Total games: 6760
2024-06-18 04:24:10,532 INFO:Total games: 6770
2024-06-18 04:25:16,858 INFO:Total games: 6780
2024-06-18 04:26:30,768 INFO:Total games: 6790
2024-06-18 04:27:34,192 INFO:Total games: 6800
2024-06-18 04:28:36,126 INFO:Total games: 6810
2024-06-18 04:29:37,079 INFO:Total games: 6820
2024-06-18 04:31:03,362 INFO:Total games: 6830
2024-06-18 04:32:15,814 INFO:Total games: 6840
2024-06-18 04:33:28,155 INFO:Total games: 6850
2024-06-18 04:34:43,766 INFO:Total games: 6860
2024-06-18 04:35:40,591 INFO:Total games: 6870
2024-06-18 04:36:55,025 INFO:Total games: 6880
2024-06-18 04:37:55,782 INFO:Total games: 6890
2024-06-18 04:39:18,345 INFO:Total games: 6900
2024-06-18 04:40:16,993 INFO:Total games: 6910
2024-06-18 04:41:06,723 INFO:Total games: 6920
2024-06-18 04:42:27,835 INFO:Total games: 6930
2024-06-18 04:43:18,498 INFO:Total games: 6940
2024-06-18 04:44:23,884 INFO:Total games: 6950
2024-06-18 04:45:30,482 INFO:Total games: 6960
2024-06-18 04:46:29,975 INFO:Total games: 6970
2024-06-18 04:47:37,001 INFO:Total games: 6980
2024-06-18 04:48:55,242 INFO:Total games: 6990
2024-06-18 04:50:02,084 INFO:Total games: 7000
2024-06-18 04:51:17,626 INFO:Total games: 7010
2024-06-18 04:52:24,474 INFO:Total games: 7020
2024-06-18 04:53:37,335 INFO:Total games: 7030
2024-06-18 04:54:53,277 INFO:Total games: 7040
2024-06-18 04:56:01,824 INFO:Total games: 7050
2024-06-18 04:57:06,334 INFO:Total games: 7060
2024-06-18 04:58:12,087 INFO:Total games: 7070
2024-06-18 04:59:44,799 INFO:Total games: 7080
2024-06-18 05:01:15,106 INFO:Total games: 7090
2024-06-18 05:02:45,294 INFO:Total games: 7100
2024-06-18 05:04:01,729 INFO:Total games: 7110
2024-06-18 05:05:18,031 INFO:Total games: 7120
2024-06-18 05:06:49,675 INFO:Total games: 7130
2024-06-18 05:17:16,564 INFO:Total games: 7140
2024-06-18 05:18:23,297 INFO:Total games: 7150
2024-06-18 05:19:38,510 INFO:Total games: 7160
2024-06-18 05:20:42,910 INFO:Total games: 7170
2024-06-18 05:21:27,986 INFO:Total games: 7180
2024-06-18 05:22:40,889 INFO:Total games: 7190
2024-06-18 05:23:58,237 INFO:Total games: 7200
2024-06-18 05:24:50,931 INFO:Total games: 7210
2024-06-18 05:25:59,825 INFO:Total games: 7220
2024-06-18 05:27:22,066 INFO:Total games: 7230
2024-06-18 05:28:28,724 INFO:Total games: 7240
2024-06-18 05:29:47,247 INFO:Total games: 7250
2024-06-18 05:30:58,275 INFO:Total games: 7260
2024-06-18 05:32:05,832 INFO:Total games: 7270
2024-06-18 05:33:18,936 INFO:Total games: 7280
2024-06-18 05:34:21,941 INFO:Total games: 7290
2024-06-18 05:35:27,209 INFO:Total games: 7300
2024-06-18 05:36:30,921 INFO:Total games: 7310
2024-06-18 05:37:38,751 INFO:Total games: 7320
2024-06-18 05:38:49,135 INFO:Total games: 7330
2024-06-18 05:39:51,353 INFO:Total games: 7340
2024-06-18 05:41:07,123 INFO:Total games: 7350
2024-06-18 05:42:22,325 INFO:Total games: 7360
2024-06-18 05:43:39,658 INFO:Total games: 7370
2024-06-18 05:44:48,869 INFO:Total games: 7380
2024-06-18 05:45:54,381 INFO:Total games: 7390
2024-06-18 05:47:08,158 INFO:Total games: 7400
2024-06-18 05:48:05,317 INFO:Total games: 7410
2024-06-18 05:49:02,220 INFO:Total games: 7420
2024-06-18 05:50:07,131 INFO:Total games: 7430
2024-06-18 05:51:20,078 INFO:Total games: 7440
2024-06-18 05:52:26,025 INFO:Total games: 7450
2024-06-18 05:53:40,882 INFO:Total games: 7460
2024-06-18 05:54:33,712 INFO:Total games: 7470
2024-06-18 05:55:40,369 INFO:Total games: 7480
2024-06-18 05:56:49,058 INFO:Total games: 7490
2024-06-18 05:57:56,398 INFO:Total games: 7500
2024-06-18 05:59:00,774 INFO:Total games: 7510
2024-06-18 06:00:09,426 INFO:Total games: 7520
2024-06-18 06:01:07,869 INFO:Total games: 7530
2024-06-18 06:02:16,439 INFO:Total games: 7540
2024-06-18 06:03:25,641 INFO:Total games: 7550
2024-06-18 06:04:25,390 INFO:Total games: 7560
2024-06-18 06:05:29,597 INFO:Total games: 7570
2024-06-18 06:06:36,111 INFO:Total games: 7580
2024-06-18 06:07:44,181 INFO:Total games: 7590
2024-06-18 06:08:47,868 INFO:Total games: 7600
2024-06-18 06:09:54,898 INFO:Total games: 7610
2024-06-18 06:11:11,595 INFO:Total games: 7620
2024-06-18 06:12:21,348 INFO:Total games: 7630
2024-06-18 06:13:18,353 INFO:Total games: 7640
2024-06-18 06:14:17,997 INFO:Total games: 7650
2024-06-18 06:15:20,479 INFO:Total games: 7660
2024-06-18 06:16:17,596 INFO:Total games: 7670
2024-06-18 06:17:09,905 INFO:Total games: 7680
2024-06-18 06:18:12,602 INFO:Total games: 7690
2024-06-18 06:19:25,372 INFO:Total games: 7700
2024-06-18 06:20:26,746 INFO:Total games: 7710
2024-06-18 06:21:36,287 INFO:Total games: 7720
2024-06-18 06:22:51,364 INFO:Total games: 7730
2024-06-18 06:23:55,293 INFO:Total games: 7740
2024-06-18 06:25:12,643 INFO:Total games: 7750
2024-06-18 06:26:22,644 INFO:Total games: 7760
2024-06-18 06:27:36,026 INFO:Total games: 7770
2024-06-18 06:29:04,023 INFO:Total games: 7780
2024-06-18 06:30:20,788 INFO:Total games: 7790
2024-06-18 06:31:23,986 INFO:Total games: 7800
2024-06-18 06:32:27,766 INFO:Total games: 7810
2024-06-18 06:33:41,542 INFO:Total games: 7820
2024-06-18 06:35:15,767 INFO:Total games: 7830
2024-06-18 06:36:48,251 INFO:Total games: 7840
2024-06-18 06:38:17,249 INFO:Total games: 7850
2024-06-18 06:39:56,060 INFO:Total games: 7860
2024-06-18 06:41:09,980 INFO:Total games: 7870
2024-06-18 06:42:16,754 INFO:Total games: 7880
2024-06-18 06:50:08,978 INFO:Total games: 7890
2024-06-18 06:51:20,476 INFO:Total games: 7900
2024-06-18 06:52:24,097 INFO:Total games: 7910
2024-06-18 06:53:44,818 INFO:Total games: 7920
2024-06-18 06:54:37,232 INFO:Total games: 7930
2024-06-18 06:55:39,081 INFO:Total games: 7940
2024-06-18 06:56:50,042 INFO:Total games: 7950
2024-06-18 06:57:56,405 INFO:Total games: 7960
2024-06-18 06:59:13,949 INFO:Total games: 7970
2024-06-18 07:00:23,332 INFO:Total games: 7980
2024-06-18 07:01:27,801 INFO:Total games: 7990
2024-06-18 07:02:37,762 INFO:Total games: 8000
2024-06-18 07:03:40,279 INFO:Total games: 8010
2024-06-18 07:05:03,186 INFO:Total games: 8020
2024-06-18 07:06:13,571 INFO:Total games: 8030
2024-06-18 07:07:20,374 INFO:Total games: 8040
2024-06-18 07:08:24,295 INFO:Total games: 8050
2024-06-18 07:09:39,951 INFO:Total games: 8060
2024-06-18 07:10:43,709 INFO:Total games: 8070
2024-06-18 07:11:36,345 INFO:Total games: 8080
2024-06-18 07:12:53,415 INFO:Total games: 8090
2024-06-18 07:14:08,458 INFO:Total games: 8100
2024-06-18 07:15:15,680 INFO:Total games: 8110
2024-06-18 07:16:39,355 INFO:Total games: 8120
2024-06-18 07:18:03,260 INFO:Total games: 8130
2024-06-18 07:19:07,688 INFO:Total games: 8140
2024-06-18 07:20:12,223 INFO:Total games: 8150
2024-06-18 07:21:16,986 INFO:Total games: 8160
2024-06-18 07:22:24,306 INFO:Total games: 8170
2024-06-18 07:23:22,994 INFO:Total games: 8180
2024-06-18 07:24:30,818 INFO:Total games: 8190
2024-06-18 07:25:38,817 INFO:Total games: 8200
2024-06-18 07:26:57,479 INFO:Total games: 8210
2024-06-18 07:28:04,483 INFO:Total games: 8220
2024-06-18 07:29:19,208 INFO:Total games: 8230
2024-06-18 07:30:32,201 INFO:Total games: 8240
2024-06-18 07:31:44,306 INFO:Total games: 8250
2024-06-18 07:32:44,079 INFO:Total games: 8260
2024-06-18 07:34:02,798 INFO:Total games: 8270
2024-06-18 07:35:14,380 INFO:Total games: 8280
2024-06-18 07:36:09,186 INFO:Total games: 8290
2024-06-18 07:37:20,794 INFO:Total games: 8300
2024-06-18 07:38:36,405 INFO:Total games: 8310
2024-06-18 07:39:54,894 INFO:Total games: 8320
2024-06-18 07:40:58,916 INFO:Total games: 8330
2024-06-18 07:42:18,853 INFO:Total games: 8340
2024-06-18 07:43:45,722 INFO:Total games: 8350
2024-06-18 07:44:35,860 INFO:Total games: 8360
2024-06-18 07:45:51,745 INFO:Total games: 8370
2024-06-18 07:46:57,557 INFO:Total games: 8380
2024-06-18 07:48:08,531 INFO:Total games: 8390
2024-06-18 07:49:25,043 INFO:Total games: 8400
2024-06-18 07:50:16,825 INFO:Total games: 8410
2024-06-18 07:51:30,611 INFO:Total games: 8420
2024-06-18 07:52:34,376 INFO:Total games: 8430
2024-06-18 07:53:51,736 INFO:Total games: 8440
2024-06-18 07:55:12,989 INFO:Total games: 8450
2024-06-18 07:56:39,630 INFO:Total games: 8460
2024-06-18 07:57:42,521 INFO:Total games: 8470
2024-06-18 07:58:51,331 INFO:Total games: 8480
2024-06-18 08:00:00,819 INFO:Total games: 8490
2024-06-18 08:01:15,545 INFO:Total games: 8500
2024-06-18 08:02:24,790 INFO:Total games: 8510
2024-06-18 08:03:46,170 INFO:Total games: 8520
2024-06-18 08:04:48,371 INFO:Total games: 8530
2024-06-18 08:05:46,178 INFO:Total games: 8540
2024-06-18 08:06:50,485 INFO:Total games: 8550
2024-06-18 08:07:57,814 INFO:Total games: 8560
2024-06-18 08:09:20,357 INFO:Total games: 8570
2024-06-18 08:10:39,084 INFO:Total games: 8580
2024-06-18 08:12:11,508 INFO:Total games: 8590
2024-06-18 08:13:38,513 INFO:Total games: 8600
2024-06-18 08:14:45,706 INFO:Total games: 8610
2024-06-18 08:23:27,669 INFO:Total games: 8620
2024-06-18 08:24:30,263 INFO:Total games: 8630
2024-06-18 08:25:33,909 INFO:Total games: 8640
2024-06-18 08:26:57,406 INFO:Total games: 8650
2024-06-18 08:28:08,833 INFO:Total games: 8660
2024-06-18 08:28:59,500 INFO:Total games: 8670
2024-06-18 08:30:02,219 INFO:Total games: 8680
2024-06-18 08:31:17,848 INFO:Total games: 8690
2024-06-18 08:32:24,927 INFO:Total games: 8700
2024-06-18 08:33:22,311 INFO:Total games: 8710
2024-06-18 08:34:38,704 INFO:Total games: 8720
2024-06-18 08:36:02,693 INFO:Total games: 8730
2024-06-18 08:37:23,487 INFO:Total games: 8740
2024-06-18 08:38:32,949 INFO:Total games: 8750
2024-06-18 08:39:34,356 INFO:Total games: 8760
2024-06-18 08:40:48,120 INFO:Total games: 8770
2024-06-18 08:41:57,079 INFO:Total games: 8780
2024-06-18 08:43:13,172 INFO:Total games: 8790
2024-06-18 08:44:18,347 INFO:Total games: 8800
2024-06-18 08:45:32,743 INFO:Total games: 8810
2024-06-18 08:46:50,847 INFO:Total games: 8820
2024-06-18 08:48:03,527 INFO:Total games: 8830
2024-06-18 08:49:10,685 INFO:Total games: 8840
2024-06-18 08:50:23,583 INFO:Total games: 8850
2024-06-18 08:51:30,155 INFO:Total games: 8860
2024-06-18 08:52:25,678 INFO:Total games: 8870
2024-06-18 08:53:43,208 INFO:Total games: 8880
2024-06-18 08:54:57,349 INFO:Total games: 8890
2024-06-18 08:55:58,387 INFO:Total games: 8900
2024-06-18 08:57:08,971 INFO:Total games: 8910
2024-06-18 08:58:18,578 INFO:Total games: 8920
2024-06-18 08:59:26,763 INFO:Total games: 8930
2024-06-18 09:00:39,565 INFO:Total games: 8940
2024-06-18 09:01:39,913 INFO:Total games: 8950
2024-06-18 09:02:49,472 INFO:Total games: 8960
2024-06-18 09:04:04,111 INFO:Total games: 8970
2024-06-18 09:05:20,752 INFO:Total games: 8980
2024-06-18 09:06:25,627 INFO:Total games: 8990
2024-06-18 09:07:29,287 INFO:Total games: 9000
2024-06-18 09:08:39,938 INFO:Total games: 9010
2024-06-18 09:09:53,631 INFO:Total games: 9020
2024-06-18 09:11:00,755 INFO:Total games: 9030
2024-06-18 09:12:27,422 INFO:Total games: 9040
2024-06-18 09:13:35,318 INFO:Total games: 9050
2024-06-18 09:14:45,609 INFO:Total games: 9060
2024-06-18 09:16:01,647 INFO:Total games: 9070
2024-06-18 09:17:23,271 INFO:Total games: 9080
2024-06-18 09:18:34,975 INFO:Total games: 9090
2024-06-18 09:19:38,796 INFO:Total games: 9100
2024-06-18 09:20:51,417 INFO:Total games: 9110
2024-06-18 09:22:08,869 INFO:Total games: 9120
2024-06-18 09:23:30,642 INFO:Total games: 9130
2024-06-18 09:24:48,792 INFO:Total games: 9140
2024-06-18 09:26:06,006 INFO:Total games: 9150
2024-06-18 09:27:21,897 INFO:Total games: 9160
2024-06-18 09:28:25,715 INFO:Total games: 9170
2024-06-18 09:29:44,855 INFO:Total games: 9180
2024-06-18 09:30:52,347 INFO:Total games: 9190
2024-06-18 09:32:00,117 INFO:Total games: 9200
2024-06-18 09:33:09,480 INFO:Total games: 9210
2024-06-18 09:34:22,987 INFO:Total games: 9220
2024-06-18 09:35:43,130 INFO:Total games: 9230
2024-06-18 09:36:44,772 INFO:Total games: 9240
2024-06-18 09:37:45,803 INFO:Total games: 9250
2024-06-18 09:38:58,878 INFO:Total games: 9260
2024-06-18 09:39:59,227 INFO:Total games: 9270
2024-06-18 09:41:16,701 INFO:Total games: 9280
2024-06-18 09:42:47,145 INFO:Total games: 9290
2024-06-18 09:44:36,589 INFO:Total games: 9300
2024-06-18 09:46:07,071 INFO:Total games: 9310
2024-06-18 09:47:38,477 INFO:Total games: 9320
2024-06-18 09:57:17,773 INFO:Total games: 9330
2024-06-18 09:58:07,009 INFO:Total games: 9340
2024-06-18 09:59:22,155 INFO:Total games: 9350
2024-06-18 10:00:17,496 INFO:Total games: 9360
2024-06-18 10:01:14,459 INFO:Total games: 9370
2024-06-18 10:02:22,338 INFO:Total games: 9380
2024-06-18 10:03:42,721 INFO:Total games: 9390
2024-06-18 10:04:55,686 INFO:Total games: 9400
2024-06-18 10:06:20,482 INFO:Total games: 9410
2024-06-18 10:07:33,946 INFO:Total games: 9420
2024-06-18 10:08:48,697 INFO:Total games: 9430
2024-06-18 10:09:59,540 INFO:Total games: 9440
2024-06-18 10:10:57,663 INFO:Total games: 9450
2024-06-18 10:12:10,381 INFO:Total games: 9460
2024-06-18 10:13:13,007 INFO:Total games: 9470
2024-06-18 10:14:18,156 INFO:Total games: 9480
2024-06-18 10:15:49,583 INFO:Total games: 9490
2024-06-18 10:16:56,084 INFO:Total games: 9500
2024-06-18 10:18:05,717 INFO:Total games: 9510
2024-06-18 10:19:23,689 INFO:Total games: 9520
2024-06-18 10:20:45,409 INFO:Total games: 9530
2024-06-18 10:21:58,937 INFO:Total games: 9540
2024-06-18 10:23:11,962 INFO:Total games: 9550
2024-06-18 10:24:05,335 INFO:Total games: 9560
2024-06-18 10:25:19,904 INFO:Total games: 9570
2024-06-18 10:26:26,498 INFO:Total games: 9580
2024-06-18 10:27:33,604 INFO:Total games: 9590
2024-06-18 10:28:37,785 INFO:Total games: 9600
2024-06-18 10:29:43,507 INFO:Total games: 9610
2024-06-18 10:31:02,824 INFO:Total games: 9620
2024-06-18 10:32:09,914 INFO:Total games: 9630
2024-06-18 10:33:13,959 INFO:Total games: 9640
2024-06-18 10:34:17,253 INFO:Total games: 9650
2024-06-18 10:35:19,588 INFO:Total games: 9660
2024-06-18 10:36:27,101 INFO:Total games: 9670
2024-06-18 10:37:33,062 INFO:Total games: 9680
2024-06-18 10:38:46,844 INFO:Total games: 9690
2024-06-18 10:39:55,464 INFO:Total games: 9700
2024-06-18 10:41:24,460 INFO:Total games: 9710
2024-06-18 10:42:45,138 INFO:Total games: 9720
2024-06-18 10:43:57,222 INFO:Total games: 9730
2024-06-18 10:45:08,584 INFO:Total games: 9740
2024-06-18 10:46:00,392 INFO:Total games: 9750
2024-06-18 10:47:21,971 INFO:Total games: 9760
2024-06-18 10:48:17,174 INFO:Total games: 9770
2024-06-18 10:49:19,942 INFO:Total games: 9780
2024-06-18 10:50:27,333 INFO:Total games: 9790
2024-06-18 10:51:37,276 INFO:Total games: 9800
2024-06-18 10:53:02,630 INFO:Total games: 9810
2024-06-18 10:54:15,711 INFO:Total games: 9820
2024-06-18 10:55:27,098 INFO:Total games: 9830
2024-06-18 10:56:30,609 INFO:Total games: 9840
2024-06-18 10:57:45,505 INFO:Total games: 9850
2024-06-18 10:58:56,738 INFO:Total games: 9860
2024-06-18 11:00:07,818 INFO:Total games: 9870
2024-06-18 11:01:20,746 INFO:Total games: 9880
2024-06-18 11:02:35,870 INFO:Total games: 9890
2024-06-18 11:03:37,016 INFO:Total games: 9900
2024-06-18 11:04:50,810 INFO:Total games: 9910
2024-06-18 11:06:05,777 INFO:Total games: 9920
2024-06-18 11:07:17,217 INFO:Total games: 9930
2024-06-18 11:08:46,964 INFO:Total games: 9940
2024-06-18 11:09:54,530 INFO:Total games: 9950
2024-06-18 11:11:07,646 INFO:Total games: 9960
2024-06-18 11:12:21,844 INFO:Total games: 9970
2024-06-18 11:13:29,602 INFO:Total games: 9980
2024-06-18 11:14:35,590 INFO:Total games: 9990
2024-06-18 11:16:15,234 INFO:Total games: 10000
2024-06-18 11:17:40,510 INFO:Total games: 10010
2024-06-18 11:19:12,336 INFO:Total games: 10020
2024-06-18 11:20:30,520 INFO:Total games: 10030
2024-06-18 11:21:56,331 INFO:Total games: 10040
2024-06-18 11:30:13,684 INFO:Total games: 10050
2024-06-18 11:31:20,442 INFO:Total games: 10060
2024-06-18 11:32:20,273 INFO:Total games: 10070
2024-06-18 11:33:38,223 INFO:Total games: 10080
2024-06-18 11:34:47,969 INFO:Total games: 10090
2024-06-18 11:35:53,862 INFO:Total games: 10100
2024-06-18 11:37:13,677 INFO:Total games: 10110
2024-06-18 11:38:32,493 INFO:Total games: 10120
2024-06-18 11:39:35,966 INFO:Total games: 10130
2024-06-18 11:40:36,320 INFO:Total games: 10140
2024-06-18 11:41:52,680 INFO:Total games: 10150
2024-06-18 11:42:48,245 INFO:Total games: 10160
2024-06-18 11:44:03,650 INFO:Total games: 10170
2024-06-18 11:45:10,158 INFO:Total games: 10180
2024-06-18 11:46:14,951 INFO:Total games: 10190
2024-06-18 11:47:33,243 INFO:Total games: 10200
2024-06-18 11:48:28,796 INFO:Total games: 10210
2024-06-18 11:49:40,694 INFO:Total games: 10220
2024-06-18 11:50:44,283 INFO:Total games: 10230
2024-06-18 11:52:17,744 INFO:Total games: 10240
2024-06-18 11:53:22,497 INFO:Total games: 10250
2024-06-18 11:54:32,616 INFO:Total games: 10260
2024-06-18 11:55:36,616 INFO:Total games: 10270
2024-06-18 11:56:48,972 INFO:Total games: 10280
2024-06-18 11:57:58,407 INFO:Total games: 10290
2024-06-18 11:59:16,093 INFO:Total games: 10300
2024-06-18 12:00:31,576 INFO:Total games: 10310
2024-06-18 12:01:30,599 INFO:Total games: 10320
2024-06-18 12:02:47,172 INFO:Total games: 10330
2024-06-18 12:03:52,003 INFO:Total games: 10340
2024-06-18 12:04:51,278 INFO:Total games: 10350
2024-06-18 12:06:09,152 INFO:Total games: 10360
2024-06-18 12:07:19,635 INFO:Total games: 10370
2024-06-18 12:08:35,936 INFO:Total games: 10380
2024-06-18 12:09:43,954 INFO:Total games: 10390
2024-06-18 12:10:39,485 INFO:Total games: 10400
2024-06-18 12:12:00,055 INFO:Total games: 10410
2024-06-18 12:12:54,445 INFO:Total games: 10420
2024-06-18 12:14:04,676 INFO:Total games: 10430
2024-06-18 12:15:22,314 INFO:Total games: 10440
2024-06-18 12:16:32,128 INFO:Total games: 10450
2024-06-18 12:17:26,106 INFO:Total games: 10460
2024-06-18 12:18:33,457 INFO:Total games: 10470
2024-06-18 12:19:42,441 INFO:Total games: 10480
2024-06-18 12:20:59,804 INFO:Total games: 10490
2024-06-18 12:22:13,776 INFO:Total games: 10500
2024-06-18 12:23:25,294 INFO:Total games: 10510
2024-06-18 12:24:40,504 INFO:Total games: 10520
2024-06-18 12:25:38,263 INFO:Total games: 10530
2024-06-18 12:26:54,819 INFO:Total games: 10540
2024-06-18 12:28:10,391 INFO:Total games: 10550
2024-06-18 12:29:18,684 INFO:Total games: 10560
2024-06-18 12:30:33,044 INFO:Total games: 10570
2024-06-18 12:31:40,409 INFO:Total games: 10580
2024-06-18 12:32:40,313 INFO:Total games: 10590
2024-06-18 12:33:59,610 INFO:Total games: 10600
2024-06-18 12:35:09,135 INFO:Total games: 10610
2024-06-18 12:36:09,908 INFO:Total games: 10620
2024-06-18 12:37:13,051 INFO:Total games: 10630
2024-06-18 12:38:17,793 INFO:Total games: 10640
2024-06-18 12:39:27,145 INFO:Total games: 10650
2024-06-18 12:40:50,516 INFO:Total games: 10660
2024-06-18 12:42:09,335 INFO:Total games: 10670
2024-06-18 12:43:26,340 INFO:Total games: 10680
2024-06-18 12:44:42,966 INFO:Total games: 10690
2024-06-18 12:45:51,015 INFO:Total games: 10700
2024-06-18 12:47:04,166 INFO:Total games: 10710
2024-06-18 12:48:19,396 INFO:Total games: 10720
2024-06-18 12:49:54,950 INFO:Total games: 10730
2024-06-18 12:51:32,298 INFO:Total games: 10740
2024-06-18 12:52:49,192 INFO:Total games: 10750
2024-06-18 12:54:14,354 INFO:Total games: 10760
2024-06-18 13:03:21,172 INFO:Total games: 10770
2024-06-18 13:04:17,771 INFO:Total games: 10780
2024-06-18 13:05:32,467 INFO:Total games: 10790
2024-06-18 13:06:32,231 INFO:Total games: 10800
2024-06-18 13:07:50,185 INFO:Total games: 10810
2024-06-18 13:09:05,605 INFO:Total games: 10820
2024-06-18 13:10:21,943 INFO:Total games: 10830
2024-06-18 13:11:28,073 INFO:Total games: 10840
2024-06-18 13:12:39,329 INFO:Total games: 10850
2024-06-18 13:13:53,794 INFO:Total games: 10860
2024-06-18 13:14:44,785 INFO:Total games: 10870
2024-06-18 13:15:59,993 INFO:Total games: 10880
2024-06-18 13:17:09,497 INFO:Total games: 10890
2024-06-18 13:18:25,306 INFO:Total games: 10900
2024-06-18 13:19:33,579 INFO:Total games: 10910
2024-06-18 13:20:41,750 INFO:Total games: 10920
2024-06-18 13:21:44,862 INFO:Total games: 10930
2024-06-18 13:23:13,769 INFO:Total games: 10940
2024-06-18 13:24:28,335 INFO:Total games: 10950
2024-06-18 13:25:48,676 INFO:Total games: 10960
2024-06-18 13:27:08,174 INFO:Total games: 10970
2024-06-18 13:28:20,641 INFO:Total games: 10980
2024-06-18 13:29:29,570 INFO:Total games: 10990
2024-06-18 13:30:50,301 INFO:Total games: 11000
2024-06-18 13:32:05,487 INFO:Total games: 11010
2024-06-18 13:33:24,657 INFO:Total games: 11020
2024-06-18 13:34:28,468 INFO:Total games: 11030
2024-06-18 13:35:30,634 INFO:Total games: 11040
2024-06-18 13:36:50,270 INFO:Total games: 11050
2024-06-18 13:38:03,230 INFO:Total games: 11060
2024-06-18 13:39:15,651 INFO:Total games: 11070
2024-06-18 13:40:32,783 INFO:Total games: 11080
2024-06-18 13:41:47,886 INFO:Total games: 11090
2024-06-18 13:43:05,382 INFO:Total games: 11100
2024-06-18 13:44:10,674 INFO:Total games: 11110
2024-06-18 13:45:26,904 INFO:Total games: 11120
2024-06-18 13:46:34,108 INFO:Total games: 11130
2024-06-18 13:47:42,969 INFO:Total games: 11140
2024-06-18 13:48:54,768 INFO:Total games: 11150
2024-06-18 13:49:51,741 INFO:Total games: 11160
2024-06-18 13:51:00,434 INFO:Total games: 11170
2024-06-18 13:52:12,589 INFO:Total games: 11180
2024-06-18 13:53:32,805 INFO:Total games: 11190
2024-06-18 13:54:54,198 INFO:Total games: 11200
2024-06-18 13:56:01,139 INFO:Total games: 11210
2024-06-18 13:57:14,890 INFO:Total games: 11220
2024-06-18 13:58:31,181 INFO:Total games: 11230
2024-06-18 13:59:38,939 INFO:Total games: 11240
2024-06-18 14:00:50,126 INFO:Total games: 11250
2024-06-18 14:02:07,507 INFO:Total games: 11260
2024-06-18 14:03:32,858 INFO:Total games: 11270
2024-06-18 14:04:39,930 INFO:Total games: 11280
2024-06-18 14:05:55,383 INFO:Total games: 11290
2024-06-18 14:07:03,348 INFO:Total games: 11300
2024-06-18 14:08:10,654 INFO:Total games: 11310
2024-06-18 14:09:28,505 INFO:Total games: 11320
2024-06-18 14:10:42,855 INFO:Total games: 11330
2024-06-18 14:11:47,375 INFO:Total games: 11340
2024-06-18 14:12:50,096 INFO:Total games: 11350
2024-06-18 14:14:08,287 INFO:Total games: 11360
2024-06-18 14:15:18,147 INFO:Total games: 11370
2024-06-18 14:16:43,281 INFO:Total games: 11380
2024-06-18 14:17:50,821 INFO:Total games: 11390
2024-06-18 14:19:06,836 INFO:Total games: 11400
2024-06-18 14:20:20,858 INFO:Total games: 11410
2024-06-18 14:21:40,678 INFO:Total games: 11420
2024-06-18 14:23:07,879 INFO:Total games: 11430
2024-06-18 14:24:32,995 INFO:Total games: 11440
2024-06-18 14:25:56,952 INFO:Total games: 11450
2024-06-18 14:27:20,261 INFO:Total games: 11460
2024-06-18 14:28:48,990 INFO:Total games: 11470
2024-06-18 14:30:00,138 INFO:Total games: 11480
2024-06-18 14:38:12,337 INFO:Total games: 11490
2024-06-18 14:39:15,693 INFO:Total games: 11500
2024-06-18 14:40:41,917 INFO:Total games: 11510
2024-06-18 14:41:49,535 INFO:Total games: 11520
2024-06-18 14:43:05,684 INFO:Total games: 11530
2024-06-18 14:44:26,039 INFO:Total games: 11540
2024-06-18 14:45:37,102 INFO:Total games: 11550
2024-06-18 14:46:39,899 INFO:Total games: 11560
2024-06-18 14:48:03,686 INFO:Total games: 11570
2024-06-18 14:48:53,547 INFO:Total games: 11580
2024-06-18 14:49:57,057 INFO:Total games: 11590
2024-06-18 14:51:07,553 INFO:Total games: 11600
2024-06-18 14:52:34,439 INFO:Total games: 11610
2024-06-18 14:53:55,034 INFO:Total games: 11620
2024-06-18 14:54:50,648 INFO:Total games: 11630
2024-06-18 14:56:06,764 INFO:Total games: 11640
2024-06-18 14:57:14,588 INFO:Total games: 11650
2024-06-18 14:58:26,173 INFO:Total games: 11660
2024-06-18 14:59:32,390 INFO:Total games: 11670
2024-06-18 15:00:39,414 INFO:Total games: 11680
2024-06-18 15:01:41,144 INFO:Total games: 11690
2024-06-18 15:02:54,297 INFO:Total games: 11700
2024-06-18 15:03:49,464 INFO:Total games: 11710
2024-06-18 15:05:02,017 INFO:Total games: 11720
2024-06-18 15:06:04,743 INFO:Total games: 11730
2024-06-18 15:07:04,571 INFO:Total games: 11740
2024-06-18 15:08:24,360 INFO:Total games: 11750
2024-06-18 15:09:21,312 INFO:Total games: 11760
2024-06-18 15:10:38,009 INFO:Total games: 11770
2024-06-18 15:11:46,772 INFO:Total games: 11780
2024-06-18 15:12:51,305 INFO:Total games: 11790
2024-06-18 15:14:04,721 INFO:Total games: 11800
2024-06-18 15:15:19,278 INFO:Total games: 11810
2024-06-18 15:16:25,630 INFO:Total games: 11820
2024-06-18 15:17:35,594 INFO:Total games: 11830
2024-06-18 15:18:49,364 INFO:Total games: 11840
2024-06-18 15:20:06,241 INFO:Total games: 11850
2024-06-18 15:21:16,215 INFO:Total games: 11860
2024-06-18 15:22:33,977 INFO:Total games: 11870
2024-06-18 15:23:53,178 INFO:Total games: 11880
2024-06-18 15:25:01,308 INFO:Total games: 11890
2024-06-18 15:26:20,597 INFO:Total games: 11900
2024-06-18 15:27:25,972 INFO:Total games: 11910
2024-06-18 15:28:54,765 INFO:Total games: 11920
2024-06-18 15:30:15,497 INFO:Total games: 11930
2024-06-18 15:31:24,969 INFO:Total games: 11940
2024-06-18 15:32:34,433 INFO:Total games: 11950
2024-06-18 15:33:49,571 INFO:Total games: 11960
2024-06-18 15:35:05,317 INFO:Total games: 11970
2024-06-18 15:36:08,160 INFO:Total games: 11980
2024-06-18 15:37:15,914 INFO:Total games: 11990
2024-06-18 15:38:43,312 INFO:Total games: 12000
2024-06-18 15:39:56,386 INFO:Total games: 12010
2024-06-18 15:41:00,591 INFO:Total games: 12020
2024-06-18 15:42:18,842 INFO:Total games: 12030
2024-06-18 15:43:20,444 INFO:Total games: 12040
2024-06-18 15:44:33,102 INFO:Total games: 12050
2024-06-18 15:45:45,024 INFO:Total games: 12060
2024-06-18 15:47:01,016 INFO:Total games: 12070
2024-06-18 15:48:05,745 INFO:Total games: 12080
2024-06-18 15:49:13,377 INFO:Total games: 12090
2024-06-18 15:50:18,124 INFO:Total games: 12100
2024-06-18 15:51:22,521 INFO:Total games: 12110
2024-06-18 15:52:39,165 INFO:Total games: 12120
2024-06-18 15:53:38,737 INFO:Total games: 12130
2024-06-18 15:54:48,416 INFO:Total games: 12140
2024-06-18 15:56:25,144 INFO:Total games: 12150
2024-06-18 15:57:34,604 INFO:Total games: 12160
2024-06-18 15:58:54,284 INFO:Total games: 12170
2024-06-18 15:59:57,758 INFO:Total games: 12180
2024-06-18 16:01:39,133 INFO:Total games: 12190
2024-06-18 16:02:59,772 INFO:Total games: 12200
2024-06-18 16:12:01,135 INFO:Total games: 12210
2024-06-18 16:13:02,732 INFO:Total games: 12220
2024-06-18 16:14:17,796 INFO:Total games: 12230
2024-06-18 16:15:27,028 INFO:Total games: 12240
2024-06-18 16:16:42,045 INFO:Total games: 12250
2024-06-18 16:17:52,108 INFO:Total games: 12260
2024-06-18 16:19:03,715 INFO:Total games: 12270
2024-06-18 16:20:07,119 INFO:Total games: 12280
2024-06-18 16:21:19,462 INFO:Total games: 12290
2024-06-18 16:22:42,768 INFO:Total games: 12300
2024-06-18 16:23:54,782 INFO:Total games: 12310
2024-06-18 16:24:50,608 INFO:Total games: 12320
2024-06-18 16:25:44,864 INFO:Total games: 12330
2024-06-18 16:26:52,701 INFO:Total games: 12340
2024-06-18 16:27:50,175 INFO:Total games: 12350
2024-06-18 16:28:50,085 INFO:Total games: 12360
2024-06-18 16:30:09,149 INFO:Total games: 12370
2024-06-18 16:31:17,621 INFO:Total games: 12380
2024-06-18 16:32:32,019 INFO:Total games: 12390
2024-06-18 16:33:29,918 INFO:Total games: 12400
2024-06-18 16:34:38,256 INFO:Total games: 12410
2024-06-18 16:35:44,420 INFO:Total games: 12420
2024-06-18 16:36:57,395 INFO:Total games: 12430
2024-06-18 16:38:01,581 INFO:Total games: 12440
2024-06-18 16:39:18,670 INFO:Total games: 12450
2024-06-18 16:40:50,787 INFO:Total games: 12460
2024-06-18 16:41:08,917 INFO:Ending
2024-06-18 16:41:08,917 INFO:Duration: 1 days, 3 hours, 2 minutes, 48 seconds
