2024-06-13 22:29:44,590 INFO:Starting
2024-06-13 22:30:43,222 INFO:Total games: 10
2024-06-13 22:31:44,804 INFO:Total games: 20
2024-06-13 22:32:47,074 INFO:Total games: 30
2024-06-13 22:33:45,221 INFO:Total games: 40
2024-06-13 22:34:54,047 INFO:Total games: 50
2024-06-13 22:36:06,844 INFO:Total games: 60
2024-06-13 22:37:13,220 INFO:Total games: 70
2024-06-13 22:45:22,785 INFO:Total games: 80
2024-06-13 22:46:38,404 INFO:Total games: 90
2024-06-13 22:47:35,956 INFO:Total games: 100
2024-06-13 22:48:49,532 INFO:Total games: 110
2024-06-13 22:50:00,375 INFO:Total games: 120
2024-06-13 22:51:06,137 INFO:Total games: 130
2024-06-13 22:52:23,812 INFO:Total games: 140
2024-06-13 22:53:32,077 INFO:Total games: 150
2024-06-13 22:54:44,815 INFO:Total games: 160
2024-06-13 22:55:56,923 INFO:Total games: 170
2024-06-13 22:57:00,861 INFO:Total games: 180
2024-06-13 22:58:04,456 INFO:Total games: 190
2024-06-13 22:59:21,779 INFO:Total games: 200
2024-06-13 23:00:34,055 INFO:Total games: 210
2024-06-13 23:01:44,668 INFO:Total games: 220
2024-06-13 23:02:48,073 INFO:Total games: 230
2024-06-13 23:03:46,443 INFO:Total games: 240
2024-06-13 23:04:56,263 INFO:Total games: 250
2024-06-13 23:05:55,208 INFO:Total games: 260
2024-06-13 23:07:17,329 INFO:Total games: 270
2024-06-13 23:08:32,404 INFO:Total games: 280
2024-06-13 23:09:39,376 INFO:Total games: 290
2024-06-13 23:10:49,453 INFO:Total games: 300
2024-06-13 23:12:02,846 INFO:Total games: 310
2024-06-13 23:13:10,894 INFO:Total games: 320
2024-06-13 23:14:23,402 INFO:Total games: 330
2024-06-13 23:15:51,230 INFO:Total games: 340
2024-06-13 23:17:13,875 INFO:Total games: 350
2024-06-13 23:18:28,053 INFO:Total games: 360
2024-06-13 23:19:39,046 INFO:Total games: 370
2024-06-13 23:20:59,251 INFO:Total games: 380
2024-06-13 23:22:11,102 INFO:Total games: 390
2024-06-13 23:23:38,535 INFO:Total games: 400
2024-06-13 23:24:57,626 INFO:Total games: 410
2024-06-13 23:26:25,992 INFO:Total games: 420
2024-06-13 23:27:44,278 INFO:Total games: 430
2024-06-13 23:29:05,717 INFO:Total games: 440
2024-06-13 23:30:40,816 INFO:Total games: 450
2024-06-13 23:31:58,165 INFO:Total games: 460
2024-06-13 23:33:13,991 INFO:Total games: 470
2024-06-13 23:34:35,769 INFO:Total games: 480
2024-06-13 23:35:45,033 INFO:Total games: 490
2024-06-13 23:36:48,077 INFO:Total games: 500
2024-06-13 23:38:13,026 INFO:Total games: 510
2024-06-13 23:39:43,768 INFO:Total games: 520
2024-06-13 23:41:12,929 INFO:Total games: 530
2024-06-13 23:42:16,402 INFO:Total games: 540
2024-06-13 23:43:29,237 INFO:Total games: 550
2024-06-13 23:44:50,732 INFO:Total games: 560
2024-06-13 23:46:10,506 INFO:Total games: 570
2024-06-13 23:47:14,573 INFO:Total games: 580
2024-06-13 23:48:47,923 INFO:Total games: 590
2024-06-13 23:50:03,746 INFO:Total games: 600
2024-06-13 23:51:04,479 INFO:Total games: 610
2024-06-13 23:52:06,551 INFO:Total games: 620
2024-06-13 23:53:14,350 INFO:Total games: 630
2024-06-13 23:54:29,067 INFO:Total games: 640
2024-06-13 23:55:50,043 INFO:Total games: 650
2024-06-13 23:57:01,778 INFO:Total games: 660
2024-06-13 23:58:15,720 INFO:Total games: 670
2024-06-13 23:59:25,915 INFO:Total games: 680
2024-06-14 00:00:58,923 INFO:Total games: 690
2024-06-14 00:02:23,626 INFO:Total games: 700
2024-06-14 00:03:35,072 INFO:Total games: 710
2024-06-14 00:04:37,459 INFO:Total games: 720
2024-06-14 00:05:52,099 INFO:Total games: 730
2024-06-14 00:07:17,765 INFO:Total games: 740
2024-06-14 00:09:09,911 INFO:Total games: 750
2024-06-14 00:10:52,829 INFO:Total games: 760
2024-06-14 00:12:24,145 INFO:Total games: 770
2024-06-14 00:14:02,218 INFO:Total games: 780
2024-06-14 00:20:27,917 INFO:Total games: 790
2024-06-14 00:20:54,641 INFO:Loaded new best model
2024-06-14 00:21:35,872 INFO:Total games: 800
2024-06-14 00:22:30,350 INFO:Total games: 810
2024-06-14 00:23:31,749 INFO:Total games: 820
2024-06-14 00:24:29,218 INFO:Total games: 830
2024-06-14 00:25:42,423 INFO:Total games: 840
2024-06-14 00:26:59,733 INFO:Total games: 850
2024-06-14 00:28:08,256 INFO:Total games: 860
2024-06-14 00:29:19,388 INFO:Total games: 870
2024-06-14 00:30:23,098 INFO:Total games: 880
2024-06-14 00:31:24,799 INFO:Total games: 890
2024-06-14 00:32:38,427 INFO:Total games: 900
2024-06-14 00:33:48,958 INFO:Total games: 910
2024-06-14 00:34:49,724 INFO:Total games: 920
2024-06-14 00:35:52,831 INFO:Total games: 930
2024-06-14 00:37:14,992 INFO:Total games: 940
2024-06-14 00:38:31,154 INFO:Total games: 950
2024-06-14 00:39:41,083 INFO:Total games: 960
2024-06-14 00:40:55,437 INFO:Total games: 970
2024-06-14 00:42:06,071 INFO:Total games: 980
2024-06-14 00:43:13,637 INFO:Total games: 990
2024-06-14 00:44:10,862 INFO:Total games: 1000
2024-06-14 00:45:19,497 INFO:Total games: 1010
2024-06-14 00:46:23,643 INFO:Total games: 1020
2024-06-14 00:47:40,147 INFO:Total games: 1030
2024-06-14 00:48:49,654 INFO:Total games: 1040
2024-06-14 00:49:59,395 INFO:Total games: 1050
2024-06-14 00:51:09,889 INFO:Total games: 1060
2024-06-14 00:52:20,393 INFO:Total games: 1070
2024-06-14 00:53:32,190 INFO:Total games: 1080
2024-06-14 00:54:54,180 INFO:Total games: 1090
2024-06-14 00:55:44,947 INFO:Total games: 1100
2024-06-14 00:56:58,536 INFO:Total games: 1110
2024-06-14 00:58:17,039 INFO:Total games: 1120
2024-06-14 00:59:25,396 INFO:Total games: 1130
2024-06-14 01:00:31,246 INFO:Total games: 1140
2024-06-14 01:01:53,721 INFO:Total games: 1150
2024-06-14 01:02:57,947 INFO:Total games: 1160
2024-06-14 01:04:10,936 INFO:Total games: 1170
2024-06-14 01:05:24,213 INFO:Total games: 1180
2024-06-14 01:06:27,656 INFO:Total games: 1190
2024-06-14 01:07:37,227 INFO:Total games: 1200
2024-06-14 01:08:46,582 INFO:Total games: 1210
2024-06-14 01:09:54,961 INFO:Total games: 1220
2024-06-14 01:10:51,851 INFO:Total games: 1230
2024-06-14 01:12:02,587 INFO:Total games: 1240
2024-06-14 01:13:10,358 INFO:Total games: 1250
2024-06-14 01:14:16,078 INFO:Total games: 1260
2024-06-14 01:15:22,746 INFO:Total games: 1270
2024-06-14 01:16:35,897 INFO:Total games: 1280
2024-06-14 01:17:46,144 INFO:Total games: 1290
2024-06-14 01:18:28,333 INFO:Total games: 1300
2024-06-14 01:19:30,505 INFO:Total games: 1310
2024-06-14 01:20:44,966 INFO:Total games: 1320
2024-06-14 01:21:48,403 INFO:Total games: 1330
2024-06-14 01:23:06,708 INFO:Total games: 1340
2024-06-14 01:24:20,754 INFO:Total games: 1350
2024-06-14 01:25:18,676 INFO:Total games: 1360
2024-06-14 01:26:37,730 INFO:Total games: 1370
2024-06-14 01:27:54,813 INFO:Total games: 1380
2024-06-14 01:29:15,064 INFO:Total games: 1390
2024-06-14 01:30:05,980 INFO:Total games: 1400
2024-06-14 01:31:16,173 INFO:Total games: 1410
2024-06-14 01:32:19,515 INFO:Total games: 1420
2024-06-14 01:33:27,780 INFO:Total games: 1430
2024-06-14 01:34:28,573 INFO:Total games: 1440
2024-06-14 01:35:40,812 INFO:Total games: 1450
2024-06-14 01:36:50,096 INFO:Total games: 1460
2024-06-14 01:38:03,412 INFO:Total games: 1470
2024-06-14 01:39:33,258 INFO:Total games: 1480
2024-06-14 01:40:58,099 INFO:Total games: 1490
2024-06-14 01:42:31,260 INFO:Total games: 1500
2024-06-14 01:43:48,672 INFO:Total games: 1510
2024-06-14 01:51:26,337 INFO:Total games: 1520
2024-06-14 01:52:50,129 INFO:Total games: 1530
2024-06-14 01:52:50,355 INFO:Loaded new best model
2024-06-14 01:54:08,960 INFO:Total games: 1540
2024-06-14 01:55:23,528 INFO:Total games: 1550
2024-06-14 01:56:41,392 INFO:Total games: 1560
2024-06-14 01:58:00,892 INFO:Total games: 1570
2024-06-14 01:59:31,135 INFO:Total games: 1580
2024-06-14 02:00:44,194 INFO:Total games: 1590
2024-06-14 02:02:31,963 INFO:Total games: 1600
2024-06-14 02:03:59,599 INFO:Total games: 1610
2024-06-14 02:05:12,051 INFO:Total games: 1620
2024-06-14 02:06:38,230 INFO:Total games: 1630
2024-06-14 02:07:50,731 INFO:Total games: 1640
2024-06-14 02:09:02,316 INFO:Total games: 1650
2024-06-14 02:10:01,773 INFO:Total games: 1660
2024-06-14 02:11:20,842 INFO:Total games: 1670
2024-06-14 02:12:33,339 INFO:Total games: 1680
2024-06-14 02:13:53,026 INFO:Total games: 1690
2024-06-14 02:15:13,829 INFO:Total games: 1700
2024-06-14 02:16:46,645 INFO:Total games: 1710
2024-06-14 02:17:59,623 INFO:Total games: 1720
2024-06-14 02:19:37,189 INFO:Total games: 1730
2024-06-14 02:21:11,913 INFO:Total games: 1740
2024-06-14 02:22:30,435 INFO:Total games: 1750
2024-06-14 02:23:48,210 INFO:Total games: 1760
2024-06-14 02:25:09,945 INFO:Total games: 1770
2024-06-14 02:26:32,274 INFO:Total games: 1780
2024-06-14 02:28:03,658 INFO:Total games: 1790
2024-06-14 02:29:13,781 INFO:Total games: 1800
2024-06-14 02:30:42,731 INFO:Total games: 1810
2024-06-14 02:32:13,456 INFO:Total games: 1820
2024-06-14 02:33:37,857 INFO:Total games: 1830
2024-06-14 02:35:17,015 INFO:Total games: 1840
2024-06-14 02:36:38,477 INFO:Total games: 1850
2024-06-14 02:37:42,467 INFO:Total games: 1860
2024-06-14 02:38:46,762 INFO:Total games: 1870
2024-06-14 02:39:46,585 INFO:Total games: 1880
2024-06-14 02:41:04,386 INFO:Total games: 1890
2024-06-14 02:42:13,841 INFO:Total games: 1900
2024-06-14 02:43:22,088 INFO:Total games: 1910
2024-06-14 02:44:25,458 INFO:Total games: 1920
2024-06-14 02:45:44,231 INFO:Total games: 1930
2024-06-14 02:46:45,982 INFO:Total games: 1940
2024-06-14 02:48:01,368 INFO:Total games: 1950
2024-06-14 02:49:12,350 INFO:Total games: 1960
2024-06-14 02:50:41,086 INFO:Total games: 1970
2024-06-14 02:52:12,262 INFO:Total games: 1980
2024-06-14 02:53:22,484 INFO:Total games: 1990
2024-06-14 02:54:24,137 INFO:Total games: 2000
2024-06-14 02:55:44,987 INFO:Total games: 2010
2024-06-14 02:57:07,563 INFO:Total games: 2020
2024-06-14 02:58:19,852 INFO:Total games: 2030
2024-06-14 02:59:35,304 INFO:Total games: 2040
2024-06-14 03:00:50,425 INFO:Total games: 2050
2024-06-14 03:02:11,232 INFO:Total games: 2060
2024-06-14 03:03:32,126 INFO:Total games: 2070
2024-06-14 03:04:39,120 INFO:Total games: 2080
2024-06-14 03:06:15,411 INFO:Total games: 2090
2024-06-14 03:07:17,141 INFO:Total games: 2100
2024-06-14 03:08:20,014 INFO:Total games: 2110
2024-06-14 03:09:36,874 INFO:Total games: 2120
2024-06-14 03:10:42,995 INFO:Total games: 2130
2024-06-14 03:12:01,754 INFO:Total games: 2140
2024-06-14 03:13:27,115 INFO:Total games: 2150
2024-06-14 03:14:51,678 INFO:Total games: 2160
2024-06-14 03:16:24,581 INFO:Total games: 2170
2024-06-14 03:17:41,578 INFO:Total games: 2180
2024-06-14 03:18:48,258 INFO:Total games: 2190
2024-06-14 03:20:19,478 INFO:Total games: 2200
2024-06-14 03:21:31,923 INFO:Total games: 2210
2024-06-14 03:22:49,971 INFO:Total games: 2220
2024-06-14 03:24:02,492 INFO:Total games: 2230
2024-06-14 03:25:41,361 INFO:Total games: 2240
2024-06-14 03:31:56,764 INFO:Total games: 2250
2024-06-14 03:33:01,563 INFO:Total games: 2260
2024-06-14 03:34:15,628 INFO:Total games: 2270
2024-06-14 03:35:33,986 INFO:Total games: 2280
2024-06-14 03:36:33,074 INFO:Total games: 2290
2024-06-14 03:37:40,401 INFO:Total games: 2300
2024-06-14 03:38:42,014 INFO:Total games: 2310
2024-06-14 03:39:55,473 INFO:Total games: 2320
2024-06-14 03:41:06,079 INFO:Total games: 2330
2024-06-14 03:42:12,060 INFO:Total games: 2340
2024-06-14 03:43:10,657 INFO:Total games: 2350
2024-06-14 03:43:56,274 INFO:Total games: 2360
2024-06-14 03:45:16,392 INFO:Total games: 2370
2024-06-14 03:46:39,710 INFO:Total games: 2380
2024-06-14 03:47:56,377 INFO:Total games: 2390
2024-06-14 03:49:05,212 INFO:Total games: 2400
2024-06-14 03:50:02,660 INFO:Total games: 2410
2024-06-14 03:51:21,358 INFO:Total games: 2420
2024-06-14 03:52:38,145 INFO:Total games: 2430
2024-06-14 03:53:45,832 INFO:Total games: 2440
2024-06-14 03:54:49,053 INFO:Total games: 2450
2024-06-14 03:55:56,761 INFO:Total games: 2460
2024-06-14 03:57:12,858 INFO:Total games: 2470
2024-06-14 03:58:26,577 INFO:Total games: 2480
2024-06-14 03:59:32,247 INFO:Total games: 2490
2024-06-14 04:00:33,899 INFO:Total games: 2500
2024-06-14 04:01:44,187 INFO:Total games: 2510
2024-06-14 04:02:57,801 INFO:Total games: 2520
2024-06-14 04:03:56,733 INFO:Total games: 2530
2024-06-14 04:05:16,603 INFO:Total games: 2540
2024-06-14 04:06:29,102 INFO:Total games: 2550
2024-06-14 04:07:24,989 INFO:Total games: 2560
2024-06-14 04:08:35,390 INFO:Total games: 2570
2024-06-14 04:09:55,305 INFO:Total games: 2580
2024-06-14 04:10:56,119 INFO:Total games: 2590
2024-06-14 04:12:17,446 INFO:Total games: 2600
2024-06-14 04:13:23,769 INFO:Total games: 2610
2024-06-14 04:14:22,559 INFO:Total games: 2620
2024-06-14 04:15:17,955 INFO:Total games: 2630
2024-06-14 04:16:33,495 INFO:Total games: 2640
2024-06-14 04:17:32,704 INFO:Total games: 2650
2024-06-14 04:18:33,087 INFO:Total games: 2660
2024-06-14 04:19:41,696 INFO:Total games: 2670
2024-06-14 04:20:49,487 INFO:Total games: 2680
2024-06-14 04:22:00,292 INFO:Total games: 2690
2024-06-14 04:23:03,492 INFO:Total games: 2700
2024-06-14 04:24:15,049 INFO:Total games: 2710
2024-06-14 04:25:19,411 INFO:Total games: 2720
2024-06-14 04:26:37,057 INFO:Total games: 2730
2024-06-14 04:27:44,366 INFO:Total games: 2740
2024-06-14 04:29:02,472 INFO:Total games: 2750
2024-06-14 04:30:29,019 INFO:Total games: 2760
2024-06-14 04:31:27,878 INFO:Total games: 2770
2024-06-14 04:32:37,156 INFO:Total games: 2780
2024-06-14 04:33:46,707 INFO:Total games: 2790
2024-06-14 04:34:50,706 INFO:Total games: 2800
2024-06-14 04:36:00,151 INFO:Total games: 2810
2024-06-14 04:37:07,126 INFO:Total games: 2820
2024-06-14 04:38:21,140 INFO:Total games: 2830
2024-06-14 04:39:23,806 INFO:Total games: 2840
2024-06-14 04:40:37,882 INFO:Total games: 2850
2024-06-14 04:41:56,411 INFO:Total games: 2860
2024-06-14 04:43:09,718 INFO:Total games: 2870
2024-06-14 04:44:29,131 INFO:Total games: 2880
2024-06-14 04:45:31,001 INFO:Total games: 2890
2024-06-14 04:46:46,414 INFO:Total games: 2900
2024-06-14 04:47:55,392 INFO:Total games: 2910
2024-06-14 04:49:07,731 INFO:Total games: 2920
2024-06-14 04:50:20,391 INFO:Total games: 2930
2024-06-14 04:51:43,226 INFO:Total games: 2940
2024-06-14 04:52:59,826 INFO:Total games: 2950
2024-06-14 04:54:08,420 INFO:Total games: 2960
2024-06-14 04:55:22,300 INFO:Total games: 2970
2024-06-14 05:02:10,094 INFO:Total games: 2980
2024-06-14 05:03:35,917 INFO:Total games: 2990
2024-06-14 05:04:36,437 INFO:Total games: 3000
2024-06-14 05:05:53,700 INFO:Total games: 3010
2024-06-14 05:07:02,876 INFO:Total games: 3020
2024-06-14 05:08:25,503 INFO:Total games: 3030
2024-06-14 05:09:26,704 INFO:Total games: 3040
2024-06-14 05:10:32,308 INFO:Total games: 3050
2024-06-14 05:11:39,919 INFO:Total games: 3060
2024-06-14 05:12:53,421 INFO:Total games: 3070
2024-06-14 05:14:06,290 INFO:Total games: 3080
2024-06-14 05:15:10,238 INFO:Total games: 3090
2024-06-14 05:16:20,385 INFO:Total games: 3100
2024-06-14 05:17:17,714 INFO:Total games: 3110
2024-06-14 05:18:24,156 INFO:Total games: 3120
2024-06-14 05:19:32,641 INFO:Total games: 3130
2024-06-14 05:20:40,304 INFO:Total games: 3140
2024-06-14 05:21:59,986 INFO:Total games: 3150
2024-06-14 05:23:12,203 INFO:Total games: 3160
2024-06-14 05:24:14,332 INFO:Total games: 3170
2024-06-14 05:25:32,614 INFO:Total games: 3180
2024-06-14 05:26:51,173 INFO:Total games: 3190
2024-06-14 05:28:04,950 INFO:Total games: 3200
2024-06-14 05:29:13,446 INFO:Total games: 3210
2024-06-14 05:30:14,563 INFO:Total games: 3220
2024-06-14 05:31:27,435 INFO:Total games: 3230
2024-06-14 05:32:33,931 INFO:Total games: 3240
2024-06-14 05:33:52,722 INFO:Total games: 3250
2024-06-14 05:34:55,306 INFO:Total games: 3260
2024-06-14 05:35:52,562 INFO:Total games: 3270
2024-06-14 05:36:53,444 INFO:Total games: 3280
2024-06-14 05:38:13,358 INFO:Total games: 3290
2024-06-14 05:39:16,670 INFO:Total games: 3300
2024-06-14 05:40:22,284 INFO:Total games: 3310
2024-06-14 05:41:42,660 INFO:Total games: 3320
2024-06-14 05:42:58,165 INFO:Total games: 3330
2024-06-14 05:44:11,430 INFO:Total games: 3340
2024-06-14 05:45:24,795 INFO:Total games: 3350
2024-06-14 05:46:33,327 INFO:Total games: 3360
2024-06-14 05:47:42,797 INFO:Total games: 3370
2024-06-14 05:49:04,978 INFO:Total games: 3380
2024-06-14 05:49:50,892 INFO:Total games: 3390
2024-06-14 05:51:02,182 INFO:Total games: 3400
2024-06-14 05:51:59,200 INFO:Total games: 3410
2024-06-14 05:53:00,431 INFO:Total games: 3420
2024-06-14 05:54:01,802 INFO:Total games: 3430
2024-06-14 05:55:19,634 INFO:Total games: 3440
2024-06-14 05:56:20,109 INFO:Total games: 3450
2024-06-14 05:57:34,974 INFO:Total games: 3460
2024-06-14 05:58:55,891 INFO:Total games: 3470
2024-06-14 06:00:04,197 INFO:Total games: 3480
2024-06-14 06:01:12,716 INFO:Total games: 3490
2024-06-14 06:02:13,613 INFO:Total games: 3500
2024-06-14 06:03:30,791 INFO:Total games: 3510
2024-06-14 06:04:25,028 INFO:Total games: 3520
2024-06-14 06:05:28,729 INFO:Total games: 3530
2024-06-14 06:06:46,840 INFO:Total games: 3540
2024-06-14 06:07:48,502 INFO:Total games: 3550
2024-06-14 06:08:55,122 INFO:Total games: 3560
2024-06-14 06:10:00,611 INFO:Total games: 3570
2024-06-14 06:11:14,871 INFO:Total games: 3580
2024-06-14 06:12:15,916 INFO:Total games: 3590
2024-06-14 06:13:22,829 INFO:Total games: 3600
2024-06-14 06:14:29,642 INFO:Total games: 3610
2024-06-14 06:15:33,072 INFO:Total games: 3620
2024-06-14 06:16:38,697 INFO:Total games: 3630
2024-06-14 06:17:47,399 INFO:Total games: 3640
2024-06-14 06:19:10,623 INFO:Total games: 3650
2024-06-14 06:20:25,833 INFO:Total games: 3660
2024-06-14 06:21:42,358 INFO:Total games: 3670
2024-06-14 06:22:59,062 INFO:Total games: 3680
2024-06-14 06:23:51,076 INFO:Total games: 3690
2024-06-14 06:25:09,053 INFO:Total games: 3700
2024-06-14 06:31:46,855 INFO:Total games: 3710
2024-06-14 06:32:43,680 INFO:Total games: 3720
2024-06-14 06:33:46,675 INFO:Total games: 3730
2024-06-14 06:34:56,181 INFO:Total games: 3740
2024-06-14 06:36:00,644 INFO:Total games: 3750
2024-06-14 06:36:59,617 INFO:Total games: 3760
2024-06-14 06:38:00,217 INFO:Total games: 3770
2024-06-14 06:39:10,553 INFO:Total games: 3780
2024-06-14 06:40:26,628 INFO:Total games: 3790
2024-06-14 06:41:29,973 INFO:Total games: 3800
2024-06-14 06:42:46,889 INFO:Total games: 3810
2024-06-14 06:43:44,034 INFO:Total games: 3820
2024-06-14 06:45:16,022 INFO:Total games: 3830
2024-06-14 06:46:30,601 INFO:Total games: 3840
2024-06-14 06:47:42,047 INFO:Total games: 3850
2024-06-14 06:48:48,520 INFO:Total games: 3860
2024-06-14 06:49:46,198 INFO:Total games: 3870
2024-06-14 06:50:45,471 INFO:Total games: 3880
2024-06-14 06:52:01,751 INFO:Total games: 3890
2024-06-14 06:53:10,398 INFO:Total games: 3900
2024-06-14 06:54:16,919 INFO:Total games: 3910
2024-06-14 06:55:30,567 INFO:Total games: 3920
2024-06-14 06:56:46,541 INFO:Total games: 3930
2024-06-14 06:57:48,025 INFO:Total games: 3940
2024-06-14 06:59:16,490 INFO:Total games: 3950
2024-06-14 07:00:13,720 INFO:Total games: 3960
2024-06-14 07:01:25,978 INFO:Total games: 3970
2024-06-14 07:02:33,346 INFO:Total games: 3980
2024-06-14 07:03:42,130 INFO:Total games: 3990
2024-06-14 07:05:09,876 INFO:Total games: 4000
2024-06-14 07:06:15,167 INFO:Total games: 4010
2024-06-14 07:07:15,883 INFO:Total games: 4020
2024-06-14 07:08:34,848 INFO:Total games: 4030
2024-06-14 07:09:51,756 INFO:Total games: 4040
2024-06-14 07:10:55,656 INFO:Total games: 4050
2024-06-14 07:12:06,700 INFO:Total games: 4060
2024-06-14 07:12:58,473 INFO:Total games: 4070
2024-06-14 07:14:05,145 INFO:Total games: 4080
2024-06-14 07:15:24,466 INFO:Total games: 4090
2024-06-14 07:16:42,889 INFO:Total games: 4100
2024-06-14 07:17:43,464 INFO:Total games: 4110
2024-06-14 07:18:34,306 INFO:Total games: 4120
2024-06-14 07:19:44,938 INFO:Total games: 4130
2024-06-14 07:20:37,484 INFO:Total games: 4140
2024-06-14 07:21:51,377 INFO:Total games: 4150
2024-06-14 07:22:51,715 INFO:Total games: 4160
2024-06-14 07:23:46,911 INFO:Total games: 4170
2024-06-14 07:24:52,727 INFO:Total games: 4180
2024-06-14 07:26:07,682 INFO:Total games: 4190
2024-06-14 07:27:33,124 INFO:Total games: 4200
2024-06-14 07:28:33,852 INFO:Total games: 4210
2024-06-14 07:29:44,596 INFO:Total games: 4220
2024-06-14 07:30:46,343 INFO:Total games: 4230
2024-06-14 07:31:59,267 INFO:Total games: 4240
2024-06-14 07:32:59,646 INFO:Total games: 4250
2024-06-14 07:34:04,802 INFO:Total games: 4260
2024-06-14 07:35:07,556 INFO:Total games: 4270
2024-06-14 07:36:20,341 INFO:Total games: 4280
2024-06-14 07:37:34,044 INFO:Total games: 4290
2024-06-14 07:38:41,443 INFO:Total games: 4300
2024-06-14 07:39:46,264 INFO:Total games: 4310
2024-06-14 07:40:40,088 INFO:Total games: 4320
2024-06-14 07:41:56,048 INFO:Total games: 4330
2024-06-14 07:42:55,640 INFO:Total games: 4340
2024-06-14 07:43:57,856 INFO:Total games: 4350
2024-06-14 07:45:05,508 INFO:Total games: 4360
2024-06-14 07:46:23,902 INFO:Total games: 4370
2024-06-14 07:47:39,588 INFO:Total games: 4380
2024-06-14 07:48:55,329 INFO:Total games: 4390
2024-06-14 07:50:31,813 INFO:Total games: 4400
2024-06-14 07:52:10,476 INFO:Total games: 4410
2024-06-14 08:00:22,640 INFO:Total games: 4420
2024-06-14 08:01:30,383 INFO:Total games: 4430
2024-06-14 08:02:43,311 INFO:Total games: 4440
2024-06-14 08:03:40,033 INFO:Total games: 4450
2024-06-14 08:04:45,343 INFO:Total games: 4460
2024-06-14 08:05:51,071 INFO:Total games: 4470
2024-06-14 08:07:08,555 INFO:Total games: 4480
2024-06-14 08:08:24,687 INFO:Total games: 4490
2024-06-14 08:09:44,749 INFO:Total games: 4500
2024-06-14 08:10:53,577 INFO:Total games: 4510
2024-06-14 08:12:08,500 INFO:Total games: 4520
2024-06-14 08:13:16,082 INFO:Total games: 4530
2024-06-14 08:14:34,048 INFO:Total games: 4540
2024-06-14 08:15:38,324 INFO:Total games: 4550
2024-06-14 08:16:54,662 INFO:Total games: 4560
2024-06-14 08:18:10,745 INFO:Total games: 4570
2024-06-14 08:19:30,125 INFO:Total games: 4580
2024-06-14 08:20:38,075 INFO:Total games: 4590
2024-06-14 08:21:52,117 INFO:Total games: 4600
2024-06-14 08:22:59,513 INFO:Total games: 4610
2024-06-14 08:24:02,857 INFO:Total games: 4620
2024-06-14 08:25:10,072 INFO:Total games: 4630
2024-06-14 08:26:14,378 INFO:Total games: 4640
2024-06-14 08:27:26,769 INFO:Total games: 4650
2024-06-14 08:28:38,060 INFO:Total games: 4660
2024-06-14 08:29:56,815 INFO:Total games: 4670
2024-06-14 08:31:11,179 INFO:Total games: 4680
2024-06-14 08:32:13,795 INFO:Total games: 4690
2024-06-14 08:33:27,308 INFO:Total games: 4700
2024-06-14 08:34:32,486 INFO:Total games: 4710
2024-06-14 08:35:47,865 INFO:Total games: 4720
2024-06-14 08:36:56,499 INFO:Total games: 4730
2024-06-14 08:38:13,839 INFO:Total games: 4740
2024-06-14 08:39:33,919 INFO:Total games: 4750
2024-06-14 08:40:39,694 INFO:Total games: 4760
2024-06-14 08:41:50,142 INFO:Total games: 4770
2024-06-14 08:42:54,388 INFO:Total games: 4780
2024-06-14 08:43:42,907 INFO:Total games: 4790
2024-06-14 08:44:41,664 INFO:Total games: 4800
2024-06-14 08:45:50,445 INFO:Total games: 4810
2024-06-14 08:47:06,236 INFO:Total games: 4820
2024-06-14 08:48:22,174 INFO:Total games: 4830
2024-06-14 08:49:33,406 INFO:Total games: 4840
2024-06-14 08:50:36,189 INFO:Total games: 4850
2024-06-14 08:51:37,441 INFO:Total games: 4860
2024-06-14 08:52:48,806 INFO:Total games: 4870
2024-06-14 08:53:54,552 INFO:Total games: 4880
2024-06-14 08:55:01,510 INFO:Total games: 4890
2024-06-14 08:56:02,293 INFO:Total games: 4900
2024-06-14 08:56:59,048 INFO:Total games: 4910
2024-06-14 08:58:27,559 INFO:Total games: 4920
2024-06-14 08:59:37,028 INFO:Total games: 4930
2024-06-14 09:00:48,359 INFO:Total games: 4940
2024-06-14 09:01:53,353 INFO:Total games: 4950
2024-06-14 09:02:56,161 INFO:Total games: 4960
2024-06-14 09:03:57,356 INFO:Total games: 4970
2024-06-14 09:05:04,547 INFO:Total games: 4980
2024-06-14 09:06:18,251 INFO:Total games: 4990
2024-06-14 09:07:28,187 INFO:Total games: 5000
2024-06-14 09:08:29,463 INFO:Total games: 5010
2024-06-14 09:09:42,281 INFO:Total games: 5020
2024-06-14 09:10:56,338 INFO:Total games: 5030
2024-06-14 09:12:05,525 INFO:Total games: 5040
2024-06-14 09:13:15,491 INFO:Total games: 5050
2024-06-14 09:14:24,746 INFO:Total games: 5060
2024-06-14 09:15:34,955 INFO:Total games: 5070
2024-06-14 09:16:51,149 INFO:Total games: 5080
2024-06-14 09:18:20,214 INFO:Total games: 5090
2024-06-14 09:19:36,900 INFO:Total games: 5100
2024-06-14 09:20:55,768 INFO:Total games: 5110
2024-06-14 09:22:16,170 INFO:Total games: 5120
2024-06-14 09:23:13,490 INFO:Total games: 5130
2024-06-14 09:23:13,490 INFO:FULL
2024-06-14 09:25:13,493 INFO:FULL
2024-06-14 09:27:13,498 INFO:FULL
2024-06-14 09:30:13,753 INFO:Total games: 5140
2024-06-14 09:31:43,114 INFO:Total games: 5150
2024-06-14 09:32:52,484 INFO:Total games: 5160
2024-06-14 09:33:48,369 INFO:Total games: 5170
2024-06-14 09:34:54,652 INFO:Total games: 5180
2024-06-14 09:36:02,850 INFO:Total games: 5190
2024-06-14 09:37:04,336 INFO:Total games: 5200
2024-06-14 09:38:10,854 INFO:Total games: 5210
2024-06-14 09:39:16,341 INFO:Total games: 5220
2024-06-14 09:40:19,172 INFO:Total games: 5230
2024-06-14 09:41:05,834 INFO:Total games: 5240
2024-06-14 09:42:22,549 INFO:Total games: 5250
2024-06-14 09:43:19,863 INFO:Total games: 5260
2024-06-14 09:44:38,501 INFO:Total games: 5270
2024-06-14 09:45:55,312 INFO:Total games: 5280
2024-06-14 09:46:55,525 INFO:Total games: 5290
2024-06-14 09:48:08,843 INFO:Total games: 5300
2024-06-14 09:49:06,207 INFO:Total games: 5310
2024-06-14 09:50:09,976 INFO:Total games: 5320
2024-06-14 09:51:08,596 INFO:Total games: 5330
2024-06-14 09:52:19,372 INFO:Total games: 5340
2024-06-14 09:53:26,673 INFO:Total games: 5350
2024-06-14 09:54:36,199 INFO:Total games: 5360
2024-06-14 09:55:33,175 INFO:Total games: 5370
2024-06-14 09:56:33,116 INFO:Total games: 5380
2024-06-14 09:57:36,833 INFO:Total games: 5390
2024-06-14 09:58:46,358 INFO:Total games: 5400
2024-06-14 09:59:34,925 INFO:Total games: 5410
2024-06-14 10:00:31,839 INFO:Total games: 5420
2024-06-14 10:01:35,736 INFO:Total games: 5430
2024-06-14 10:02:48,406 INFO:Total games: 5440
2024-06-14 10:03:44,765 INFO:Total games: 5450
2024-06-14 10:04:54,765 INFO:Total games: 5460
2024-06-14 10:06:17,164 INFO:Total games: 5470
2024-06-14 10:07:30,459 INFO:Total games: 5480
2024-06-14 10:08:55,700 INFO:Total games: 5490
2024-06-14 10:09:52,387 INFO:Total games: 5500
2024-06-14 10:10:58,417 INFO:Total games: 5510
2024-06-14 10:12:08,890 INFO:Total games: 5520
2024-06-14 10:13:02,285 INFO:Total games: 5530
2024-06-14 10:13:51,021 INFO:Total games: 5540
2024-06-14 10:14:57,666 INFO:Total games: 5550
2024-06-14 10:16:08,000 INFO:Total games: 5560
2024-06-14 10:17:14,181 INFO:Total games: 5570
2024-06-14 10:18:15,928 INFO:Total games: 5580
2024-06-14 10:19:27,900 INFO:Total games: 5590
2024-06-14 10:20:37,976 INFO:Total games: 5600
2024-06-14 10:21:43,218 INFO:Total games: 5610
2024-06-14 10:22:49,262 INFO:Total games: 5620
2024-06-14 10:23:59,670 INFO:Total games: 5630
2024-06-14 10:25:15,360 INFO:Total games: 5640
2024-06-14 10:26:13,238 INFO:Total games: 5650
2024-06-14 10:27:25,397 INFO:Total games: 5660
2024-06-14 10:28:24,096 INFO:Total games: 5670
2024-06-14 10:29:18,232 INFO:Total games: 5680
2024-06-14 10:30:27,706 INFO:Total games: 5690
2024-06-14 10:31:39,949 INFO:Total games: 5700
2024-06-14 10:32:49,385 INFO:Total games: 5710
2024-06-14 10:33:59,110 INFO:Total games: 5720
2024-06-14 10:35:15,904 INFO:Total games: 5730
2024-06-14 10:36:22,774 INFO:Total games: 5740
2024-06-14 10:37:45,147 INFO:Total games: 5750
2024-06-14 10:38:48,631 INFO:Total games: 5760
2024-06-14 10:40:00,595 INFO:Total games: 5770
2024-06-14 10:41:08,490 INFO:Total games: 5780
2024-06-14 10:42:09,341 INFO:Total games: 5790
2024-06-14 10:43:28,299 INFO:Total games: 5800
2024-06-14 10:44:56,750 INFO:Total games: 5810
2024-06-14 10:46:28,309 INFO:Total games: 5820
2024-06-14 10:47:28,017 INFO:Total games: 5830
2024-06-14 10:48:47,158 INFO:Total games: 5840
2024-06-14 10:49:56,698 INFO:Total games: 5850
2024-06-14 10:51:01,811 INFO:Total games: 5860
2024-06-14 10:58:03,630 INFO:Total games: 5870
2024-06-14 10:59:17,831 INFO:Total games: 5880
2024-06-14 11:00:31,995 INFO:Total games: 5890
2024-06-14 11:01:43,120 INFO:Total games: 5900
2024-06-14 11:02:45,916 INFO:Total games: 5910
2024-06-14 11:03:52,129 INFO:Total games: 5920
2024-06-14 11:04:48,962 INFO:Total games: 5930
2024-06-14 11:06:09,965 INFO:Total games: 5940
2024-06-14 11:07:30,688 INFO:Total games: 5950
2024-06-14 11:08:43,605 INFO:Total games: 5960
2024-06-14 11:09:43,518 INFO:Total games: 5970
2024-06-14 11:10:58,161 INFO:Total games: 5980
2024-06-14 11:12:18,162 INFO:Total games: 5990
2024-06-14 11:13:35,236 INFO:Total games: 6000
2024-06-14 11:14:46,965 INFO:Total games: 6010
2024-06-14 11:15:55,363 INFO:Total games: 6020
2024-06-14 11:17:03,522 INFO:Total games: 6030
2024-06-14 11:18:19,954 INFO:Total games: 6040
2024-06-14 11:19:13,041 INFO:Total games: 6050
2024-06-14 11:20:30,622 INFO:Total games: 6060
2024-06-14 11:21:48,692 INFO:Total games: 6070
2024-06-14 11:22:52,185 INFO:Total games: 6080
2024-06-14 11:24:05,848 INFO:Total games: 6090
2024-06-14 11:25:28,725 INFO:Total games: 6100
2024-06-14 11:26:36,114 INFO:Total games: 6110
2024-06-14 11:27:42,659 INFO:Total games: 6120
2024-06-14 11:28:54,839 INFO:Total games: 6130
2024-06-14 11:29:48,323 INFO:Total games: 6140
2024-06-14 11:30:59,430 INFO:Total games: 6150
2024-06-14 11:32:07,201 INFO:Total games: 6160
2024-06-14 11:33:10,313 INFO:Total games: 6170
2024-06-14 11:34:18,380 INFO:Total games: 6180
2024-06-14 11:35:16,082 INFO:Total games: 6190
2024-06-14 11:36:23,219 INFO:Total games: 6200
2024-06-14 11:37:16,413 INFO:Total games: 6210
2024-06-14 11:38:10,909 INFO:Total games: 6220
2024-06-14 11:39:14,980 INFO:Total games: 6230
2024-06-14 11:40:25,616 INFO:Total games: 6240
2024-06-14 11:41:30,728 INFO:Total games: 6250
2024-06-14 11:42:58,586 INFO:Total games: 6260
2024-06-14 11:44:07,605 INFO:Total games: 6270
2024-06-14 11:44:58,067 INFO:Total games: 6280
2024-06-14 11:46:10,675 INFO:Total games: 6290
2024-06-14 11:47:26,422 INFO:Total games: 6300
2024-06-14 11:48:23,851 INFO:Total games: 6310
2024-06-14 11:49:29,956 INFO:Total games: 6320
2024-06-14 11:50:39,336 INFO:Total games: 6330
2024-06-14 11:51:54,568 INFO:Total games: 6340
2024-06-14 11:53:10,100 INFO:Total games: 6350
2024-06-14 11:54:16,719 INFO:Total games: 6360
2024-06-14 11:55:26,030 INFO:Total games: 6370
2024-06-14 11:56:36,170 INFO:Total games: 6380
2024-06-14 11:57:39,834 INFO:Total games: 6390
2024-06-14 11:58:34,979 INFO:Total games: 6400
2024-06-14 11:59:41,722 INFO:Total games: 6410
2024-06-14 12:00:37,680 INFO:Total games: 6420
2024-06-14 12:01:33,321 INFO:Total games: 6430
2024-06-14 12:02:51,266 INFO:Total games: 6440
2024-06-14 12:04:02,576 INFO:Total games: 6450
2024-06-14 12:04:58,309 INFO:Total games: 6460
2024-06-14 12:06:07,917 INFO:Total games: 6470
2024-06-14 12:07:27,688 INFO:Total games: 6480
2024-06-14 12:08:23,486 INFO:Total games: 6490
2024-06-14 12:09:30,973 INFO:Total games: 6500
2024-06-14 12:10:37,233 INFO:Total games: 6510
2024-06-14 12:11:48,210 INFO:Total games: 6520
2024-06-14 12:12:52,780 INFO:Total games: 6530
2024-06-14 12:14:03,983 INFO:Total games: 6540
2024-06-14 12:15:14,791 INFO:Total games: 6550
2024-06-14 12:16:40,554 INFO:Total games: 6560
2024-06-14 12:17:46,211 INFO:Total games: 6570
2024-06-14 12:19:15,835 INFO:Total games: 6580
2024-06-14 12:26:59,167 INFO:Total games: 6590
2024-06-14 12:28:18,532 INFO:Total games: 6600
2024-06-14 12:29:20,038 INFO:Total games: 6610
2024-06-14 12:30:50,013 INFO:Total games: 6620
2024-06-14 12:31:54,030 INFO:Total games: 6630
2024-06-14 12:32:57,355 INFO:Total games: 6640
2024-06-14 12:33:59,762 INFO:Total games: 6650
2024-06-14 12:35:07,202 INFO:Total games: 6660
2024-06-14 12:36:35,623 INFO:Total games: 6670
2024-06-14 12:37:46,912 INFO:Total games: 6680
2024-06-14 12:38:59,450 INFO:Total games: 6690
2024-06-14 12:40:11,577 INFO:Total games: 6700
2024-06-14 12:41:11,445 INFO:Total games: 6710
2024-06-14 12:42:27,760 INFO:Total games: 6720
2024-06-14 12:43:41,200 INFO:Total games: 6730
2024-06-14 12:44:51,391 INFO:Total games: 6740
2024-06-14 12:45:55,191 INFO:Total games: 6750
2024-06-14 12:47:22,061 INFO:Total games: 6760
2024-06-14 12:48:25,860 INFO:Total games: 6770
2024-06-14 12:49:39,697 INFO:Total games: 6780
2024-06-14 12:50:47,750 INFO:Total games: 6790
2024-06-14 12:51:53,067 INFO:Total games: 6800
2024-06-14 12:52:56,452 INFO:Total games: 6810
2024-06-14 12:53:59,514 INFO:Total games: 6820
2024-06-14 12:55:09,057 INFO:Total games: 6830
2024-06-14 12:55:55,430 INFO:Total games: 6840
2024-06-14 12:57:13,834 INFO:Total games: 6850
2024-06-14 12:58:25,324 INFO:Total games: 6860
2024-06-14 12:59:25,776 INFO:Total games: 6870
2024-06-14 13:00:36,425 INFO:Total games: 6880
2024-06-14 13:01:47,447 INFO:Total games: 6890
2024-06-14 13:02:54,591 INFO:Total games: 6900
2024-06-14 13:04:17,783 INFO:Total games: 6910
2024-06-14 13:05:37,818 INFO:Total games: 6920
2024-06-14 13:06:40,576 INFO:Total games: 6930
2024-06-14 13:07:45,549 INFO:Total games: 6940
2024-06-14 13:08:34,005 INFO:Total games: 6950
2024-06-14 13:09:33,414 INFO:Total games: 6960
2024-06-14 13:10:24,325 INFO:Total games: 6970
2024-06-14 13:11:29,612 INFO:Total games: 6980
2024-06-14 13:12:19,703 INFO:Total games: 6990
2024-06-14 13:13:41,986 INFO:Total games: 7000
2024-06-14 13:14:47,723 INFO:Total games: 7010
2024-06-14 13:15:59,104 INFO:Total games: 7020
2024-06-14 13:17:11,609 INFO:Total games: 7030
2024-06-14 13:18:24,237 INFO:Total games: 7040
2024-06-14 13:19:39,081 INFO:Total games: 7050
2024-06-14 13:20:46,285 INFO:Total games: 7060
2024-06-14 13:21:43,388 INFO:Total games: 7070
2024-06-14 13:22:47,474 INFO:Total games: 7080
2024-06-14 13:23:49,738 INFO:Total games: 7090
2024-06-14 13:24:48,897 INFO:Total games: 7100
2024-06-14 13:25:54,563 INFO:Total games: 7110
2024-06-14 13:27:20,473 INFO:Total games: 7120
2024-06-14 13:28:21,527 INFO:Total games: 7130
2024-06-14 13:29:22,288 INFO:Total games: 7140
2024-06-14 13:30:18,626 INFO:Total games: 7150
2024-06-14 13:31:26,598 INFO:Total games: 7160
2024-06-14 13:32:28,920 INFO:Total games: 7170
2024-06-14 13:33:33,060 INFO:Total games: 7180
2024-06-14 13:34:38,505 INFO:Total games: 7190
2024-06-14 13:35:51,591 INFO:Total games: 7200
2024-06-14 13:37:01,752 INFO:Total games: 7210
2024-06-14 13:37:59,316 INFO:Total games: 7220
2024-06-14 13:39:00,262 INFO:Total games: 7230
2024-06-14 13:40:03,466 INFO:Total games: 7240
2024-06-14 13:41:08,893 INFO:Total games: 7250
2024-06-14 13:42:15,159 INFO:Total games: 7260
2024-06-14 13:43:27,804 INFO:Total games: 7270
2024-06-14 13:44:32,221 INFO:Total games: 7280
2024-06-14 13:46:16,757 INFO:Total games: 7290
2024-06-14 13:47:42,514 INFO:Total games: 7300
2024-06-14 13:48:51,102 INFO:Total games: 7310
2024-06-14 13:55:51,329 INFO:Total games: 7320
2024-06-14 13:57:02,436 INFO:Total games: 7330
2024-06-14 13:58:19,441 INFO:Total games: 7340
2024-06-14 13:59:32,941 INFO:Total games: 7350
2024-06-14 14:00:34,152 INFO:Total games: 7360
2024-06-14 14:01:42,911 INFO:Total games: 7370
2024-06-14 14:02:58,857 INFO:Total games: 7380
2024-06-14 14:04:11,382 INFO:Total games: 7390
2024-06-14 14:05:20,534 INFO:Total games: 7400
2024-06-14 14:06:25,409 INFO:Total games: 7410
2024-06-14 14:07:31,179 INFO:Total games: 7420
2024-06-14 14:08:35,839 INFO:Total games: 7430
2024-06-14 14:09:45,397 INFO:Total games: 7440
2024-06-14 14:10:50,779 INFO:Total games: 7450
2024-06-14 14:12:12,883 INFO:Total games: 7460
2024-06-14 14:13:30,105 INFO:Total games: 7470
2024-06-14 14:14:41,821 INFO:Total games: 7480
2024-06-14 14:15:55,781 INFO:Total games: 7490
2024-06-14 14:17:10,492 INFO:Total games: 7500
2024-06-14 14:18:18,492 INFO:Total games: 7510
2024-06-14 14:19:23,391 INFO:Total games: 7520
2024-06-14 14:20:39,250 INFO:Total games: 7530
2024-06-14 14:21:43,831 INFO:Total games: 7540
2024-06-14 14:22:49,122 INFO:Total games: 7550
2024-06-14 14:24:00,263 INFO:Total games: 7560
2024-06-14 14:25:05,749 INFO:Total games: 7570
2024-06-14 14:26:15,402 INFO:Total games: 7580
2024-06-14 14:27:34,863 INFO:Total games: 7590
2024-06-14 14:28:46,712 INFO:Total games: 7600
2024-06-14 14:29:55,907 INFO:Total games: 7610
2024-06-14 14:30:50,529 INFO:Total games: 7620
2024-06-14 14:32:10,852 INFO:Total games: 7630
2024-06-14 14:33:25,442 INFO:Total games: 7640
2024-06-14 14:34:37,452 INFO:Total games: 7650
2024-06-14 14:35:51,926 INFO:Total games: 7660
2024-06-14 14:36:57,630 INFO:Total games: 7670
2024-06-14 14:37:56,615 INFO:Total games: 7680
2024-06-14 14:39:04,428 INFO:Total games: 7690
2024-06-14 14:40:19,800 INFO:Total games: 7700
2024-06-14 14:41:30,984 INFO:Total games: 7710
2024-06-14 14:42:42,192 INFO:Total games: 7720
2024-06-14 14:43:51,445 INFO:Total games: 7730
2024-06-14 14:45:06,714 INFO:Total games: 7740
2024-06-14 14:46:15,013 INFO:Total games: 7750
2024-06-14 14:47:27,853 INFO:Total games: 7760
2024-06-14 14:48:29,949 INFO:Total games: 7770
2024-06-14 14:49:37,069 INFO:Total games: 7780
2024-06-14 14:50:56,343 INFO:Total games: 7790
2024-06-14 14:51:58,016 INFO:Total games: 7800
2024-06-14 14:53:02,742 INFO:Total games: 7810
2024-06-14 14:54:10,419 INFO:Total games: 7820
2024-06-14 14:55:19,511 INFO:Total games: 7830
2024-06-14 14:56:24,425 INFO:Total games: 7840
2024-06-14 14:57:33,240 INFO:Total games: 7850
2024-06-14 14:58:43,202 INFO:Total games: 7860
2024-06-14 15:00:04,077 INFO:Total games: 7870
2024-06-14 15:01:08,438 INFO:Total games: 7880
2024-06-14 15:02:18,689 INFO:Total games: 7890
2024-06-14 15:03:40,151 INFO:Total games: 7900
2024-06-14 15:05:02,921 INFO:Total games: 7910
2024-06-14 15:06:17,253 INFO:Total games: 7920
2024-06-14 15:07:30,112 INFO:Total games: 7930
2024-06-14 15:08:46,454 INFO:Total games: 7940
2024-06-14 15:09:49,931 INFO:Total games: 7950
2024-06-14 15:10:57,245 INFO:Total games: 7960
2024-06-14 15:12:28,691 INFO:Total games: 7970
2024-06-14 15:13:50,359 INFO:Total games: 7980
2024-06-14 15:15:14,228 INFO:Total games: 7990
2024-06-14 15:16:39,282 INFO:Total games: 8000
2024-06-14 15:17:51,799 INFO:Total games: 8010
2024-06-14 15:25:21,882 INFO:Total games: 8020
2024-06-14 15:26:23,978 INFO:Total games: 8030
2024-06-14 15:27:33,118 INFO:Total games: 8040
2024-06-14 15:28:48,563 INFO:Total games: 8050
2024-06-14 15:30:05,343 INFO:Total games: 8060
2024-06-14 15:31:07,389 INFO:Total games: 8070
2024-06-14 15:32:13,113 INFO:Total games: 8080
2024-06-14 15:33:24,017 INFO:Total games: 8090
2024-06-14 15:34:25,657 INFO:Total games: 8100
2024-06-14 15:35:23,814 INFO:Total games: 8110
2024-06-14 15:36:31,424 INFO:Total games: 8120
2024-06-14 15:37:56,130 INFO:Total games: 8130
2024-06-14 15:38:59,895 INFO:Total games: 8140
2024-06-14 15:40:12,055 INFO:Total games: 8150
2024-06-14 15:41:36,043 INFO:Total games: 8160
2024-06-14 15:42:37,179 INFO:Total games: 8170
2024-06-14 15:43:49,122 INFO:Total games: 8180
2024-06-14 15:44:42,437 INFO:Total games: 8190
2024-06-14 15:45:42,680 INFO:Total games: 8200
2024-06-14 15:46:54,081 INFO:Total games: 8210
2024-06-14 15:48:11,997 INFO:Total games: 8220
2024-06-14 15:49:20,985 INFO:Total games: 8230
2024-06-14 15:50:24,831 INFO:Total games: 8240
2024-06-14 15:51:40,367 INFO:Total games: 8250
2024-06-14 15:52:50,344 INFO:Total games: 8260
2024-06-14 15:54:03,545 INFO:Total games: 8270
2024-06-14 15:55:09,778 INFO:Total games: 8280
2024-06-14 15:56:18,977 INFO:Total games: 8290
2024-06-14 15:57:22,611 INFO:Total games: 8300
2024-06-14 15:58:30,781 INFO:Total games: 8310
2024-06-14 15:59:39,316 INFO:Total games: 8320
2024-06-14 16:00:53,850 INFO:Total games: 8330
2024-06-14 16:02:18,950 INFO:Total games: 8340
2024-06-14 16:03:28,665 INFO:Total games: 8350
2024-06-14 16:04:34,619 INFO:Total games: 8360
2024-06-14 16:05:45,791 INFO:Total games: 8370
2024-06-14 16:07:01,646 INFO:Total games: 8380
2024-06-14 16:08:13,018 INFO:Total games: 8390
2024-06-14 16:09:30,679 INFO:Total games: 8400
2024-06-14 16:10:31,104 INFO:Total games: 8410
2024-06-14 16:11:50,617 INFO:Total games: 8420
2024-06-14 16:12:55,547 INFO:Total games: 8430
2024-06-14 16:14:12,477 INFO:Total games: 8440
2024-06-14 16:15:20,529 INFO:Total games: 8450
2024-06-14 16:16:34,874 INFO:Total games: 8460
2024-06-14 16:17:57,340 INFO:Total games: 8470
2024-06-14 16:18:56,464 INFO:Total games: 8480
2024-06-14 16:20:25,727 INFO:Total games: 8490
2024-06-14 16:21:32,919 INFO:Total games: 8500
2024-06-14 16:22:45,748 INFO:Total games: 8510
2024-06-14 16:23:46,123 INFO:Total games: 8520
2024-06-14 16:24:34,188 INFO:Total games: 8530
2024-06-14 16:25:37,698 INFO:Total games: 8540
2024-06-14 16:26:45,650 INFO:Total games: 8550
2024-06-14 16:27:44,474 INFO:Total games: 8560
2024-06-14 16:29:03,248 INFO:Total games: 8570
2024-06-14 16:29:56,406 INFO:Total games: 8580
2024-06-14 16:31:07,206 INFO:Total games: 8590
2024-06-14 16:32:26,135 INFO:Total games: 8600
2024-06-14 16:33:27,967 INFO:Total games: 8610
2024-06-14 16:34:29,379 INFO:Total games: 8620
2024-06-14 16:35:14,401 INFO:Total games: 8630
2024-06-14 16:36:22,461 INFO:Total games: 8640
2024-06-14 16:37:24,265 INFO:Total games: 8650
2024-06-14 16:38:21,809 INFO:Total games: 8660
2024-06-14 16:39:27,469 INFO:Total games: 8670
2024-06-14 16:40:16,877 INFO:Total games: 8680
2024-06-14 16:41:27,192 INFO:Total games: 8690
2024-06-14 16:42:39,713 INFO:Total games: 8700
2024-06-14 16:44:02,519 INFO:Total games: 8710
2024-06-14 16:45:30,322 INFO:Total games: 8720
2024-06-14 16:46:46,989 INFO:Total games: 8730
2024-06-14 16:47:56,665 INFO:Total games: 8740
2024-06-14 16:55:41,496 INFO:Total games: 8750
2024-06-14 16:56:53,217 INFO:Total games: 8760
2024-06-14 16:57:56,556 INFO:Total games: 8770
2024-06-14 16:58:59,373 INFO:Total games: 8780
2024-06-14 17:00:03,911 INFO:Total games: 8790
2024-06-14 17:01:05,434 INFO:Total games: 8800
2024-06-14 17:02:26,367 INFO:Total games: 8810
2024-06-14 17:03:28,859 INFO:Total games: 8820
2024-06-14 17:04:29,985 INFO:Total games: 8830
2024-06-14 17:05:49,216 INFO:Total games: 8840
2024-06-14 17:06:59,949 INFO:Total games: 8850
2024-06-14 17:08:12,352 INFO:Total games: 8860
2024-06-14 17:09:19,631 INFO:Total games: 8870
2024-06-14 17:10:38,545 INFO:Total games: 8880
2024-06-14 17:11:48,102 INFO:Total games: 8890
2024-06-14 17:12:52,156 INFO:Total games: 8900
2024-06-14 17:13:55,002 INFO:Total games: 8910
2024-06-14 17:15:00,819 INFO:Total games: 8920
2024-06-14 17:16:05,846 INFO:Total games: 8930
2024-06-14 17:17:18,487 INFO:Total games: 8940
2024-06-14 17:18:24,334 INFO:Total games: 8950
2024-06-14 17:19:33,232 INFO:Total games: 8960
2024-06-14 17:20:39,321 INFO:Total games: 8970
2024-06-14 17:21:48,428 INFO:Total games: 8980
2024-06-14 17:22:50,633 INFO:Total games: 8990
2024-06-14 17:24:01,202 INFO:Total games: 9000
2024-06-14 17:25:23,231 INFO:Total games: 9010
2024-06-14 17:26:45,490 INFO:Total games: 9020
2024-06-14 17:27:56,432 INFO:Total games: 9030
2024-06-14 17:29:14,604 INFO:Total games: 9040
2024-06-14 17:30:28,247 INFO:Total games: 9050
2024-06-14 17:31:12,225 INFO:Total games: 9060
2024-06-14 17:32:19,887 INFO:Total games: 9070
2024-06-14 17:33:25,208 INFO:Total games: 9080
2024-06-14 17:34:28,407 INFO:Total games: 9090
2024-06-14 17:35:34,465 INFO:Total games: 9100
2024-06-14 17:36:36,669 INFO:Total games: 9110
2024-06-14 17:37:40,025 INFO:Total games: 9120
2024-06-14 17:38:50,861 INFO:Total games: 9130
2024-06-14 17:39:46,787 INFO:Total games: 9140
2024-06-14 17:40:49,418 INFO:Total games: 9150
2024-06-14 17:41:58,926 INFO:Total games: 9160
2024-06-14 17:43:14,100 INFO:Total games: 9170
2024-06-14 17:44:20,710 INFO:Total games: 9180
2024-06-14 17:45:26,052 INFO:Total games: 9190
2024-06-14 17:46:26,314 INFO:Total games: 9200
2024-06-14 17:47:36,518 INFO:Total games: 9210
2024-06-14 17:48:32,160 INFO:Total games: 9220
2024-06-14 17:49:40,255 INFO:Total games: 9230
2024-06-14 17:51:02,810 INFO:Total games: 9240
2024-06-14 17:51:52,296 INFO:Total games: 9250
2024-06-14 17:53:05,735 INFO:Total games: 9260
2024-06-14 17:54:10,704 INFO:Total games: 9270
2024-06-14 17:55:05,524 INFO:Total games: 9280
2024-06-14 17:56:07,650 INFO:Total games: 9290
2024-06-14 17:57:19,161 INFO:Total games: 9300
2024-06-14 17:58:26,227 INFO:Total games: 9310
2024-06-14 17:59:35,472 INFO:Total games: 9320
2024-06-14 18:00:54,498 INFO:Total games: 9330
2024-06-14 18:01:52,440 INFO:Total games: 9340
2024-06-14 18:02:48,489 INFO:Total games: 9350
2024-06-14 18:03:50,437 INFO:Total games: 9360
2024-06-14 18:04:48,892 INFO:Total games: 9370
2024-06-14 18:05:55,815 INFO:Total games: 9380
2024-06-14 18:07:09,059 INFO:Total games: 9390
2024-06-14 18:08:10,330 INFO:Total games: 9400
2024-06-14 18:09:10,425 INFO:Total games: 9410
2024-06-14 18:10:16,521 INFO:Total games: 9420
2024-06-14 18:11:25,186 INFO:Total games: 9430
2024-06-14 18:12:51,483 INFO:Total games: 9440
2024-06-14 18:14:13,051 INFO:Total games: 9450
2024-06-14 18:15:21,984 INFO:Total games: 9460
2024-06-14 18:16:40,905 INFO:Total games: 9470
2024-06-14 18:18:05,953 INFO:Total games: 9480
2024-06-14 18:24:32,890 INFO:Total games: 9490
2024-06-14 18:25:56,329 INFO:Total games: 9500
2024-06-14 18:27:10,402 INFO:Total games: 9510
2024-06-14 18:28:05,905 INFO:Total games: 9520
2024-06-14 18:29:26,395 INFO:Total games: 9530
2024-06-14 18:30:34,083 INFO:Total games: 9540
2024-06-14 18:31:35,910 INFO:Total games: 9550
2024-06-14 18:32:39,790 INFO:Total games: 9560
2024-06-14 18:33:46,208 INFO:Total games: 9570
2024-06-14 18:34:54,101 INFO:Total games: 9580
2024-06-14 18:36:10,335 INFO:Total games: 9590
2024-06-14 18:37:17,393 INFO:Total games: 9600
2024-06-14 18:38:32,127 INFO:Total games: 9610
2024-06-14 18:39:44,158 INFO:Total games: 9620
2024-06-14 18:40:52,280 INFO:Total games: 9630
2024-06-14 18:41:59,560 INFO:Total games: 9640
2024-06-14 18:43:01,280 INFO:Total games: 9650
2024-06-14 18:44:17,656 INFO:Total games: 9660
2024-06-14 18:45:21,728 INFO:Total games: 9670
2024-06-14 18:46:27,907 INFO:Total games: 9680
2024-06-14 18:47:46,098 INFO:Total games: 9690
2024-06-14 18:48:55,558 INFO:Total games: 9700
2024-06-14 18:49:57,916 INFO:Total games: 9710
2024-06-14 18:51:14,925 INFO:Total games: 9720
2024-06-14 18:52:16,531 INFO:Total games: 9730
2024-06-14 18:53:25,620 INFO:Total games: 9740
2024-06-14 18:54:48,020 INFO:Total games: 9750
2024-06-14 18:55:46,301 INFO:Total games: 9760
2024-06-14 18:56:48,114 INFO:Total games: 9770
2024-06-14 18:57:40,756 INFO:Total games: 9780
2024-06-14 18:58:49,948 INFO:Total games: 9790
2024-06-14 18:59:56,030 INFO:Total games: 9800
2024-06-14 19:01:02,502 INFO:Total games: 9810
2024-06-14 19:02:01,616 INFO:Total games: 9820
2024-06-14 19:03:29,993 INFO:Total games: 9830
2024-06-14 19:04:41,698 INFO:Total games: 9840
2024-06-14 19:05:51,167 INFO:Total games: 9850
2024-06-14 19:06:58,366 INFO:Total games: 9860
2024-06-14 19:08:10,322 INFO:Total games: 9870
2024-06-14 19:09:24,829 INFO:Total games: 9880
2024-06-14 19:10:30,184 INFO:Total games: 9890
2024-06-14 19:11:35,185 INFO:Total games: 9900
2024-06-14 19:12:47,360 INFO:Total games: 9910
2024-06-14 19:14:05,146 INFO:Total games: 9920
2024-06-14 19:15:22,776 INFO:Total games: 9930
2024-06-14 19:16:39,824 INFO:Total games: 9940
2024-06-14 19:17:35,123 INFO:Total games: 9950
2024-06-14 19:18:30,517 INFO:Total games: 9960
2024-06-14 19:19:51,617 INFO:Total games: 9970
2024-06-14 19:21:03,939 INFO:Total games: 9980
2024-06-14 19:22:07,873 INFO:Total games: 9990
2024-06-14 19:23:13,068 INFO:Total games: 10000
2024-06-14 19:24:25,833 INFO:Total games: 10010
2024-06-14 19:25:29,613 INFO:Total games: 10020
2024-06-14 19:26:45,275 INFO:Total games: 10030
2024-06-14 19:27:47,113 INFO:Total games: 10040
2024-06-14 19:29:01,966 INFO:Total games: 10050
2024-06-14 19:30:13,833 INFO:Total games: 10060
2024-06-14 19:31:33,155 INFO:Total games: 10070
2024-06-14 19:32:53,710 INFO:Total games: 10080
2024-06-14 19:34:06,192 INFO:Total games: 10090
2024-06-14 19:35:17,579 INFO:Total games: 10100
2024-06-14 19:36:20,504 INFO:Total games: 10110
2024-06-14 19:37:15,242 INFO:Total games: 10120
2024-06-14 19:38:20,092 INFO:Total games: 10130
2024-06-14 19:39:38,643 INFO:Total games: 10140
2024-06-14 19:40:28,418 INFO:Total games: 10150
2024-06-14 19:41:23,288 INFO:Total games: 10160
2024-06-14 19:42:51,102 INFO:Total games: 10170
2024-06-14 19:44:00,955 INFO:Total games: 10180
2024-06-14 19:45:26,028 INFO:Total games: 10190
2024-06-14 19:46:55,249 INFO:Total games: 10200
2024-06-14 19:54:11,183 INFO:Total games: 10210
2024-06-14 19:54:20,018 INFO:Loaded new best model
2024-06-14 19:55:14,166 INFO:Total games: 10220
2024-06-14 19:56:22,874 INFO:Total games: 10230
2024-06-14 19:57:16,162 INFO:Total games: 10240
2024-06-14 19:58:19,833 INFO:Total games: 10250
2024-06-14 19:59:35,059 INFO:Total games: 10260
2024-06-14 20:00:52,708 INFO:Total games: 10270
2024-06-14 20:01:53,386 INFO:Total games: 10280
2024-06-14 20:02:54,656 INFO:Total games: 10290
2024-06-14 20:03:54,924 INFO:Total games: 10300
2024-06-14 20:05:11,721 INFO:Total games: 10310
2024-06-14 20:06:07,326 INFO:Total games: 10320
2024-06-14 20:07:13,081 INFO:Total games: 10330
2024-06-14 20:08:36,512 INFO:Total games: 10340
2024-06-14 20:09:49,069 INFO:Total games: 10350
2024-06-14 20:10:49,881 INFO:Total games: 10360
2024-06-14 20:11:48,315 INFO:Total games: 10370
2024-06-14 20:12:57,168 INFO:Total games: 10380
2024-06-14 20:14:20,678 INFO:Total games: 10390
2024-06-14 20:15:14,832 INFO:Total games: 10400
2024-06-14 20:16:08,584 INFO:Total games: 10410
2024-06-14 20:17:03,758 INFO:Total games: 10420
2024-06-14 20:18:14,936 INFO:Total games: 10430
2024-06-14 20:19:31,620 INFO:Total games: 10440
2024-06-14 20:20:43,478 INFO:Total games: 10450
2024-06-14 20:21:48,987 INFO:Total games: 10460
2024-06-14 20:22:58,775 INFO:Total games: 10470
2024-06-14 20:24:03,155 INFO:Total games: 10480
2024-06-14 20:25:19,022 INFO:Total games: 10490
2024-06-14 20:26:33,122 INFO:Total games: 10500
2024-06-14 20:27:29,040 INFO:Total games: 10510
2024-06-14 20:28:36,917 INFO:Total games: 10520
2024-06-14 20:29:54,386 INFO:Total games: 10530
2024-06-14 20:31:05,630 INFO:Total games: 10540
2024-06-14 20:32:00,242 INFO:Total games: 10550
2024-06-14 20:33:20,613 INFO:Total games: 10560
2024-06-14 20:34:42,883 INFO:Total games: 10570
2024-06-14 20:35:36,149 INFO:Total games: 10580
2024-06-14 20:36:47,644 INFO:Total games: 10590
2024-06-14 20:38:01,210 INFO:Total games: 10600
2024-06-14 20:38:57,189 INFO:Total games: 10610
2024-06-14 20:40:07,657 INFO:Total games: 10620
2024-06-14 20:41:22,962 INFO:Total games: 10630
2024-06-14 20:42:25,935 INFO:Total games: 10640
2024-06-14 20:43:31,579 INFO:Total games: 10650
2024-06-14 20:44:40,407 INFO:Total games: 10660
2024-06-14 20:46:02,561 INFO:Total games: 10670
2024-06-14 20:47:02,939 INFO:Total games: 10680
2024-06-14 20:48:04,533 INFO:Total games: 10690
2024-06-14 20:48:48,134 INFO:Total games: 10700
2024-06-14 20:49:57,428 INFO:Total games: 10710
2024-06-14 20:51:00,932 INFO:Total games: 10720
2024-06-14 20:51:53,693 INFO:Total games: 10730
2024-06-14 20:53:06,969 INFO:Total games: 10740
2024-06-14 20:54:19,346 INFO:Total games: 10750
2024-06-14 20:55:14,289 INFO:Total games: 10760
2024-06-14 20:56:22,753 INFO:Total games: 10770
2024-06-14 20:57:29,978 INFO:Total games: 10780
2024-06-14 20:58:55,660 INFO:Total games: 10790
2024-06-14 20:59:48,641 INFO:Total games: 10800
2024-06-14 21:00:48,277 INFO:Total games: 10810
2024-06-14 21:02:05,845 INFO:Total games: 10820
2024-06-14 21:03:16,344 INFO:Total games: 10830
2024-06-14 21:04:21,810 INFO:Total games: 10840
2024-06-14 21:05:29,691 INFO:Total games: 10850
2024-06-14 21:06:35,541 INFO:Total games: 10860
2024-06-14 21:07:31,544 INFO:Total games: 10870
2024-06-14 21:08:49,458 INFO:Total games: 10880
2024-06-14 21:10:00,096 INFO:Total games: 10890
2024-06-14 21:11:16,426 INFO:Total games: 10900
2024-06-14 21:12:13,520 INFO:Total games: 10910
2024-06-14 21:13:27,874 INFO:Total games: 10920
2024-06-14 21:14:44,208 INFO:Total games: 10930
2024-06-14 21:15:59,536 INFO:Total games: 10940
2024-06-14 21:22:48,451 INFO:Total games: 10950
2024-06-14 21:23:09,080 INFO:Loaded new best model
2024-06-14 21:23:55,253 INFO:Total games: 10960
2024-06-14 21:25:02,288 INFO:Total games: 10970
2024-06-14 21:26:04,745 INFO:Total games: 10980
2024-06-14 21:27:21,771 INFO:Total games: 10990
2024-06-14 21:28:10,726 INFO:Total games: 11000
2024-06-14 21:29:18,635 INFO:Total games: 11010
2024-06-14 21:30:39,156 INFO:Total games: 11020
2024-06-14 21:31:50,136 INFO:Total games: 11030
2024-06-14 21:32:52,123 INFO:Total games: 11040
2024-06-14 21:33:59,783 INFO:Total games: 11050
2024-06-14 21:35:11,967 INFO:Total games: 11060
2024-06-14 21:36:13,844 INFO:Total games: 11070
2024-06-14 21:37:15,915 INFO:Total games: 11080
2024-06-14 21:38:13,258 INFO:Total games: 11090
2024-06-14 21:39:10,336 INFO:Total games: 11100
2024-06-14 21:40:25,914 INFO:Total games: 11110
2024-06-14 21:41:26,717 INFO:Total games: 11120
2024-06-14 21:42:33,341 INFO:Total games: 11130
2024-06-14 21:43:33,852 INFO:Total games: 11140
2024-06-14 21:44:41,197 INFO:Total games: 11150
2024-06-14 21:45:39,205 INFO:Total games: 11160
2024-06-14 21:46:30,382 INFO:Total games: 11170
2024-06-14 21:47:37,418 INFO:Total games: 11180
2024-06-14 21:48:38,168 INFO:Total games: 11190
2024-06-14 21:49:57,650 INFO:Total games: 11200
2024-06-14 21:51:22,736 INFO:Total games: 11210
2024-06-14 21:52:55,853 INFO:Total games: 11220
2024-06-14 21:53:56,623 INFO:Total games: 11230
2024-06-14 21:55:04,113 INFO:Total games: 11240
2024-06-14 21:56:19,070 INFO:Total games: 11250
2024-06-14 21:57:32,049 INFO:Total games: 11260
2024-06-14 21:58:50,071 INFO:Total games: 11270
2024-06-14 21:59:42,396 INFO:Total games: 11280
2024-06-14 22:00:50,712 INFO:Total games: 11290
2024-06-14 22:01:46,508 INFO:Total games: 11300
2024-06-14 22:02:56,458 INFO:Total games: 11310
2024-06-14 22:04:04,379 INFO:Total games: 11320
2024-06-14 22:05:02,407 INFO:Total games: 11330
2024-06-14 22:05:59,973 INFO:Total games: 11340
2024-06-14 22:07:08,226 INFO:Total games: 11350
2024-06-14 22:08:15,007 INFO:Total games: 11360
2024-06-14 22:09:36,321 INFO:Total games: 11370
2024-06-14 22:10:44,916 INFO:Total games: 11380
2024-06-14 22:11:49,391 INFO:Total games: 11390
2024-06-14 22:13:09,353 INFO:Total games: 11400
2024-06-14 22:14:05,955 INFO:Total games: 11410
2024-06-14 22:15:13,746 INFO:Total games: 11420
2024-06-14 22:16:17,550 INFO:Total games: 11430
2024-06-14 22:17:29,989 INFO:Total games: 11440
2024-06-14 22:18:26,861 INFO:Total games: 11450
2024-06-14 22:19:40,964 INFO:Total games: 11460
2024-06-14 22:20:47,015 INFO:Total games: 11470
2024-06-14 22:22:00,838 INFO:Total games: 11480
2024-06-14 22:23:17,751 INFO:Total games: 11490
2024-06-14 22:24:25,596 INFO:Total games: 11500
2024-06-14 22:25:29,731 INFO:Total games: 11510
2024-06-14 22:26:37,645 INFO:Total games: 11520
2024-06-14 22:27:33,113 INFO:Total games: 11530
2024-06-14 22:28:34,032 INFO:Total games: 11540
2024-06-14 22:29:39,154 INFO:Total games: 11550
2024-06-14 22:30:44,497 INFO:Total games: 11560
2024-06-14 22:31:53,678 INFO:Total games: 11570
2024-06-14 22:33:02,442 INFO:Total games: 11580
2024-06-14 22:34:25,316 INFO:Total games: 11590
2024-06-14 22:35:36,584 INFO:Total games: 11600
2024-06-14 22:36:39,281 INFO:Total games: 11610
2024-06-14 22:37:50,377 INFO:Total games: 11620
2024-06-14 22:39:03,197 INFO:Total games: 11630
2024-06-14 22:40:19,074 INFO:Total games: 11640
2024-06-14 22:41:28,888 INFO:Total games: 11650
2024-06-14 22:42:58,530 INFO:Total games: 11660
2024-06-14 22:44:21,773 INFO:Total games: 11670
2024-06-14 22:45:43,080 INFO:Total games: 11680
2024-06-14 22:46:56,231 INFO:Total games: 11690
2024-06-14 22:53:10,948 INFO:Total games: 11700
2024-06-14 22:54:19,598 INFO:Total games: 11710
2024-06-14 22:54:56,732 INFO:Loaded new best model
2024-06-14 22:55:21,338 INFO:Total games: 11720
2024-06-14 22:56:20,015 INFO:Total games: 11730
2024-06-14 22:57:16,768 INFO:Total games: 11740
2024-06-14 22:58:20,619 INFO:Total games: 11750
2024-06-14 22:59:32,813 INFO:Total games: 11760
2024-06-14 23:00:40,352 INFO:Total games: 11770
2024-06-14 23:01:42,216 INFO:Total games: 11780
2024-06-14 23:02:49,323 INFO:Total games: 11790
2024-06-14 23:04:05,629 INFO:Total games: 11800
2024-06-14 23:05:18,784 INFO:Total games: 11810
2024-06-14 23:06:28,924 INFO:Total games: 11820
2024-06-14 23:07:38,659 INFO:Total games: 11830
2024-06-14 23:08:47,085 INFO:Total games: 11840
2024-06-14 23:09:56,567 INFO:Total games: 11850
2024-06-14 23:10:50,253 INFO:Total games: 11860
2024-06-14 23:11:48,159 INFO:Total games: 11870
2024-06-14 23:13:09,458 INFO:Total games: 11880
2024-06-14 23:14:18,247 INFO:Total games: 11890
2024-06-14 23:15:26,339 INFO:Total games: 11900
2024-06-14 23:16:28,029 INFO:Total games: 11910
2024-06-14 23:17:26,085 INFO:Total games: 11920
2024-06-14 23:18:28,896 INFO:Total games: 11930
2024-06-14 23:19:45,473 INFO:Total games: 11940
2024-06-14 23:21:02,766 INFO:Total games: 11950
2024-06-14 23:22:14,386 INFO:Total games: 11960
2024-06-14 23:23:33,021 INFO:Total games: 11970
2024-06-14 23:24:48,961 INFO:Total games: 11980
2024-06-14 23:26:03,433 INFO:Total games: 11990
2024-06-14 23:27:28,987 INFO:Total games: 12000
2024-06-14 23:28:50,253 INFO:Total games: 12010
2024-06-14 23:29:58,170 INFO:Total games: 12020
2024-06-14 23:30:59,497 INFO:Total games: 12030
2024-06-14 23:32:17,707 INFO:Total games: 12040
2024-06-14 23:33:28,769 INFO:Total games: 12050
2024-06-14 23:34:40,925 INFO:Total games: 12060
2024-06-14 23:35:41,877 INFO:Total games: 12070
2024-06-14 23:36:38,950 INFO:Ending
2024-06-14 23:36:38,951 INFO:Duration: 1 days, 1 hours, 6 minutes, 54 seconds
2024-06-14 23:43:26,755 INFO:Starting
2024-06-14 23:44:57,938 INFO:Total games: 10
2024-06-14 23:46:11,556 INFO:Total games: 20
2024-06-14 23:46:36,329 INFO:Ending
2024-06-14 23:46:36,329 INFO:Duration: 0 days, 0 hours, 3 minutes, 9 seconds
2024-06-14 23:47:39,416 INFO:Starting
2024-06-14 23:48:57,472 INFO:Total games: 10
2024-06-14 23:50:07,003 INFO:Total games: 20
2024-06-14 23:51:16,921 INFO:Total games: 30
2024-06-14 23:52:31,025 INFO:Total games: 40
2024-06-14 23:53:32,183 INFO:Total games: 50
2024-06-14 23:54:28,503 INFO:Total games: 60
2024-06-15 00:03:27,464 INFO:Total games: 70
2024-06-15 00:04:32,914 INFO:Total games: 80
2024-06-15 00:05:33,555 INFO:Total games: 90
2024-06-15 00:06:41,220 INFO:Total games: 100
2024-06-15 00:07:33,536 INFO:Total games: 110
2024-06-15 00:08:49,018 INFO:Total games: 120
2024-06-15 00:09:43,296 INFO:Total games: 130
2024-06-15 00:10:43,685 INFO:Total games: 140
2024-06-15 00:11:54,679 INFO:Total games: 150
2024-06-15 00:12:55,881 INFO:Total games: 160
2024-06-15 00:13:59,326 INFO:Total games: 170
2024-06-15 00:15:03,577 INFO:Total games: 180
2024-06-15 00:16:03,266 INFO:Total games: 190
2024-06-15 00:17:11,792 INFO:Total games: 200
2024-06-15 00:18:24,227 INFO:Total games: 210
2024-06-15 00:19:24,673 INFO:Total games: 220
2024-06-15 00:20:28,334 INFO:Total games: 230
2024-06-15 00:21:21,647 INFO:Total games: 240
2024-06-15 00:22:10,387 INFO:Total games: 250
2024-06-15 00:23:19,446 INFO:Total games: 260
2024-06-15 00:24:26,969 INFO:Total games: 270
2024-06-15 00:25:36,381 INFO:Total games: 280
2024-06-15 00:26:39,381 INFO:Total games: 290
2024-06-15 00:27:41,434 INFO:Total games: 300
2024-06-15 00:28:53,774 INFO:Total games: 310
2024-06-15 00:29:43,587 INFO:Total games: 320
2024-06-15 00:30:52,773 INFO:Total games: 330
2024-06-15 00:32:05,962 INFO:Total games: 340
2024-06-15 00:33:10,562 INFO:Total games: 350
2024-06-15 00:34:31,562 INFO:Total games: 360
2024-06-15 00:35:56,844 INFO:Total games: 370
2024-06-15 00:37:25,353 INFO:Total games: 380
2024-06-15 00:38:44,169 INFO:Total games: 390
2024-06-15 00:40:11,033 INFO:Total games: 400
2024-06-15 00:41:44,004 INFO:Total games: 410
2024-06-15 00:43:18,550 INFO:Total games: 420
2024-06-15 00:43:18,550 INFO:FULL
2024-06-15 00:45:18,554 INFO:FULL
2024-06-15 00:47:18,558 INFO:FULL
2024-06-15 00:49:18,757 INFO:Loaded new best model
2024-06-15 00:50:20,569 INFO:Total games: 430
2024-06-15 00:51:16,267 INFO:Total games: 440
2024-06-15 00:52:28,348 INFO:Total games: 450
2024-06-15 00:53:34,421 INFO:Total games: 460
2024-06-15 00:54:32,869 INFO:Total games: 470
2024-06-15 00:55:38,682 INFO:Total games: 480
2024-06-15 00:56:40,699 INFO:Total games: 490
2024-06-15 00:58:06,946 INFO:Total games: 500
2024-06-15 00:59:03,733 INFO:Total games: 510
2024-06-15 01:00:13,335 INFO:Total games: 520
2024-06-15 01:01:15,462 INFO:Total games: 530
2024-06-15 01:02:18,638 INFO:Total games: 540
2024-06-15 01:03:17,688 INFO:Total games: 550
2024-06-15 01:04:32,328 INFO:Total games: 560
2024-06-15 01:05:36,248 INFO:Total games: 570
2024-06-15 01:06:34,840 INFO:Total games: 580
2024-06-15 01:07:29,593 INFO:Total games: 590
2024-06-15 01:08:33,856 INFO:Total games: 600
2024-06-15 01:09:47,323 INFO:Total games: 610
2024-06-15 01:10:51,524 INFO:Total games: 620
2024-06-15 01:12:12,899 INFO:Total games: 630
2024-06-15 01:13:27,219 INFO:Total games: 640
2024-06-15 01:14:43,296 INFO:Total games: 650
2024-06-15 01:15:54,693 INFO:Total games: 660
2024-06-15 01:17:12,335 INFO:Total games: 670
2024-06-15 01:18:23,047 INFO:Total games: 680
2024-06-15 01:19:16,355 INFO:Total games: 690
2024-06-15 01:20:35,312 INFO:Total games: 700
2024-06-15 01:21:42,283 INFO:Total games: 710
2024-06-15 01:22:50,568 INFO:Total games: 720
2024-06-15 01:23:57,219 INFO:Total games: 730
2024-06-15 01:25:04,827 INFO:Total games: 740
2024-06-15 01:26:19,519 INFO:Total games: 750
2024-06-15 01:27:16,058 INFO:Total games: 760
2024-06-15 01:28:28,970 INFO:Total games: 770
2024-06-15 01:29:38,582 INFO:Total games: 780
2024-06-15 01:30:53,676 INFO:Total games: 790
2024-06-15 01:31:56,626 INFO:Total games: 800
2024-06-15 01:33:05,540 INFO:Total games: 810
2024-06-15 01:34:03,700 INFO:Total games: 820
2024-06-15 01:35:19,378 INFO:Total games: 830
2024-06-15 01:36:30,933 INFO:Total games: 840
2024-06-15 01:37:33,446 INFO:Total games: 850
2024-06-15 01:38:43,427 INFO:Total games: 860
2024-06-15 01:39:46,913 INFO:Total games: 870
2024-06-15 01:40:59,501 INFO:Total games: 880
2024-06-15 01:42:04,651 INFO:Total games: 890
2024-06-15 01:43:12,141 INFO:Total games: 900
2024-06-15 01:44:11,247 INFO:Total games: 910
2024-06-15 01:45:31,086 INFO:Total games: 920
2024-06-15 01:46:35,598 INFO:Total games: 930
2024-06-15 01:47:27,152 INFO:Total games: 940
2024-06-15 01:48:42,572 INFO:Total games: 950
2024-06-15 01:49:41,668 INFO:Total games: 960
2024-06-15 01:50:55,041 INFO:Total games: 970
2024-06-15 01:52:08,141 INFO:Total games: 980
2024-06-15 01:53:07,898 INFO:Total games: 990
2024-06-15 01:54:05,612 INFO:Total games: 1000
2024-06-15 01:55:20,292 INFO:Total games: 1010
2024-06-15 01:56:21,077 INFO:Total games: 1020
2024-06-15 01:57:32,702 INFO:Total games: 1030
2024-06-15 01:58:41,649 INFO:Total games: 1040
2024-06-15 01:59:45,103 INFO:Total games: 1050
2024-06-15 02:01:12,118 INFO:Total games: 1060
2024-06-15 02:02:14,762 INFO:Total games: 1070
2024-06-15 02:03:24,353 INFO:Total games: 1080
2024-06-15 02:04:33,493 INFO:Total games: 1090
2024-06-15 02:05:50,326 INFO:Total games: 1100
2024-06-15 02:07:22,349 INFO:Total games: 1110
2024-06-15 02:08:59,068 INFO:Total games: 1120
2024-06-15 02:10:43,162 INFO:Total games: 1130
2024-06-15 02:12:13,571 INFO:Total games: 1140
2024-06-15 02:20:47,849 INFO:Total games: 1150
2024-06-15 02:22:05,407 INFO:Total games: 1160
2024-06-15 02:23:03,626 INFO:Total games: 1170
2024-06-15 02:24:18,292 INFO:Total games: 1180
2024-06-15 02:25:20,512 INFO:Total games: 1190
2024-06-15 02:26:18,287 INFO:Total games: 1200
2024-06-15 02:27:36,977 INFO:Total games: 1210
2024-06-15 02:28:40,756 INFO:Total games: 1220
2024-06-15 02:29:49,649 INFO:Total games: 1230
2024-06-15 02:31:08,018 INFO:Total games: 1240
2024-06-15 02:32:05,041 INFO:Total games: 1250
2024-06-15 02:33:03,431 INFO:Total games: 1260
2024-06-15 02:34:02,908 INFO:Total games: 1270
2024-06-15 02:35:09,295 INFO:Total games: 1280
2024-06-15 02:36:32,381 INFO:Total games: 1290
2024-06-15 02:37:46,886 INFO:Total games: 1300
2024-06-15 02:39:00,041 INFO:Total games: 1310
2024-06-15 02:40:17,351 INFO:Total games: 1320
2024-06-15 02:41:18,468 INFO:Total games: 1330
2024-06-15 02:42:23,384 INFO:Total games: 1340
2024-06-15 02:43:19,752 INFO:Total games: 1350
2024-06-15 02:44:24,560 INFO:Total games: 1360
2024-06-15 02:45:45,414 INFO:Total games: 1370
2024-06-15 02:46:55,997 INFO:Total games: 1380
2024-06-15 02:48:05,655 INFO:Total games: 1390
2024-06-15 02:49:06,702 INFO:Total games: 1400
2024-06-15 02:50:07,961 INFO:Total games: 1410
2024-06-15 02:51:19,816 INFO:Total games: 1420
2024-06-15 02:52:25,060 INFO:Total games: 1430
2024-06-15 02:53:33,287 INFO:Total games: 1440
2024-06-15 02:54:45,701 INFO:Total games: 1450
2024-06-15 02:56:02,425 INFO:Total games: 1460
2024-06-15 02:57:37,659 INFO:Total games: 1470
2024-06-15 02:58:45,112 INFO:Total games: 1480
2024-06-15 02:59:59,350 INFO:Total games: 1490
2024-06-15 03:01:06,254 INFO:Total games: 1500
2024-06-15 03:02:26,760 INFO:Total games: 1510
2024-06-15 03:03:37,689 INFO:Total games: 1520
2024-06-15 03:04:51,968 INFO:Total games: 1530
2024-06-15 03:05:47,330 INFO:Total games: 1540
2024-06-15 03:06:51,816 INFO:Total games: 1550
2024-06-15 03:08:00,553 INFO:Total games: 1560
2024-06-15 03:09:07,190 INFO:Total games: 1570
2024-06-15 03:10:14,834 INFO:Total games: 1580
2024-06-15 03:11:41,280 INFO:Total games: 1590
2024-06-15 03:12:41,279 INFO:Total games: 1600
2024-06-15 03:13:37,088 INFO:Total games: 1610
2024-06-15 03:14:35,550 INFO:Total games: 1620
2024-06-15 03:15:58,809 INFO:Total games: 1630
2024-06-15 03:17:19,560 INFO:Total games: 1640
2024-06-15 03:18:24,593 INFO:Total games: 1650
2024-06-15 03:19:41,649 INFO:Total games: 1660
2024-06-15 03:20:40,312 INFO:Total games: 1670
2024-06-15 03:21:50,505 INFO:Total games: 1680
2024-06-15 03:22:53,882 INFO:Total games: 1690
2024-06-15 03:23:58,995 INFO:Total games: 1700
2024-06-15 03:25:07,339 INFO:Total games: 1710
2024-06-15 03:26:17,520 INFO:Total games: 1720
2024-06-15 03:27:36,139 INFO:Total games: 1730
2024-06-15 03:28:42,629 INFO:Total games: 1740
2024-06-15 03:29:39,464 INFO:Total games: 1750
2024-06-15 03:30:45,405 INFO:Total games: 1760
2024-06-15 03:31:43,532 INFO:Total games: 1770
2024-06-15 03:32:46,946 INFO:Total games: 1780
2024-06-15 03:34:03,332 INFO:Total games: 1790
2024-06-15 03:35:13,333 INFO:Total games: 1800
2024-06-15 03:36:14,207 INFO:Total games: 1810
2024-06-15 03:37:50,580 INFO:Total games: 1820
2024-06-15 03:39:12,539 INFO:Total games: 1830
2024-06-15 03:40:33,606 INFO:Total games: 1840
2024-06-15 03:42:05,012 INFO:Total games: 1850
2024-06-15 03:43:02,882 INFO:Total games: 1860
2024-06-15 03:44:43,314 INFO:Total games: 1870
2024-06-15 03:52:24,843 INFO:Total games: 1880
2024-06-15 03:53:40,372 INFO:Total games: 1890
2024-06-15 03:54:46,189 INFO:Total games: 1900
2024-06-15 03:55:50,325 INFO:Total games: 1910
2024-06-15 03:56:53,240 INFO:Total games: 1920
2024-06-15 03:57:52,785 INFO:Total games: 1930
2024-06-15 03:58:49,288 INFO:Total games: 1940
2024-06-15 03:59:51,966 INFO:Total games: 1950
2024-06-15 04:01:01,713 INFO:Total games: 1960
2024-06-15 04:02:09,999 INFO:Total games: 1970
2024-06-15 04:03:28,142 INFO:Total games: 1980
2024-06-15 04:04:34,587 INFO:Total games: 1990
2024-06-15 04:05:54,659 INFO:Total games: 2000
2024-06-15 04:06:59,260 INFO:Total games: 2010
2024-06-15 04:08:14,375 INFO:Total games: 2020
2024-06-15 04:09:26,476 INFO:Total games: 2030
2024-06-15 04:10:43,196 INFO:Total games: 2040
2024-06-15 04:11:59,484 INFO:Total games: 2050
2024-06-15 04:13:14,574 INFO:Total games: 2060
2024-06-15 04:14:23,589 INFO:Total games: 2070
2024-06-15 04:15:27,550 INFO:Total games: 2080
2024-06-15 04:16:39,005 INFO:Total games: 2090
2024-06-15 04:17:51,618 INFO:Total games: 2100
2024-06-15 04:19:03,811 INFO:Total games: 2110
2024-06-15 04:20:17,506 INFO:Total games: 2120
2024-06-15 04:21:27,632 INFO:Total games: 2130
2024-06-15 04:22:46,163 INFO:Total games: 2140
2024-06-15 04:23:56,528 INFO:Total games: 2150
2024-06-15 04:24:58,497 INFO:Total games: 2160
2024-06-15 04:25:59,577 INFO:Total games: 2170
2024-06-15 04:27:11,565 INFO:Total games: 2180
2024-06-15 04:28:26,541 INFO:Total games: 2190
2024-06-15 04:29:26,777 INFO:Total games: 2200
2024-06-15 04:30:33,566 INFO:Total games: 2210
2024-06-15 04:31:48,771 INFO:Total games: 2220
2024-06-15 04:32:50,325 INFO:Total games: 2230
2024-06-15 04:34:01,649 INFO:Total games: 2240
2024-06-15 04:35:09,438 INFO:Total games: 2250
2024-06-15 04:36:20,001 INFO:Total games: 2260
2024-06-15 04:37:38,986 INFO:Total games: 2270
2024-06-15 04:39:03,745 INFO:Total games: 2280
2024-06-15 04:40:24,718 INFO:Total games: 2290
2024-06-15 04:41:44,792 INFO:Total games: 2300
2024-06-15 04:42:48,240 INFO:Total games: 2310
2024-06-15 04:43:52,576 INFO:Total games: 2320
2024-06-15 04:44:58,194 INFO:Total games: 2330
2024-06-15 04:46:12,493 INFO:Total games: 2340
2024-06-15 04:47:16,824 INFO:Total games: 2350
2024-06-15 04:48:33,034 INFO:Total games: 2360
2024-06-15 04:49:41,731 INFO:Total games: 2370
2024-06-15 04:50:49,856 INFO:Total games: 2380
2024-06-15 04:51:56,752 INFO:Total games: 2390
2024-06-15 04:52:50,693 INFO:Total games: 2400
2024-06-15 04:54:10,824 INFO:Total games: 2410
2024-06-15 04:55:18,652 INFO:Total games: 2420
2024-06-15 04:56:26,001 INFO:Total games: 2430
2024-06-15 04:57:27,759 INFO:Total games: 2440
2024-06-15 04:58:51,829 INFO:Total games: 2450
2024-06-15 05:00:05,206 INFO:Total games: 2460
2024-06-15 05:01:24,175 INFO:Total games: 2470
2024-06-15 05:02:31,789 INFO:Total games: 2480
2024-06-15 05:03:37,265 INFO:Total games: 2490
2024-06-15 05:04:40,566 INFO:Total games: 2500
2024-06-15 05:05:55,796 INFO:Total games: 2510
2024-06-15 05:07:04,433 INFO:Total games: 2520
2024-06-15 05:08:12,213 INFO:Total games: 2530
2024-06-15 05:09:27,865 INFO:Total games: 2540
2024-06-15 05:10:38,839 INFO:Total games: 2550
2024-06-15 05:12:11,190 INFO:Total games: 2560
2024-06-15 05:13:39,644 INFO:Total games: 2570
2024-06-15 05:15:21,550 INFO:Total games: 2580
2024-06-15 05:16:30,552 INFO:Total games: 2590
2024-06-15 05:24:56,731 INFO:Total games: 2600
2024-06-15 05:26:12,321 INFO:Total games: 2610
2024-06-15 05:27:26,330 INFO:Total games: 2620
2024-06-15 05:28:21,084 INFO:Total games: 2630
2024-06-15 05:29:28,310 INFO:Total games: 2640
2024-06-15 05:30:42,086 INFO:Total games: 2650
2024-06-15 05:31:54,448 INFO:Total games: 2660
2024-06-15 05:32:56,542 INFO:Total games: 2670
2024-06-15 05:34:02,367 INFO:Total games: 2680
2024-06-15 05:35:04,245 INFO:Total games: 2690
2024-06-15 05:36:10,645 INFO:Total games: 2700
2024-06-15 05:37:27,063 INFO:Total games: 2710
2024-06-15 05:38:28,724 INFO:Total games: 2720
2024-06-15 05:39:40,788 INFO:Total games: 2730
2024-06-15 05:40:54,915 INFO:Total games: 2740
2024-06-15 05:41:59,647 INFO:Total games: 2750
2024-06-15 05:43:02,805 INFO:Total games: 2760
2024-06-15 05:44:13,026 INFO:Total games: 2770
2024-06-15 05:45:23,371 INFO:Total games: 2780
2024-06-15 05:46:40,272 INFO:Total games: 2790
2024-06-15 05:47:45,212 INFO:Total games: 2800
2024-06-15 05:48:56,881 INFO:Total games: 2810
2024-06-15 05:50:12,206 INFO:Total games: 2820
2024-06-15 05:51:19,530 INFO:Total games: 2830
2024-06-15 05:52:31,258 INFO:Total games: 2840
2024-06-15 05:53:45,453 INFO:Total games: 2850
2024-06-15 05:54:59,257 INFO:Total games: 2860
2024-06-15 05:56:11,621 INFO:Total games: 2870
2024-06-15 05:57:42,246 INFO:Total games: 2880
2024-06-15 05:58:41,476 INFO:Total games: 2890
2024-06-15 05:59:49,282 INFO:Total games: 2900
2024-06-15 06:00:49,315 INFO:Total games: 2910
2024-06-15 06:01:56,887 INFO:Total games: 2920
2024-06-15 06:03:14,668 INFO:Total games: 2930
2024-06-15 06:04:23,140 INFO:Total games: 2940
2024-06-15 06:05:30,083 INFO:Total games: 2950
2024-06-15 06:06:55,675 INFO:Total games: 2960
2024-06-15 06:08:29,124 INFO:Total games: 2970
2024-06-15 06:09:18,308 INFO:Total games: 2980
2024-06-15 06:10:31,865 INFO:Total games: 2990
2024-06-15 06:11:45,017 INFO:Total games: 3000
2024-06-15 06:12:50,308 INFO:Total games: 3010
2024-06-15 06:14:06,006 INFO:Total games: 3020
2024-06-15 06:15:01,199 INFO:Total games: 3030
2024-06-15 06:16:13,684 INFO:Total games: 3040
2024-06-15 06:17:21,179 INFO:Total games: 3050
2024-06-15 06:18:39,472 INFO:Total games: 3060
2024-06-15 06:19:43,843 INFO:Total games: 3070
2024-06-15 06:20:52,510 INFO:Total games: 3080
2024-06-15 06:22:16,436 INFO:Total games: 3090
2024-06-15 06:23:28,323 INFO:Total games: 3100
2024-06-15 06:24:40,467 INFO:Total games: 3110
2024-06-15 06:25:45,756 INFO:Total games: 3120
2024-06-15 06:26:56,983 INFO:Total games: 3130
2024-06-15 06:28:07,314 INFO:Total games: 3140
2024-06-15 06:29:23,741 INFO:Total games: 3150
2024-06-15 06:30:31,431 INFO:Total games: 3160
2024-06-15 06:31:38,411 INFO:Total games: 3170
2024-06-15 06:32:41,823 INFO:Total games: 3180
2024-06-15 06:33:59,766 INFO:Total games: 3190
2024-06-15 06:35:16,436 INFO:Total games: 3200
2024-06-15 06:36:15,069 INFO:Total games: 3210
2024-06-15 06:37:25,015 INFO:Total games: 3220
2024-06-15 06:38:19,747 INFO:Total games: 3230
2024-06-15 06:39:24,614 INFO:Total games: 3240
2024-06-15 06:40:27,549 INFO:Total games: 3250
2024-06-15 06:41:44,059 INFO:Total games: 3260
2024-06-15 06:42:46,568 INFO:Total games: 3270
2024-06-15 06:44:30,218 INFO:Total games: 3280
2024-06-15 06:45:56,943 INFO:Total games: 3290
2024-06-15 06:47:17,748 INFO:Total games: 3300
2024-06-15 06:48:39,474 INFO:Total games: 3310
2024-06-15 06:49:48,435 INFO:Total games: 3320
2024-06-15 06:57:24,312 INFO:Total games: 3330
2024-06-15 06:58:33,485 INFO:Total games: 3340
2024-06-15 06:59:26,089 INFO:Total games: 3350
2024-06-15 07:00:33,976 INFO:Total games: 3360
2024-06-15 07:01:24,536 INFO:Total games: 3370
2024-06-15 07:02:39,966 INFO:Total games: 3380
2024-06-15 07:03:31,595 INFO:Total games: 3390
2024-06-15 07:04:38,544 INFO:Total games: 3400
2024-06-15 07:05:45,019 INFO:Total games: 3410
2024-06-15 07:06:45,969 INFO:Total games: 3420
2024-06-15 07:07:44,013 INFO:Total games: 3430
2024-06-15 07:08:41,801 INFO:Total games: 3440
2024-06-15 07:09:43,250 INFO:Total games: 3450
2024-06-15 07:10:38,404 INFO:Total games: 3460
2024-06-15 07:11:46,884 INFO:Total games: 3470
2024-06-15 07:12:48,769 INFO:Total games: 3480
2024-06-15 07:13:50,573 INFO:Total games: 3490
2024-06-15 07:14:43,766 INFO:Total games: 3500
2024-06-15 07:15:52,216 INFO:Total games: 3510
2024-06-15 07:17:05,112 INFO:Total games: 3520
2024-06-15 07:18:09,945 INFO:Total games: 3530
2024-06-15 07:19:18,433 INFO:Total games: 3540
2024-06-15 07:20:25,473 INFO:Total games: 3550
2024-06-15 07:21:41,011 INFO:Total games: 3560
2024-06-15 07:22:51,473 INFO:Total games: 3570
2024-06-15 07:23:46,391 INFO:Total games: 3580
2024-06-15 07:24:47,584 INFO:Total games: 3590
2024-06-15 07:26:01,097 INFO:Total games: 3600
2024-06-15 07:27:15,108 INFO:Total games: 3610
2024-06-15 07:28:21,473 INFO:Total games: 3620
2024-06-15 07:29:16,319 INFO:Total games: 3630
2024-06-15 07:30:29,765 INFO:Total games: 3640
2024-06-15 07:31:36,823 INFO:Total games: 3650
2024-06-15 07:32:34,704 INFO:Total games: 3660
2024-06-15 07:33:39,645 INFO:Total games: 3670
2024-06-15 07:34:38,671 INFO:Total games: 3680
2024-06-15 07:35:40,734 INFO:Total games: 3690
2024-06-15 07:36:39,725 INFO:Total games: 3700
2024-06-15 07:37:55,361 INFO:Total games: 3710
2024-06-15 07:38:48,104 INFO:Total games: 3720
2024-06-15 07:39:58,878 INFO:Total games: 3730
2024-06-15 07:41:16,689 INFO:Total games: 3740
2024-06-15 07:42:25,392 INFO:Total games: 3750
2024-06-15 07:43:38,746 INFO:Total games: 3760
2024-06-15 07:44:38,307 INFO:Total games: 3770
2024-06-15 07:45:50,296 INFO:Total games: 3780
2024-06-15 07:46:59,104 INFO:Total games: 3790
2024-06-15 07:48:06,697 INFO:Total games: 3800
2024-06-15 07:49:15,110 INFO:Total games: 3810
2024-06-15 07:50:34,596 INFO:Total games: 3820
2024-06-15 07:51:24,310 INFO:Total games: 3830
2024-06-15 07:52:42,740 INFO:Total games: 3840
2024-06-15 07:53:45,535 INFO:Total games: 3850
2024-06-15 07:54:45,534 INFO:Total games: 3860
2024-06-15 07:55:59,541 INFO:Total games: 3870
2024-06-15 07:57:14,846 INFO:Total games: 3880
2024-06-15 07:58:23,776 INFO:Total games: 3890
2024-06-15 07:59:31,116 INFO:Total games: 3900
2024-06-15 08:00:34,301 INFO:Total games: 3910
2024-06-15 08:01:40,634 INFO:Total games: 3920
2024-06-15 08:02:57,921 INFO:Total games: 3930
2024-06-15 08:04:08,199 INFO:Total games: 3940
2024-06-15 08:05:12,700 INFO:Total games: 3950
2024-06-15 08:06:08,309 INFO:Total games: 3960
2024-06-15 08:07:25,849 INFO:Total games: 3970
2024-06-15 08:08:33,661 INFO:Total games: 3980
2024-06-15 08:09:40,809 INFO:Total games: 3990
2024-06-15 08:10:38,112 INFO:Total games: 4000
2024-06-15 08:11:46,917 INFO:Total games: 4010
2024-06-15 08:13:04,897 INFO:Total games: 4020
2024-06-15 08:14:26,669 INFO:Total games: 4030
2024-06-15 08:15:49,202 INFO:Total games: 4040
2024-06-15 08:17:10,387 INFO:Total games: 4050
2024-06-15 08:18:44,146 INFO:Total games: 4060
2024-06-15 08:19:49,870 INFO:Total games: 4070
2024-06-15 08:26:08,480 INFO:Loaded new best model
2024-06-15 08:26:55,479 INFO:Total games: 4080
2024-06-15 08:27:50,798 INFO:Total games: 4090
2024-06-15 08:28:52,039 INFO:Total games: 4100
2024-06-15 08:29:54,071 INFO:Total games: 4110
2024-06-15 08:31:01,146 INFO:Total games: 4120
2024-06-15 08:31:50,496 INFO:Total games: 4130
2024-06-15 08:32:47,178 INFO:Total games: 4140
2024-06-15 08:33:42,154 INFO:Total games: 4150
2024-06-15 08:35:13,024 INFO:Total games: 4160
2024-06-15 08:36:31,621 INFO:Total games: 4170
2024-06-15 08:37:40,586 INFO:Total games: 4180
2024-06-15 08:38:45,292 INFO:Total games: 4190
2024-06-15 08:39:55,031 INFO:Total games: 4200
2024-06-15 08:41:06,944 INFO:Total games: 4210
2024-06-15 08:42:05,137 INFO:Total games: 4220
2024-06-15 08:43:19,047 INFO:Total games: 4230
2024-06-15 08:44:12,184 INFO:Total games: 4240
2024-06-15 08:45:36,268 INFO:Total games: 4250
2024-06-15 08:46:41,250 INFO:Total games: 4260
2024-06-15 08:48:02,717 INFO:Total games: 4270
2024-06-15 08:49:16,904 INFO:Total games: 4280
2024-06-15 08:50:22,052 INFO:Total games: 4290
2024-06-15 08:51:50,908 INFO:Total games: 4300
2024-06-15 08:52:55,518 INFO:Total games: 4310
2024-06-15 08:54:11,895 INFO:Total games: 4320
2024-06-15 08:55:18,476 INFO:Total games: 4330
2024-06-15 08:56:21,076 INFO:Total games: 4340
2024-06-15 08:57:24,813 INFO:Total games: 4350
2024-06-15 08:58:37,037 INFO:Total games: 4360
2024-06-15 08:59:38,105 INFO:Total games: 4370
2024-06-15 09:00:43,640 INFO:Total games: 4380
2024-06-15 09:01:44,029 INFO:Total games: 4390
2024-06-15 09:02:51,174 INFO:Total games: 4400
2024-06-15 09:03:45,617 INFO:Total games: 4410
2024-06-15 09:04:53,066 INFO:Total games: 4420
2024-06-15 09:05:58,840 INFO:Total games: 4430
2024-06-15 09:07:14,006 INFO:Total games: 4440
2024-06-15 09:08:18,632 INFO:Total games: 4450
2024-06-15 09:09:18,430 INFO:Total games: 4460
2024-06-15 09:10:16,847 INFO:Total games: 4470
2024-06-15 09:11:14,260 INFO:Total games: 4480
2024-06-15 09:12:30,787 INFO:Total games: 4490
2024-06-15 09:13:40,864 INFO:Total games: 4500
2024-06-15 09:14:52,308 INFO:Total games: 4510
2024-06-15 09:15:54,817 INFO:Total games: 4520
2024-06-15 09:16:56,368 INFO:Total games: 4530
2024-06-15 09:18:05,986 INFO:Total games: 4540
2024-06-15 09:19:21,999 INFO:Total games: 4550
2024-06-15 09:20:24,633 INFO:Total games: 4560
2024-06-15 09:21:19,389 INFO:Total games: 4570
2024-06-15 09:22:29,705 INFO:Total games: 4580
2024-06-15 09:23:32,049 INFO:Total games: 4590
2024-06-15 09:24:37,425 INFO:Total games: 4600
2024-06-15 09:25:46,911 INFO:Total games: 4610
2024-06-15 09:26:54,670 INFO:Total games: 4620
2024-06-15 09:28:09,503 INFO:Total games: 4630
2024-06-15 09:29:24,839 INFO:Total games: 4640
2024-06-15 09:30:30,193 INFO:Total games: 4650
2024-06-15 09:31:31,099 INFO:Total games: 4660
2024-06-15 09:32:28,800 INFO:Total games: 4670
2024-06-15 09:33:42,496 INFO:Total games: 4680
2024-06-15 09:34:57,207 INFO:Total games: 4690
2024-06-15 09:36:02,582 INFO:Total games: 4700
2024-06-15 09:37:09,539 INFO:Total games: 4710
2024-06-15 09:38:38,612 INFO:Total games: 4720
2024-06-15 09:40:03,091 INFO:Total games: 4730
2024-06-15 09:41:00,102 INFO:Total games: 4740
2024-06-15 09:42:04,151 INFO:Total games: 4750
2024-06-15 09:43:10,832 INFO:Total games: 4760
2024-06-15 09:44:31,681 INFO:Total games: 4770
2024-06-15 09:45:52,072 INFO:Total games: 4780
2024-06-15 09:47:07,696 INFO:Total games: 4790
2024-06-15 09:48:40,310 INFO:Total games: 4800
2024-06-15 09:50:04,299 INFO:Total games: 4810
2024-06-15 09:58:26,395 INFO:Total games: 4820
2024-06-15 09:59:30,384 INFO:Total games: 4830
2024-06-15 10:00:25,284 INFO:Total games: 4840
2024-06-15 10:01:31,774 INFO:Total games: 4850
2024-06-15 10:02:43,895 INFO:Total games: 4860
2024-06-15 10:03:38,860 INFO:Total games: 4870
2024-06-15 10:04:42,066 INFO:Total games: 4880
2024-06-15 10:05:51,038 INFO:Total games: 4890
2024-06-15 10:06:56,963 INFO:Total games: 4900
2024-06-15 10:07:56,741 INFO:Total games: 4910
2024-06-15 10:09:25,962 INFO:Total games: 4920
2024-06-15 10:10:43,608 INFO:Total games: 4930
2024-06-15 10:11:51,797 INFO:Total games: 4940
2024-06-15 10:12:48,796 INFO:Total games: 4950
2024-06-15 10:14:05,097 INFO:Total games: 4960
2024-06-15 10:15:19,733 INFO:Total games: 4970
2024-06-15 10:16:28,852 INFO:Total games: 4980
2024-06-15 10:17:31,634 INFO:Total games: 4990
2024-06-15 10:18:40,211 INFO:Total games: 5000
2024-06-15 10:19:50,218 INFO:Total games: 5010
2024-06-15 10:20:41,754 INFO:Total games: 5020
2024-06-15 10:21:56,560 INFO:Total games: 5030
2024-06-15 10:22:50,251 INFO:Total games: 5040
2024-06-15 10:24:10,900 INFO:Total games: 5050
2024-06-15 10:25:21,860 INFO:Total games: 5060
2024-06-15 10:26:34,541 INFO:Total games: 5070
2024-06-15 10:27:46,044 INFO:Total games: 5080
2024-06-15 10:28:53,653 INFO:Total games: 5090
2024-06-15 10:29:58,144 INFO:Total games: 5100
2024-06-15 10:30:58,487 INFO:Total games: 5110
2024-06-15 10:32:09,097 INFO:Total games: 5120
2024-06-15 10:33:10,545 INFO:Total games: 5130
2024-06-15 10:34:11,312 INFO:Total games: 5140
2024-06-15 10:35:15,962 INFO:Total games: 5150
2024-06-15 10:36:15,115 INFO:Total games: 5160
2024-06-15 10:37:28,740 INFO:Total games: 5170
2024-06-15 10:38:37,895 INFO:Total games: 5180
2024-06-15 10:39:42,958 INFO:Total games: 5190
2024-06-15 10:40:57,555 INFO:Total games: 5200
2024-06-15 10:42:13,997 INFO:Total games: 5210
2024-06-15 10:43:14,647 INFO:Total games: 5220
2024-06-15 10:44:24,426 INFO:Total games: 5230
2024-06-15 10:45:25,792 INFO:Total games: 5240
2024-06-15 10:46:30,873 INFO:Total games: 5250
2024-06-15 10:47:42,363 INFO:Total games: 5260
2024-06-15 10:48:34,524 INFO:Total games: 5270
2024-06-15 10:49:52,233 INFO:Total games: 5280
2024-06-15 10:51:03,088 INFO:Total games: 5290
2024-06-15 10:52:01,243 INFO:Total games: 5300
2024-06-15 10:53:00,457 INFO:Total games: 5310
2024-06-15 10:54:04,896 INFO:Total games: 5320
2024-06-15 10:55:13,938 INFO:Total games: 5330
2024-06-15 10:56:20,738 INFO:Total games: 5340
2024-06-15 10:57:28,723 INFO:Total games: 5350
2024-06-15 10:58:32,544 INFO:Total games: 5360
2024-06-15 10:59:34,503 INFO:Total games: 5370
2024-06-15 11:00:33,249 INFO:Total games: 5380
2024-06-15 11:01:30,049 INFO:Total games: 5390
2024-06-15 11:02:45,607 INFO:Total games: 5400
2024-06-15 11:03:50,131 INFO:Total games: 5410
2024-06-15 11:04:54,533 INFO:Total games: 5420
2024-06-15 11:06:19,176 INFO:Total games: 5430
2024-06-15 11:07:30,066 INFO:Total games: 5440
2024-06-15 11:08:36,661 INFO:Total games: 5450
2024-06-15 11:09:33,131 INFO:Total games: 5460
2024-06-15 11:10:53,000 INFO:Total games: 5470
2024-06-15 11:11:48,202 INFO:Total games: 5480
2024-06-15 11:12:37,667 INFO:Total games: 5490
2024-06-15 11:14:13,582 INFO:Total games: 5500
2024-06-15 11:15:31,694 INFO:Total games: 5510
2024-06-15 11:17:01,539 INFO:Total games: 5520
2024-06-15 11:18:39,082 INFO:Total games: 5530
2024-06-15 11:19:57,934 INFO:Total games: 5540
2024-06-15 11:27:55,179 INFO:Total games: 5550
2024-06-15 11:29:00,220 INFO:Total games: 5560
2024-06-15 11:30:05,327 INFO:Total games: 5570
2024-06-15 11:31:06,999 INFO:Total games: 5580
2024-06-15 11:32:20,981 INFO:Total games: 5590
2024-06-15 11:33:24,886 INFO:Total games: 5600
2024-06-15 11:34:35,682 INFO:Total games: 5610
2024-06-15 11:35:42,723 INFO:Total games: 5620
2024-06-15 11:36:51,190 INFO:Total games: 5630
2024-06-15 11:37:54,386 INFO:Total games: 5640
2024-06-15 11:38:57,677 INFO:Total games: 5650
2024-06-15 11:39:59,396 INFO:Total games: 5660
2024-06-15 11:41:09,859 INFO:Total games: 5670
2024-06-15 11:42:18,675 INFO:Total games: 5680
2024-06-15 11:43:34,440 INFO:Total games: 5690
2024-06-15 11:44:32,228 INFO:Total games: 5700
2024-06-15 11:45:23,360 INFO:Total games: 5710
2024-06-15 11:46:52,555 INFO:Total games: 5720
2024-06-15 11:48:19,349 INFO:Total games: 5730
2024-06-15 11:49:24,327 INFO:Total games: 5740
2024-06-15 11:50:31,336 INFO:Total games: 5750
2024-06-15 11:51:56,589 INFO:Total games: 5760
2024-06-15 11:53:09,513 INFO:Total games: 5770
2024-06-15 11:54:29,013 INFO:Total games: 5780
2024-06-15 11:55:43,747 INFO:Total games: 5790
2024-06-15 11:56:41,324 INFO:Total games: 5800
2024-06-15 11:57:50,111 INFO:Total games: 5810
2024-06-15 11:58:55,680 INFO:Total games: 5820
2024-06-15 12:00:08,461 INFO:Total games: 5830
2024-06-15 12:01:09,669 INFO:Total games: 5840
2024-06-15 12:02:25,915 INFO:Total games: 5850
2024-06-15 12:03:32,774 INFO:Total games: 5860
2024-06-15 12:04:34,731 INFO:Total games: 5870
2024-06-15 12:05:52,880 INFO:Total games: 5880
2024-06-15 12:07:09,714 INFO:Total games: 5890
2024-06-15 12:08:15,015 INFO:Total games: 5900
2024-06-15 12:09:33,721 INFO:Total games: 5910
2024-06-15 12:10:32,444 INFO:Total games: 5920
2024-06-15 12:11:37,276 INFO:Total games: 5930
2024-06-15 12:12:45,871 INFO:Total games: 5940
2024-06-15 12:14:04,823 INFO:Total games: 5950
2024-06-15 12:15:26,781 INFO:Total games: 5960
2024-06-15 12:16:39,393 INFO:Total games: 5970
2024-06-15 12:17:37,331 INFO:Total games: 5980
2024-06-15 12:18:44,349 INFO:Total games: 5990
2024-06-15 12:19:47,911 INFO:Total games: 6000
2024-06-15 12:21:04,685 INFO:Total games: 6010
2024-06-15 12:22:20,603 INFO:Total games: 6020
2024-06-15 12:23:27,001 INFO:Total games: 6030
2024-06-15 12:24:34,420 INFO:Total games: 6040
2024-06-15 12:25:45,182 INFO:Total games: 6050
2024-06-15 12:27:02,883 INFO:Total games: 6060
2024-06-15 12:28:09,798 INFO:Total games: 6070
2024-06-15 12:29:27,179 INFO:Total games: 6080
2024-06-15 12:30:36,619 INFO:Total games: 6090
2024-06-15 12:31:47,561 INFO:Total games: 6100
2024-06-15 12:32:46,405 INFO:Total games: 6110
2024-06-15 12:33:53,430 INFO:Total games: 6120
2024-06-15 12:34:56,477 INFO:Total games: 6130
2024-06-15 12:36:04,778 INFO:Total games: 6140
2024-06-15 12:37:07,638 INFO:Total games: 6150
2024-06-15 12:38:13,954 INFO:Total games: 6160
2024-06-15 12:39:55,728 INFO:Total games: 6170
2024-06-15 12:41:06,445 INFO:Total games: 6180
2024-06-15 12:42:12,350 INFO:Total games: 6190
2024-06-15 12:43:36,273 INFO:Total games: 6200
2024-06-15 12:44:54,629 INFO:Total games: 6210
2024-06-15 12:46:33,365 INFO:Total games: 6220
2024-06-15 12:47:48,203 INFO:Total games: 6230
2024-06-15 12:49:26,934 INFO:Total games: 6240
2024-06-15 12:50:56,400 INFO:Total games: 6250
2024-06-15 12:58:03,483 INFO:Total games: 6260
2024-06-15 12:59:12,091 INFO:Total games: 6270
2024-06-15 13:00:06,449 INFO:Total games: 6280
2024-06-15 13:01:36,564 INFO:Total games: 6290
2024-06-15 13:02:27,902 INFO:Total games: 6300
2024-06-15 13:03:36,680 INFO:Total games: 6310
2024-06-15 13:04:47,569 INFO:Total games: 6320
2024-06-15 13:05:51,453 INFO:Total games: 6330
2024-06-15 13:06:58,789 INFO:Total games: 6340
2024-06-15 13:08:25,671 INFO:Total games: 6350
2024-06-15 13:09:30,623 INFO:Total games: 6360
2024-06-15 13:10:34,150 INFO:Total games: 6370
2024-06-15 13:11:30,390 INFO:Total games: 6380
2024-06-15 13:12:45,353 INFO:Total games: 6390
2024-06-15 13:13:59,859 INFO:Total games: 6400
2024-06-15 13:15:08,462 INFO:Total games: 6410
2024-06-15 13:16:17,429 INFO:Total games: 6420
2024-06-15 13:17:18,532 INFO:Total games: 6430
2024-06-15 13:18:24,188 INFO:Total games: 6440
2024-06-15 13:19:39,252 INFO:Total games: 6450
2024-06-15 13:20:39,053 INFO:Total games: 6460
2024-06-15 13:21:41,424 INFO:Total games: 6470
2024-06-15 13:22:52,424 INFO:Total games: 6480
2024-06-15 13:23:53,972 INFO:Total games: 6490
2024-06-15 13:24:59,287 INFO:Total games: 6500
2024-06-15 13:25:53,787 INFO:Total games: 6510
2024-06-15 13:27:01,153 INFO:Total games: 6520
2024-06-15 13:28:10,151 INFO:Total games: 6530
2024-06-15 13:29:27,818 INFO:Total games: 6540
2024-06-15 13:30:37,335 INFO:Total games: 6550
2024-06-15 13:31:51,281 INFO:Total games: 6560
2024-06-15 13:33:05,201 INFO:Total games: 6570
2024-06-15 13:34:17,440 INFO:Total games: 6580
2024-06-15 13:35:31,320 INFO:Total games: 6590
2024-06-15 13:36:31,406 INFO:Total games: 6600
2024-06-15 13:37:41,571 INFO:Total games: 6610
2024-06-15 13:39:03,677 INFO:Total games: 6620
2024-06-15 13:40:06,651 INFO:Total games: 6630
2024-06-15 13:41:15,118 INFO:Total games: 6640
2024-06-15 13:42:11,095 INFO:Total games: 6650
2024-06-15 13:43:04,177 INFO:Total games: 6660
2024-06-15 13:44:07,300 INFO:Total games: 6670
2024-06-15 13:45:24,155 INFO:Total games: 6680
2024-06-15 13:46:40,176 INFO:Total games: 6690
2024-06-15 13:47:36,652 INFO:Total games: 6700
2024-06-15 13:48:47,684 INFO:Total games: 6710
2024-06-15 13:50:00,653 INFO:Total games: 6720
2024-06-15 13:51:05,206 INFO:Total games: 6730
2024-06-15 13:52:27,422 INFO:Total games: 6740
2024-06-15 13:53:36,576 INFO:Total games: 6750
2024-06-15 13:54:40,796 INFO:Total games: 6760
2024-06-15 13:55:46,263 INFO:Total games: 6770
2024-06-15 13:57:01,078 INFO:Total games: 6780
2024-06-15 13:58:11,517 INFO:Total games: 6790
2024-06-15 13:59:23,869 INFO:Total games: 6800
2024-06-15 14:00:46,587 INFO:Total games: 6810
2024-06-15 14:01:50,316 INFO:Total games: 6820
2024-06-15 14:02:56,048 INFO:Total games: 6830
2024-06-15 14:04:00,755 INFO:Total games: 6840
2024-06-15 14:05:08,447 INFO:Total games: 6850
2024-06-15 14:06:26,429 INFO:Total games: 6860
2024-06-15 14:07:22,600 INFO:Total games: 6870
2024-06-15 14:08:32,130 INFO:Total games: 6880
2024-06-15 14:09:41,441 INFO:Total games: 6890
2024-06-15 14:10:37,991 INFO:Total games: 6900
2024-06-15 14:11:54,728 INFO:Total games: 6910
2024-06-15 14:13:07,922 INFO:Total games: 6920
2024-06-15 14:14:42,736 INFO:Total games: 6930
2024-06-15 14:16:17,487 INFO:Total games: 6940
2024-06-15 14:17:50,895 INFO:Total games: 6950
2024-06-15 14:19:15,889 INFO:Total games: 6960
2024-06-15 14:20:29,225 INFO:Total games: 6970
2024-06-15 14:27:35,357 INFO:Loaded new best model
2024-06-15 14:28:33,380 INFO:Total games: 6980
2024-06-15 14:29:38,696 INFO:Total games: 6990
2024-06-15 14:30:40,050 INFO:Total games: 7000
2024-06-15 14:31:42,903 INFO:Total games: 7010
2024-06-15 14:32:56,422 INFO:Total games: 7020
2024-06-15 14:33:51,904 INFO:Total games: 7030
2024-06-15 14:34:52,020 INFO:Total games: 7040
2024-06-15 14:35:56,076 INFO:Total games: 7050
2024-06-15 14:37:05,731 INFO:Total games: 7060
2024-06-15 14:38:25,211 INFO:Total games: 7070
2024-06-15 14:39:38,038 INFO:Total games: 7080
2024-06-15 14:40:54,578 INFO:Total games: 7090
2024-06-15 14:41:51,072 INFO:Total games: 7100
2024-06-15 14:43:07,697 INFO:Total games: 7110
2024-06-15 14:43:54,451 INFO:Total games: 7120
2024-06-15 14:45:03,122 INFO:Total games: 7130
2024-06-15 14:46:35,886 INFO:Total games: 7140
2024-06-15 14:47:35,513 INFO:Total games: 7150
2024-06-15 14:48:55,119 INFO:Total games: 7160
2024-06-15 14:49:57,097 INFO:Total games: 7170
2024-06-15 14:51:06,736 INFO:Total games: 7180
2024-06-15 14:52:10,467 INFO:Total games: 7190
2024-06-15 14:53:17,940 INFO:Total games: 7200
2024-06-15 14:54:17,314 INFO:Total games: 7210
2024-06-15 14:55:23,389 INFO:Total games: 7220
2024-06-15 14:56:36,807 INFO:Total games: 7230
2024-06-15 14:57:42,259 INFO:Total games: 7240
2024-06-15 14:58:55,805 INFO:Total games: 7250
2024-06-15 15:00:04,588 INFO:Total games: 7260
2024-06-15 15:01:19,371 INFO:Total games: 7270
2024-06-15 15:02:39,616 INFO:Total games: 7280
2024-06-15 15:03:49,281 INFO:Total games: 7290
2024-06-15 15:05:04,500 INFO:Total games: 7300
2024-06-15 15:06:14,099 INFO:Total games: 7310
2024-06-15 15:07:26,461 INFO:Total games: 7320
2024-06-15 15:08:28,542 INFO:Total games: 7330
2024-06-15 15:09:47,975 INFO:Total games: 7340
2024-06-15 15:11:13,235 INFO:Total games: 7350
2024-06-15 15:12:31,780 INFO:Total games: 7360
2024-06-15 15:13:40,002 INFO:Total games: 7370
2024-06-15 15:14:35,653 INFO:Total games: 7380
2024-06-15 15:15:51,868 INFO:Total games: 7390
2024-06-15 15:16:32,770 INFO:Total games: 7400
2024-06-15 15:17:43,812 INFO:Total games: 7410
2024-06-15 15:18:44,569 INFO:Total games: 7420
2024-06-15 15:19:48,861 INFO:Total games: 7430
2024-06-15 15:21:05,941 INFO:Total games: 7440
2024-06-15 15:22:25,027 INFO:Total games: 7450
2024-06-15 15:23:44,882 INFO:Total games: 7460
2024-06-15 15:24:55,733 INFO:Total games: 7470
2024-06-15 15:26:10,829 INFO:Total games: 7480
2024-06-15 15:27:27,005 INFO:Total games: 7490
2024-06-15 15:28:37,860 INFO:Total games: 7500
2024-06-15 15:29:35,898 INFO:Total games: 7510
2024-06-15 15:30:37,897 INFO:Total games: 7520
2024-06-15 15:31:41,239 INFO:Total games: 7530
2024-06-15 15:32:36,123 INFO:Total games: 7540
2024-06-15 15:33:47,931 INFO:Total games: 7550
2024-06-15 15:35:10,449 INFO:Total games: 7560
2024-06-15 15:36:17,384 INFO:Total games: 7570
2024-06-15 15:37:42,106 INFO:Total games: 7580
2024-06-15 15:38:51,457 INFO:Total games: 7590
2024-06-15 15:40:04,235 INFO:Total games: 7600
2024-06-15 15:41:17,906 INFO:Total games: 7610
2024-06-15 15:42:32,639 INFO:Total games: 7620
2024-06-15 15:43:30,101 INFO:Total games: 7630
2024-06-15 15:44:32,898 INFO:Total games: 7640
2024-06-15 15:46:00,789 INFO:Total games: 7650
2024-06-15 15:47:20,312 INFO:Total games: 7660
2024-06-15 15:49:09,400 INFO:Total games: 7670
2024-06-15 15:50:32,785 INFO:Total games: 7680
2024-06-15 15:51:52,024 INFO:Total games: 7690
2024-06-15 15:59:27,048 INFO:Total games: 7700
2024-06-15 16:00:24,650 INFO:Total games: 7710
2024-06-15 16:01:39,046 INFO:Total games: 7720
2024-06-15 16:02:26,339 INFO:Total games: 7730
2024-06-15 16:03:32,828 INFO:Total games: 7740
2024-06-15 16:04:45,698 INFO:Total games: 7750
2024-06-15 16:06:03,444 INFO:Total games: 7760
2024-06-15 16:07:05,208 INFO:Total games: 7770
2024-06-15 16:08:12,497 INFO:Total games: 7780
2024-06-15 16:09:21,894 INFO:Total games: 7790
2024-06-15 16:10:22,728 INFO:Total games: 7800
2024-06-15 16:11:27,725 INFO:Total games: 7810
2024-06-15 16:12:45,076 INFO:Total games: 7820
2024-06-15 16:13:52,923 INFO:Total games: 7830
2024-06-15 16:15:03,801 INFO:Total games: 7840
2024-06-15 16:16:14,409 INFO:Total games: 7850
2024-06-15 16:17:25,926 INFO:Total games: 7860
2024-06-15 16:18:41,932 INFO:Total games: 7870
2024-06-15 16:19:49,824 INFO:Total games: 7880
2024-06-15 16:20:50,673 INFO:Total games: 7890
2024-06-15 16:22:19,432 INFO:Total games: 7900
2024-06-15 16:23:33,998 INFO:Total games: 7910
2024-06-15 16:24:28,713 INFO:Total games: 7920
2024-06-15 16:25:27,519 INFO:Total games: 7930
2024-06-15 16:26:40,729 INFO:Total games: 7940
2024-06-15 16:27:44,283 INFO:Total games: 7950
2024-06-15 16:28:48,534 INFO:Total games: 7960
2024-06-15 16:29:59,766 INFO:Total games: 7970
2024-06-15 16:31:01,235 INFO:Total games: 7980
2024-06-15 16:32:16,500 INFO:Total games: 7990
2024-06-15 16:33:17,175 INFO:Total games: 8000
2024-06-15 16:34:20,061 INFO:Total games: 8010
2024-06-15 16:35:27,175 INFO:Total games: 8020
2024-06-15 16:36:51,639 INFO:Total games: 8030
2024-06-15 16:38:11,043 INFO:Total games: 8040
2024-06-15 16:39:26,716 INFO:Total games: 8050
2024-06-15 16:40:32,643 INFO:Total games: 8060
2024-06-15 16:41:52,629 INFO:Total games: 8070
2024-06-15 16:42:46,206 INFO:Total games: 8080
2024-06-15 16:44:02,502 INFO:Total games: 8090
2024-06-15 16:45:03,235 INFO:Total games: 8100
2024-06-15 16:46:12,063 INFO:Total games: 8110
2024-06-15 16:47:21,816 INFO:Total games: 8120
2024-06-15 16:48:38,971 INFO:Total games: 8130
2024-06-15 16:49:58,130 INFO:Total games: 8140
2024-06-15 16:51:01,457 INFO:Total games: 8150
2024-06-15 16:52:07,449 INFO:Total games: 8160
2024-06-15 16:53:25,750 INFO:Total games: 8170
2024-06-15 16:54:49,989 INFO:Total games: 8180
2024-06-15 16:56:09,768 INFO:Total games: 8190
2024-06-15 16:57:24,684 INFO:Total games: 8200
2024-06-15 16:58:59,340 INFO:Total games: 8210
2024-06-15 16:59:56,455 INFO:Total games: 8220
2024-06-15 17:01:21,311 INFO:Total games: 8230
2024-06-15 18:13:17,809 INFO:Total games: 8240
2024-06-15 21:17:10,095 INFO:Total games: 8250
2024-06-16 01:38:35,214 INFO:Total games: 8260
2024-06-16 04:41:22,641 INFO:Total games: 8270
2024-06-16 07:26:59,716 INFO:Total games: 8280
2024-06-16 08:17:00,618 INFO:Total games: 8290
2024-06-16 09:00:58,429 INFO:Total games: 8300
2024-06-16 10:30:00,806 INFO:Total games: 8310
2024-06-16 10:43:15,184 INFO:Total games: 8320
2024-06-16 10:44:04,838 INFO:Total games: 8330
2024-06-16 10:45:09,399 INFO:Total games: 8340
2024-06-16 10:46:05,391 INFO:Total games: 8350
2024-06-16 10:47:13,034 INFO:Total games: 8360
2024-06-16 10:48:40,070 INFO:Total games: 8370
2024-06-16 10:50:13,689 INFO:Total games: 8380
2024-06-16 10:51:28,615 INFO:Total games: 8390
2024-06-16 10:53:02,736 INFO:Total games: 8400
2024-06-16 10:54:27,025 INFO:Total games: 8410
2024-06-16 10:55:41,882 INFO:Total games: 8420
2024-06-16 11:03:38,015 INFO:Total games: 8430
2024-06-16 11:04:40,127 INFO:Total games: 8440
2024-06-16 11:05:41,046 INFO:Total games: 8450
2024-06-16 11:06:42,298 INFO:Total games: 8460
2024-06-16 11:07:36,243 INFO:Total games: 8470
2024-06-16 11:08:46,529 INFO:Total games: 8480
2024-06-16 11:10:00,691 INFO:Total games: 8490
2024-06-16 11:10:59,886 INFO:Total games: 8500
2024-06-16 11:11:57,427 INFO:Total games: 8510
2024-06-16 11:13:09,818 INFO:Total games: 8520
2024-06-16 11:14:19,350 INFO:Total games: 8530
2024-06-16 11:15:35,421 INFO:Total games: 8540
2024-06-16 11:16:45,233 INFO:Total games: 8550
2024-06-16 11:17:53,978 INFO:Total games: 8560
2024-06-16 11:19:01,435 INFO:Total games: 8570
2024-06-16 11:20:03,488 INFO:Total games: 8580
2024-06-16 11:21:06,014 INFO:Total games: 8590
2024-06-16 11:22:30,257 INFO:Total games: 8600
2024-06-16 11:23:34,320 INFO:Total games: 8610
2024-06-16 11:24:45,667 INFO:Total games: 8620
2024-06-16 11:26:00,893 INFO:Total games: 8630
2024-06-16 11:27:16,684 INFO:Total games: 8640
2024-06-16 11:28:23,539 INFO:Total games: 8650
2024-06-16 11:29:31,943 INFO:Total games: 8660
2024-06-16 11:30:40,571 INFO:Total games: 8670
2024-06-16 11:31:35,353 INFO:Total games: 8680
2024-06-16 11:32:37,260 INFO:Total games: 8690
2024-06-16 11:33:45,986 INFO:Total games: 8700
2024-06-16 11:34:54,490 INFO:Total games: 8710
2024-06-16 11:35:54,706 INFO:Total games: 8720
2024-06-16 11:37:04,443 INFO:Total games: 8730
2024-06-16 11:38:13,241 INFO:Total games: 8740
2024-06-16 11:39:30,251 INFO:Total games: 8750
2024-06-16 11:40:27,162 INFO:Total games: 8760
2024-06-16 11:41:42,146 INFO:Total games: 8770
2024-06-16 11:43:02,679 INFO:Total games: 8780
2024-06-16 11:44:21,585 INFO:Total games: 8790
2024-06-16 11:45:24,154 INFO:Total games: 8800
2024-06-16 11:46:23,593 INFO:Total games: 8810
2024-06-16 11:47:22,037 INFO:Total games: 8820
2024-06-16 11:48:34,598 INFO:Total games: 8830
2024-06-16 11:49:54,329 INFO:Total games: 8840
2024-06-16 11:50:51,189 INFO:Total games: 8850
2024-06-16 11:51:55,746 INFO:Total games: 8860
2024-06-16 11:53:08,661 INFO:Total games: 8870
2024-06-16 11:54:24,782 INFO:Total games: 8880
2024-06-16 11:55:34,436 INFO:Total games: 8890
2024-06-16 11:56:49,274 INFO:Total games: 8900
2024-06-16 11:57:54,245 INFO:Total games: 8910
2024-06-16 11:59:13,805 INFO:Total games: 8920
2024-06-16 12:00:07,088 INFO:Total games: 8930
2024-06-16 12:01:05,756 INFO:Total games: 8940
2024-06-16 12:02:24,103 INFO:Total games: 8950
2024-06-16 12:03:41,586 INFO:Total games: 8960
2024-06-16 12:04:56,563 INFO:Total games: 8970
2024-06-16 12:06:31,929 INFO:Total games: 8980
2024-06-16 12:07:42,343 INFO:Total games: 8990
2024-06-16 12:08:58,353 INFO:Total games: 9000
2024-06-16 12:10:12,467 INFO:Total games: 9010
2024-06-16 12:11:29,502 INFO:Total games: 9020
2024-06-16 12:12:46,302 INFO:Total games: 9030
2024-06-16 12:14:14,484 INFO:Total games: 9040
2024-06-16 12:15:22,420 INFO:Total games: 9050
2024-06-16 12:16:36,620 INFO:Total games: 9060
2024-06-16 12:17:55,724 INFO:Total games: 9070
2024-06-16 12:19:01,847 INFO:Total games: 9080
2024-06-16 12:20:50,554 INFO:Total games: 9090
2024-06-16 12:22:13,872 INFO:Total games: 9100
2024-06-16 12:23:38,070 INFO:Total games: 9110
2024-06-16 12:25:16,722 INFO:Total games: 9120
2024-06-16 12:26:41,556 INFO:Total games: 9130
2024-06-16 12:27:46,854 INFO:Total games: 9140
2024-06-16 12:27:46,854 INFO:FULL
2024-06-16 12:29:46,856 INFO:FULL
2024-06-16 12:31:46,867 INFO:FULL
2024-06-16 12:34:38,122 INFO:Total games: 9150
2024-06-16 12:35:19,936 INFO:Total games: 9160
2024-06-16 12:36:21,139 INFO:Total games: 9170
2024-06-16 12:37:39,137 INFO:Total games: 9180
2024-06-16 12:38:43,966 INFO:Total games: 9190
2024-06-16 12:39:58,275 INFO:Total games: 9200
2024-06-16 12:41:13,427 INFO:Total games: 9210
2024-06-16 12:42:27,146 INFO:Total games: 9220
2024-06-16 12:43:37,757 INFO:Total games: 9230
2024-06-16 12:44:48,365 INFO:Total games: 9240
2024-06-16 12:45:53,285 INFO:Total games: 9250
2024-06-16 12:47:18,905 INFO:Total games: 9260
2024-06-16 12:48:32,273 INFO:Total games: 9270
2024-06-16 12:49:37,322 INFO:Total games: 9280
2024-06-16 12:50:41,447 INFO:Total games: 9290
2024-06-16 12:51:56,280 INFO:Total games: 9300
2024-06-16 12:52:58,793 INFO:Total games: 9310
2024-06-16 12:54:15,348 INFO:Total games: 9320
2024-06-16 12:55:37,806 INFO:Total games: 9330
2024-06-16 12:56:46,495 INFO:Total games: 9340
2024-06-16 12:57:58,608 INFO:Total games: 9350
2024-06-16 12:59:24,202 INFO:Total games: 9360
2024-06-16 13:00:39,526 INFO:Total games: 9370
2024-06-16 13:01:53,732 INFO:Total games: 9380
2024-06-16 13:03:03,615 INFO:Total games: 9390
2024-06-16 13:04:14,019 INFO:Total games: 9400
2024-06-16 13:05:19,060 INFO:Total games: 9410
2024-06-16 13:06:17,953 INFO:Total games: 9420
2024-06-16 13:07:41,072 INFO:Total games: 9430
2024-06-16 13:08:55,535 INFO:Total games: 9440
2024-06-16 13:10:01,381 INFO:Total games: 9450
2024-06-16 13:10:55,441 INFO:Total games: 9460
2024-06-16 13:11:49,489 INFO:Total games: 9470
2024-06-16 13:13:05,645 INFO:Total games: 9480
2024-06-16 13:14:09,609 INFO:Total games: 9490
2024-06-16 13:15:08,140 INFO:Total games: 9500
2024-06-16 13:16:31,872 INFO:Total games: 9510
2024-06-16 13:17:51,793 INFO:Total games: 9520
2024-06-16 13:18:53,991 INFO:Total games: 9530
2024-06-16 13:20:15,083 INFO:Total games: 9540
2024-06-16 13:21:24,958 INFO:Total games: 9550
2024-06-16 13:22:29,059 INFO:Total games: 9560
2024-06-16 13:23:42,314 INFO:Total games: 9570
2024-06-16 13:24:47,029 INFO:Total games: 9580
2024-06-16 13:25:57,389 INFO:Total games: 9590
2024-06-16 13:27:09,949 INFO:Total games: 9600
2024-06-16 13:28:32,506 INFO:Total games: 9610
2024-06-16 13:29:44,685 INFO:Total games: 9620
2024-06-16 13:31:06,512 INFO:Total games: 9630
2024-06-16 13:32:15,402 INFO:Total games: 9640
2024-06-16 13:33:44,529 INFO:Total games: 9650
2024-06-16 13:34:52,121 INFO:Total games: 9660
2024-06-16 13:35:46,609 INFO:Total games: 9670
2024-06-16 13:36:50,037 INFO:Total games: 9680
2024-06-16 13:38:10,292 INFO:Total games: 9690
2024-06-16 13:39:27,686 INFO:Total games: 9700
2024-06-16 13:40:28,296 INFO:Total games: 9710
2024-06-16 13:41:28,497 INFO:Total games: 9720
2024-06-16 13:42:40,259 INFO:Total games: 9730
2024-06-16 13:43:41,183 INFO:Total games: 9740
2024-06-16 13:44:50,614 INFO:Total games: 9750
2024-06-16 13:46:00,705 INFO:Total games: 9760
2024-06-16 13:47:17,984 INFO:Total games: 9770
2024-06-16 13:48:38,736 INFO:Total games: 9780
2024-06-16 13:49:51,029 INFO:Total games: 9790
2024-06-16 13:51:06,778 INFO:Total games: 9800
2024-06-16 13:52:26,501 INFO:Total games: 9810
2024-06-16 13:53:42,890 INFO:Total games: 9820
2024-06-16 13:55:18,847 INFO:Total games: 9830
2024-06-16 13:56:43,617 INFO:Total games: 9840
2024-06-16 13:58:19,174 INFO:Total games: 9850
2024-06-16 13:59:32,984 INFO:Total games: 9860
2024-06-16 14:05:49,049 INFO:Loaded new best model
2024-06-16 14:06:48,232 INFO:Total games: 9870
2024-06-16 14:07:51,535 INFO:Total games: 9880
2024-06-16 14:08:52,611 INFO:Total games: 9890
2024-06-16 14:09:47,743 INFO:Total games: 9900
2024-06-16 14:11:07,914 INFO:Total games: 9910
2024-06-16 14:12:09,986 INFO:Total games: 9920
2024-06-16 14:13:32,315 INFO:Total games: 9930
2024-06-16 14:14:31,954 INFO:Total games: 9940
2024-06-16 14:15:46,049 INFO:Total games: 9950
2024-06-16 14:16:47,925 INFO:Total games: 9960
2024-06-16 14:18:11,120 INFO:Total games: 9970
2024-06-16 14:19:18,487 INFO:Total games: 9980
2024-06-16 14:20:15,478 INFO:Total games: 9990
2024-06-16 14:21:16,354 INFO:Total games: 10000
2024-06-16 14:22:31,265 INFO:Total games: 10010
2024-06-16 14:23:42,707 INFO:Total games: 10020
2024-06-16 14:24:40,176 INFO:Total games: 10030
2024-06-16 14:25:46,760 INFO:Total games: 10040
2024-06-16 14:26:55,805 INFO:Total games: 10050
2024-06-16 14:28:21,227 INFO:Total games: 10060
2024-06-16 14:29:19,580 INFO:Total games: 10070
2024-06-16 14:30:18,270 INFO:Total games: 10080
2024-06-16 14:31:16,993 INFO:Total games: 10090
2024-06-16 14:32:41,274 INFO:Total games: 10100
2024-06-16 14:34:07,653 INFO:Total games: 10110
2024-06-16 14:35:05,862 INFO:Total games: 10120
2024-06-16 14:36:26,336 INFO:Total games: 10130
2024-06-16 14:37:39,988 INFO:Total games: 10140
2024-06-16 14:38:50,225 INFO:Total games: 10150
2024-06-16 14:40:12,907 INFO:Total games: 10160
2024-06-16 14:41:18,716 INFO:Total games: 10170
2024-06-16 14:42:29,874 INFO:Total games: 10180
2024-06-16 14:43:32,199 INFO:Total games: 10190
2024-06-16 14:44:36,702 INFO:Total games: 10200
2024-06-16 14:45:33,570 INFO:Total games: 10210
2024-06-16 14:46:39,985 INFO:Total games: 10220
2024-06-16 14:47:58,437 INFO:Total games: 10230
2024-06-16 14:49:11,702 INFO:Total games: 10240
2024-06-16 14:50:35,785 INFO:Total games: 10250
2024-06-16 14:51:56,490 INFO:Total games: 10260
2024-06-16 14:52:50,721 INFO:Total games: 10270
2024-06-16 14:54:04,972 INFO:Total games: 10280
2024-06-16 14:55:23,038 INFO:Total games: 10290
2024-06-16 14:56:23,581 INFO:Total games: 10300
2024-06-16 14:57:40,665 INFO:Total games: 10310
2024-06-16 14:58:43,838 INFO:Total games: 10320
2024-06-16 14:59:49,333 INFO:Total games: 10330
2024-06-16 15:00:37,688 INFO:Total games: 10340
2024-06-16 15:01:50,928 INFO:Total games: 10350
2024-06-16 15:02:50,595 INFO:Total games: 10360
2024-06-16 15:04:02,319 INFO:Total games: 10370
2024-06-16 15:05:00,773 INFO:Total games: 10380
2024-06-16 15:06:13,566 INFO:Total games: 10390
2024-06-16 15:07:23,963 INFO:Total games: 10400
2024-06-16 15:08:23,790 INFO:Total games: 10410
2024-06-16 15:09:45,745 INFO:Total games: 10420
2024-06-16 15:10:47,291 INFO:Total games: 10430
2024-06-16 15:11:55,816 INFO:Total games: 10440
2024-06-16 15:12:52,470 INFO:Total games: 10450
2024-06-16 15:14:16,254 INFO:Total games: 10460
2024-06-16 15:15:16,976 INFO:Total games: 10470
2024-06-16 15:16:29,286 INFO:Total games: 10480
2024-06-16 15:17:48,240 INFO:Total games: 10490
2024-06-16 15:19:08,107 INFO:Total games: 10500
2024-06-16 15:20:21,231 INFO:Total games: 10510
2024-06-16 15:21:34,827 INFO:Total games: 10520
2024-06-16 15:22:43,265 INFO:Total games: 10530
2024-06-16 15:23:44,545 INFO:Total games: 10540
2024-06-16 15:25:20,327 INFO:Total games: 10550
2024-06-16 15:26:54,114 INFO:Total games: 10560
2024-06-16 15:28:35,377 INFO:Total games: 10570
2024-06-16 15:29:40,107 INFO:Total games: 10580
2024-06-16 15:30:39,750 INFO:Total games: 10590
2024-06-16 15:38:42,619 INFO:Total games: 10600
2024-06-16 15:40:15,464 INFO:Total games: 10610
2024-06-16 15:41:40,561 INFO:Total games: 10620
2024-06-16 15:42:39,505 INFO:Total games: 10630
2024-06-16 15:43:41,870 INFO:Total games: 10640
2024-06-16 15:44:52,008 INFO:Total games: 10650
2024-06-16 15:45:49,188 INFO:Total games: 10660
2024-06-16 15:46:53,413 INFO:Total games: 10670
2024-06-16 15:47:41,525 INFO:Total games: 10680
2024-06-16 15:48:49,722 INFO:Total games: 10690
2024-06-16 15:49:50,990 INFO:Total games: 10700
2024-06-16 15:51:01,303 INFO:Total games: 10710
2024-06-16 15:52:04,276 INFO:Total games: 10720
2024-06-16 15:53:14,542 INFO:Total games: 10730
2024-06-16 15:54:22,450 INFO:Total games: 10740
2024-06-16 15:55:41,112 INFO:Total games: 10750
2024-06-16 15:56:51,848 INFO:Total games: 10760
2024-06-16 15:57:59,264 INFO:Total games: 10770
2024-06-16 15:59:26,521 INFO:Total games: 10780
2024-06-16 16:00:37,539 INFO:Total games: 10790
2024-06-16 16:01:58,962 INFO:Total games: 10800
2024-06-16 16:03:09,741 INFO:Total games: 10810
2024-06-16 16:04:23,483 INFO:Total games: 10820
2024-06-16 16:05:42,141 INFO:Total games: 10830
2024-06-16 16:06:46,814 INFO:Total games: 10840
2024-06-16 16:07:56,598 INFO:Total games: 10850
2024-06-16 16:09:40,316 INFO:Total games: 10860
2024-06-16 16:10:43,427 INFO:Total games: 10870
2024-06-16 16:12:09,063 INFO:Total games: 10880
2024-06-16 16:13:18,911 INFO:Total games: 10890
2024-06-16 16:14:31,859 INFO:Total games: 10900
2024-06-16 16:15:45,363 INFO:Total games: 10910
2024-06-16 16:16:45,078 INFO:Total games: 10920
2024-06-16 16:18:00,197 INFO:Total games: 10930
2024-06-16 16:19:03,980 INFO:Total games: 10940
2024-06-16 16:20:05,867 INFO:Total games: 10950
2024-06-16 16:21:27,875 INFO:Total games: 10960
2024-06-16 16:22:22,513 INFO:Total games: 10970
2024-06-16 16:23:40,279 INFO:Total games: 10980
2024-06-16 16:24:53,444 INFO:Total games: 10990
2024-06-16 16:25:52,497 INFO:Total games: 11000
2024-06-16 16:27:01,941 INFO:Total games: 11010
2024-06-16 16:28:30,949 INFO:Total games: 11020
2024-06-16 16:29:39,713 INFO:Total games: 11030
2024-06-16 16:30:58,403 INFO:Total games: 11040
2024-06-16 16:31:53,893 INFO:Total games: 11050
2024-06-16 16:33:00,908 INFO:Total games: 11060
2024-06-16 16:34:12,107 INFO:Total games: 11070
2024-06-16 16:35:34,824 INFO:Total games: 11080
2024-06-16 16:36:44,250 INFO:Total games: 11090
2024-06-16 16:37:53,139 INFO:Total games: 11100
2024-06-16 16:39:09,820 INFO:Total games: 11110
2024-06-16 16:40:32,210 INFO:Total games: 11120
2024-06-16 16:41:58,353 INFO:Total games: 11130
2024-06-16 16:42:55,915 INFO:Total games: 11140
2024-06-16 16:44:07,970 INFO:Total games: 11150
2024-06-16 16:45:08,021 INFO:Total games: 11160
2024-06-16 16:46:27,450 INFO:Total games: 11170
2024-06-16 16:47:32,106 INFO:Total games: 11180
2024-06-16 16:48:40,964 INFO:Total games: 11190
2024-06-16 16:49:53,927 INFO:Total games: 11200
2024-06-16 16:50:53,282 INFO:Total games: 11210
2024-06-16 16:52:00,505 INFO:Total games: 11220
2024-06-16 16:52:57,591 INFO:Total games: 11230
2024-06-16 16:54:18,239 INFO:Total games: 11240
2024-06-16 16:55:33,776 INFO:Total games: 11250
2024-06-16 16:57:02,494 INFO:Total games: 11260
2024-06-16 16:58:41,595 INFO:Total games: 11270
2024-06-16 16:59:58,104 INFO:Total games: 11280
2024-06-16 17:01:13,790 INFO:Total games: 11290
2024-06-16 17:02:52,348 INFO:Total games: 11300
2024-06-16 17:04:33,010 INFO:Total games: 11310
2024-06-16 17:11:56,623 INFO:Total games: 11320
2024-06-16 17:13:14,669 INFO:Total games: 11330
2024-06-16 17:14:29,481 INFO:Total games: 11340
2024-06-16 17:15:52,376 INFO:Total games: 11350
2024-06-16 17:16:59,525 INFO:Total games: 11360
2024-06-16 17:18:02,622 INFO:Total games: 11370
2024-06-16 17:19:20,521 INFO:Total games: 11380
2024-06-16 17:20:31,730 INFO:Total games: 11390
2024-06-16 17:21:42,307 INFO:Total games: 11400
2024-06-16 17:22:42,619 INFO:Total games: 11410
2024-06-16 17:23:59,108 INFO:Total games: 11420
2024-06-16 17:25:14,583 INFO:Total games: 11430
2024-06-16 17:26:20,258 INFO:Total games: 11440
2024-06-16 17:27:37,327 INFO:Total games: 11450
2024-06-16 17:28:53,540 INFO:Total games: 11460
2024-06-16 17:30:12,470 INFO:Total games: 11470
2024-06-16 17:31:24,002 INFO:Total games: 11480
2024-06-16 17:32:28,100 INFO:Total games: 11490
2024-06-16 17:33:38,971 INFO:Total games: 11500
2024-06-16 17:34:54,159 INFO:Total games: 11510
2024-06-16 17:36:12,127 INFO:Total games: 11520
2024-06-16 17:37:13,992 INFO:Total games: 11530
2024-06-16 17:38:39,081 INFO:Total games: 11540
2024-06-16 17:39:57,040 INFO:Total games: 11550
2024-06-16 17:41:05,220 INFO:Total games: 11560
2024-06-16 17:42:16,116 INFO:Total games: 11570
2024-06-16 17:43:21,123 INFO:Total games: 11580
2024-06-16 17:44:31,269 INFO:Total games: 11590
2024-06-16 17:45:38,462 INFO:Total games: 11600
2024-06-16 17:46:38,095 INFO:Total games: 11610
2024-06-16 17:47:54,352 INFO:Total games: 11620
2024-06-16 17:49:06,035 INFO:Total games: 11630
2024-06-16 17:50:05,888 INFO:Total games: 11640
2024-06-16 17:51:16,813 INFO:Total games: 11650
2024-06-16 17:52:30,436 INFO:Total games: 11660
2024-06-16 17:53:39,560 INFO:Total games: 11670
2024-06-16 17:54:56,498 INFO:Total games: 11680
2024-06-16 17:56:07,375 INFO:Total games: 11690
2024-06-16 17:57:28,867 INFO:Total games: 11700
2024-06-16 17:58:53,806 INFO:Total games: 11710
2024-06-16 18:00:16,010 INFO:Total games: 11720
2024-06-16 18:01:20,933 INFO:Total games: 11730
2024-06-16 18:02:33,206 INFO:Total games: 11740
2024-06-16 18:03:38,975 INFO:Total games: 11750
2024-06-16 18:04:46,225 INFO:Total games: 11760
2024-06-16 18:06:05,265 INFO:Total games: 11770
2024-06-16 18:07:16,883 INFO:Total games: 11780
2024-06-16 18:08:23,103 INFO:Total games: 11790
2024-06-16 18:09:32,134 INFO:Total games: 11800
2024-06-16 18:10:48,197 INFO:Total games: 11810
2024-06-16 18:11:44,796 INFO:Total games: 11820
2024-06-16 18:13:18,136 INFO:Total games: 11830
2024-06-16 18:14:23,025 INFO:Total games: 11840
2024-06-16 18:15:27,394 INFO:Total games: 11850
2024-06-16 18:16:38,786 INFO:Total games: 11860
2024-06-16 18:17:39,234 INFO:Total games: 11870
2024-06-16 18:18:45,726 INFO:Total games: 11880
2024-06-16 18:20:03,744 INFO:Total games: 11890
2024-06-16 18:21:18,367 INFO:Total games: 11900
2024-06-16 18:22:32,447 INFO:Total games: 11910
2024-06-16 18:23:28,591 INFO:Total games: 11920
2024-06-16 18:24:47,131 INFO:Total games: 11930
2024-06-16 18:26:05,403 INFO:Total games: 11940
2024-06-16 18:27:36,042 INFO:Total games: 11950
2024-06-16 18:28:56,739 INFO:Total games: 11960
2024-06-16 18:30:19,153 INFO:Total games: 11970
2024-06-16 18:31:33,856 INFO:Total games: 11980
2024-06-16 18:32:55,731 INFO:Total games: 11990
2024-06-16 18:34:12,213 INFO:Total games: 12000
2024-06-16 18:35:36,212 INFO:Total games: 12010
2024-06-16 18:44:07,292 INFO:Total games: 12020
2024-06-16 18:45:15,272 INFO:Total games: 12030
2024-06-16 18:46:29,472 INFO:Total games: 12040
2024-06-16 18:47:21,009 INFO:Total games: 12050
2024-06-16 18:48:24,947 INFO:Total games: 12060
2024-06-16 18:49:43,441 INFO:Total games: 12070
2024-06-16 18:50:41,326 INFO:Total games: 12080
2024-06-16 18:51:41,832 INFO:Total games: 12090
2024-06-16 18:52:48,266 INFO:Total games: 12100
2024-06-16 18:54:01,030 INFO:Total games: 12110
2024-06-16 18:55:06,333 INFO:Total games: 12120
2024-06-16 18:56:00,652 INFO:Total games: 12130
2024-06-16 18:57:15,708 INFO:Total games: 12140
2024-06-16 18:58:29,319 INFO:Total games: 12150
2024-06-16 18:59:44,850 INFO:Total games: 12160
2024-06-16 19:01:00,403 INFO:Total games: 12170
2024-06-16 19:02:06,050 INFO:Total games: 12180
2024-06-16 19:03:08,161 INFO:Total games: 12190
2024-06-16 19:04:27,017 INFO:Total games: 12200
2024-06-16 19:05:38,184 INFO:Total games: 12210
2024-06-16 19:06:49,690 INFO:Total games: 12220
2024-06-16 19:07:52,700 INFO:Total games: 12230
2024-06-16 19:09:05,278 INFO:Total games: 12240
2024-06-16 19:10:14,781 INFO:Total games: 12250
2024-06-16 19:11:16,698 INFO:Total games: 12260
2024-06-16 19:12:22,695 INFO:Total games: 12270
2024-06-16 19:13:39,288 INFO:Total games: 12280
2024-06-16 19:14:45,227 INFO:Total games: 12290
2024-06-16 19:15:37,658 INFO:Total games: 12300
2024-06-16 19:16:54,067 INFO:Total games: 12310
2024-06-16 19:18:15,356 INFO:Total games: 12320
2024-06-16 19:19:22,789 INFO:Total games: 12330
2024-06-16 19:20:39,467 INFO:Total games: 12340
2024-06-16 19:21:39,704 INFO:Total games: 12350
2024-06-16 19:22:51,871 INFO:Total games: 12360
2024-06-16 19:24:01,617 INFO:Total games: 12370
2024-06-16 19:25:11,200 INFO:Total games: 12380
2024-06-16 19:26:24,160 INFO:Total games: 12390
2024-06-16 19:27:46,755 INFO:Total games: 12400
2024-06-16 19:28:52,096 INFO:Total games: 12410
2024-06-16 19:30:05,522 INFO:Total games: 12420
2024-06-16 19:31:10,647 INFO:Total games: 12430
2024-06-16 19:32:11,728 INFO:Total games: 12440
2024-06-16 19:33:19,438 INFO:Total games: 12450
2024-06-16 19:34:25,843 INFO:Total games: 12460
2024-06-16 19:35:46,276 INFO:Total games: 12470
2024-06-16 19:37:10,940 INFO:Total games: 12480
2024-06-16 19:38:16,190 INFO:Total games: 12490
2024-06-16 19:39:14,695 INFO:Total games: 12500
2024-06-16 19:40:39,167 INFO:Total games: 12510
2024-06-16 19:41:44,648 INFO:Total games: 12520
2024-06-16 19:42:38,690 INFO:Total games: 12530
2024-06-16 19:43:57,126 INFO:Total games: 12540
2024-06-16 19:45:06,383 INFO:Total games: 12550
2024-06-16 19:46:20,368 INFO:Total games: 12560
2024-06-16 19:47:26,885 INFO:Total games: 12570
2024-06-16 19:48:33,665 INFO:Total games: 12580
2024-06-16 19:49:50,027 INFO:Total games: 12590
2024-06-16 19:51:01,126 INFO:Total games: 12600
2024-06-16 19:51:53,591 INFO:Total games: 12610
2024-06-16 19:53:16,469 INFO:Total games: 12620
2024-06-16 19:54:26,802 INFO:Total games: 12630
2024-06-16 19:55:37,418 INFO:Total games: 12640
2024-06-16 19:56:51,337 INFO:Total games: 12650
2024-06-16 19:57:55,647 INFO:Total games: 12660
2024-06-16 19:59:05,781 INFO:Total games: 12670
2024-06-16 20:00:29,983 INFO:Total games: 12680
2024-06-16 20:01:48,280 INFO:Total games: 12690
2024-06-16 20:03:07,190 INFO:Total games: 12700
2024-06-16 20:04:34,552 INFO:Total games: 12710
2024-06-16 20:06:04,869 INFO:Total games: 12720
2024-06-16 20:07:32,875 INFO:Total games: 12730
2024-06-16 20:08:52,625 INFO:Total games: 12740
2024-06-16 20:15:51,891 INFO:Total games: 12750
2024-06-16 20:16:56,785 INFO:Total games: 12760
2024-06-16 20:18:11,881 INFO:Total games: 12770
2024-06-16 20:19:17,426 INFO:Total games: 12780
2024-06-16 20:20:22,561 INFO:Total games: 12790
2024-06-16 20:21:29,033 INFO:Total games: 12800
2024-06-16 20:22:46,060 INFO:Total games: 12810
2024-06-16 20:23:42,387 INFO:Total games: 12820
2024-06-16 20:24:46,122 INFO:Total games: 12830
2024-06-16 20:25:53,963 INFO:Total games: 12840
2024-06-16 20:26:55,212 INFO:Total games: 12850
2024-06-16 20:28:08,151 INFO:Total games: 12860
2024-06-16 20:29:26,426 INFO:Total games: 12870
2024-06-16 20:30:39,904 INFO:Total games: 12880
2024-06-16 20:31:52,930 INFO:Total games: 12890
2024-06-16 20:33:12,667 INFO:Total games: 12900
2024-06-16 20:34:26,769 INFO:Total games: 12910
2024-06-16 20:35:36,443 INFO:Total games: 12920
2024-06-16 20:36:50,427 INFO:Total games: 12930
2024-06-16 20:37:52,376 INFO:Total games: 12940
2024-06-16 20:38:46,653 INFO:Total games: 12950
2024-06-16 20:39:57,264 INFO:Total games: 12960
2024-06-16 20:41:08,154 INFO:Total games: 12970
2024-06-16 20:42:18,529 INFO:Total games: 12980
2024-06-16 20:43:25,221 INFO:Total games: 12990
2024-06-16 20:44:36,779 INFO:Total games: 13000
2024-06-16 20:45:32,060 INFO:Total games: 13010
2024-06-16 20:46:47,179 INFO:Total games: 13020
2024-06-16 20:47:46,883 INFO:Total games: 13030
2024-06-16 20:48:50,632 INFO:Total games: 13040
2024-06-16 20:50:03,769 INFO:Total games: 13050
2024-06-16 20:51:27,185 INFO:Total games: 13060
2024-06-16 20:52:38,624 INFO:Total games: 13070
2024-06-16 20:53:44,968 INFO:Total games: 13080
2024-06-16 20:54:43,559 INFO:Total games: 13090
2024-06-16 20:55:57,664 INFO:Total games: 13100
2024-06-16 20:57:20,511 INFO:Total games: 13110
2024-06-16 20:58:38,776 INFO:Total games: 13120
2024-06-16 21:00:01,920 INFO:Total games: 13130
2024-06-16 21:01:13,451 INFO:Total games: 13140
2024-06-16 21:02:30,482 INFO:Total games: 13150
2024-06-16 21:03:35,047 INFO:Total games: 13160
2024-06-16 21:04:35,241 INFO:Total games: 13170
2024-06-16 21:05:56,604 INFO:Total games: 13180
2024-06-16 21:07:01,361 INFO:Total games: 13190
2024-06-16 21:08:14,201 INFO:Total games: 13200
2024-06-16 21:09:15,910 INFO:Total games: 13210
2024-06-16 21:10:29,422 INFO:Total games: 13220
2024-06-16 21:11:27,160 INFO:Total games: 13230
2024-06-16 21:12:28,906 INFO:Total games: 13240
2024-06-16 21:13:36,156 INFO:Total games: 13250
2024-06-16 21:14:41,597 INFO:Total games: 13260
2024-06-16 21:15:56,352 INFO:Total games: 13270
2024-06-16 21:17:00,099 INFO:Total games: 13280
2024-06-16 21:18:16,545 INFO:Total games: 13290
2024-06-16 21:19:10,424 INFO:Total games: 13300
2024-06-16 21:20:28,590 INFO:Total games: 13310
2024-06-16 21:21:42,856 INFO:Total games: 13320
2024-06-16 21:22:55,571 INFO:Total games: 13330
2024-06-16 21:24:10,376 INFO:Total games: 13340
2024-06-16 21:25:11,441 INFO:Total games: 13350
2024-06-16 21:26:19,262 INFO:Total games: 13360
2024-06-16 21:27:25,387 INFO:Total games: 13370
2024-06-16 21:28:38,835 INFO:Total games: 13380
2024-06-16 21:29:50,900 INFO:Total games: 13390
2024-06-16 21:31:06,999 INFO:Total games: 13400
2024-06-16 21:32:16,200 INFO:Total games: 13410
2024-06-16 21:33:48,888 INFO:Total games: 13420
2024-06-16 21:35:18,615 INFO:Total games: 13430
2024-06-16 21:36:53,794 INFO:Total games: 13440
2024-06-16 21:38:14,023 INFO:Total games: 13450
2024-06-16 21:39:28,814 INFO:Total games: 13460
2024-06-16 21:46:58,084 INFO:Total games: 13470
2024-06-16 21:48:08,567 INFO:Total games: 13480
2024-06-16 21:49:18,947 INFO:Total games: 13490
2024-06-16 21:50:31,880 INFO:Total games: 13500
2024-06-16 21:51:44,617 INFO:Total games: 13510
2024-06-16 21:52:42,212 INFO:Total games: 13520
2024-06-16 21:54:01,843 INFO:Total games: 13530
2024-06-16 21:55:11,508 INFO:Total games: 13540
2024-06-16 21:56:22,750 INFO:Total games: 13550
2024-06-16 21:57:34,643 INFO:Total games: 13560
2024-06-16 21:58:39,719 INFO:Total games: 13570
2024-06-16 21:59:34,661 INFO:Total games: 13580
2024-06-16 22:00:39,457 INFO:Total games: 13590
2024-06-16 22:01:48,582 INFO:Total games: 13600
2024-06-16 22:03:01,374 INFO:Total games: 13610
2024-06-16 22:04:03,758 INFO:Total games: 13620
2024-06-16 22:05:16,202 INFO:Total games: 13630
2024-06-16 22:06:28,834 INFO:Total games: 13640
2024-06-16 22:07:16,417 INFO:Total games: 13650
2024-06-16 22:08:26,336 INFO:Total games: 13660
2024-06-16 22:09:34,524 INFO:Total games: 13670
2024-06-16 22:10:35,314 INFO:Total games: 13680
2024-06-16 22:11:35,645 INFO:Total games: 13690
2024-06-16 22:12:38,871 INFO:Total games: 13700
2024-06-16 22:13:44,642 INFO:Total games: 13710
2024-06-16 22:14:54,947 INFO:Total games: 13720
2024-06-16 22:15:56,442 INFO:Total games: 13730
2024-06-16 22:17:00,277 INFO:Total games: 13740
2024-06-16 22:18:09,438 INFO:Total games: 13750
2024-06-16 22:19:32,330 INFO:Total games: 13760
2024-06-16 22:20:28,097 INFO:Total games: 13770
2024-06-16 22:21:31,717 INFO:Total games: 13780
2024-06-16 22:22:40,304 INFO:Total games: 13790
2024-06-16 22:23:34,512 INFO:Total games: 13800
2024-06-16 22:24:40,187 INFO:Total games: 13810
2024-06-16 22:25:47,296 INFO:Total games: 13820
2024-06-16 22:26:56,014 INFO:Total games: 13830
2024-06-16 22:28:06,429 INFO:Total games: 13840
2024-06-16 22:29:16,289 INFO:Total games: 13850
2024-06-16 22:30:29,460 INFO:Total games: 13860
2024-06-16 22:31:36,256 INFO:Total games: 13870
2024-06-16 22:32:33,046 INFO:Total games: 13880
2024-06-16 22:33:42,679 INFO:Total games: 13890
2024-06-16 22:34:50,149 INFO:Total games: 13900
2024-06-16 22:36:12,350 INFO:Total games: 13910
2024-06-16 22:37:24,063 INFO:Total games: 13920
2024-06-16 22:38:29,674 INFO:Total games: 13930
2024-06-16 22:39:43,323 INFO:Total games: 13940
2024-06-16 22:40:51,347 INFO:Total games: 13950
2024-06-16 22:41:52,316 INFO:Total games: 13960
2024-06-16 22:42:53,855 INFO:Total games: 13970
2024-06-16 22:44:05,988 INFO:Total games: 13980
2024-06-16 22:45:26,968 INFO:Total games: 13990
2024-06-16 22:46:36,396 INFO:Total games: 14000
2024-06-16 22:47:45,398 INFO:Total games: 14010
2024-06-16 22:48:35,621 INFO:Total games: 14020
2024-06-16 22:49:41,563 INFO:Total games: 14030
2024-06-16 22:50:40,445 INFO:Total games: 14040
2024-06-16 22:51:48,031 INFO:Total games: 14050
2024-06-16 22:52:46,554 INFO:Total games: 14060
2024-06-16 22:53:59,788 INFO:Total games: 14070
2024-06-16 22:55:08,727 INFO:Total games: 14080
2024-06-16 22:56:11,036 INFO:Total games: 14090
2024-06-16 22:57:17,322 INFO:Total games: 14100
2024-06-16 22:58:36,652 INFO:Total games: 14110
2024-06-16 22:59:49,595 INFO:Total games: 14120
2024-06-16 23:01:09,256 INFO:Total games: 14130
2024-06-16 23:01:59,269 INFO:Total games: 14140
2024-06-16 23:03:25,231 INFO:Total games: 14150
2024-06-16 23:05:11,444 INFO:Total games: 14160
2024-06-16 23:06:19,789 INFO:Total games: 14170
2024-06-16 23:07:33,756 INFO:Total games: 14180
2024-06-16 23:08:43,308 INFO:Total games: 14190
2024-06-16 23:16:58,794 INFO:Total games: 14200
2024-06-16 23:17:59,993 INFO:Total games: 14210
2024-06-16 23:19:06,287 INFO:Total games: 14220
2024-06-16 23:20:01,545 INFO:Total games: 14230
2024-06-16 23:21:12,477 INFO:Total games: 14240
2024-06-16 23:22:21,973 INFO:Total games: 14250
2024-06-16 23:23:28,880 INFO:Total games: 14260
2024-06-16 23:24:50,213 INFO:Total games: 14270
2024-06-16 23:25:59,761 INFO:Total games: 14280
2024-06-16 23:27:01,932 INFO:Total games: 14290
2024-06-16 23:28:05,987 INFO:Total games: 14300
2024-06-16 23:29:19,944 INFO:Total games: 14310
2024-06-16 23:30:20,986 INFO:Total games: 14320
2024-06-16 23:31:35,838 INFO:Total games: 14330
2024-06-16 23:32:35,481 INFO:Total games: 14340
2024-06-16 23:33:38,898 INFO:Total games: 14350
2024-06-16 23:34:55,548 INFO:Total games: 14360
2024-06-16 23:35:53,540 INFO:Total games: 14370
2024-06-16 23:37:17,187 INFO:Total games: 14380
2024-06-16 23:38:33,356 INFO:Total games: 14390
2024-06-16 23:39:40,834 INFO:Total games: 14400
2024-06-16 23:40:54,947 INFO:Total games: 14410
2024-06-16 23:42:12,800 INFO:Total games: 14420
2024-06-16 23:43:11,755 INFO:Total games: 14430
2024-06-16 23:44:21,639 INFO:Total games: 14440
2024-06-16 23:45:25,199 INFO:Total games: 14450
2024-06-16 23:46:36,321 INFO:Total games: 14460
2024-06-16 23:47:41,014 INFO:Total games: 14470
2024-06-16 23:49:03,989 INFO:Total games: 14480
2024-06-16 23:50:05,462 INFO:Total games: 14490
2024-06-16 23:51:17,674 INFO:Total games: 14500
2024-06-16 23:52:50,206 INFO:Total games: 14510
2024-06-16 23:54:05,272 INFO:Total games: 14520
2024-06-16 23:55:25,515 INFO:Total games: 14530
2024-06-16 23:56:36,732 INFO:Total games: 14540
2024-06-16 23:58:01,911 INFO:Total games: 14550
2024-06-16 23:59:17,515 INFO:Total games: 14560
2024-06-17 00:00:32,679 INFO:Total games: 14570
2024-06-17 00:01:44,322 INFO:Total games: 14580
2024-06-17 00:03:12,115 INFO:Total games: 14590
2024-06-17 00:04:40,198 INFO:Total games: 14600
2024-06-17 00:06:07,920 INFO:Total games: 14610
2024-06-17 00:07:28,156 INFO:Total games: 14620
2024-06-17 00:08:36,914 INFO:Total games: 14630
2024-06-17 00:09:44,345 INFO:Total games: 14640
2024-06-17 00:10:53,256 INFO:Total games: 14650
2024-06-17 00:11:43,505 INFO:Total games: 14660
2024-06-17 00:12:59,832 INFO:Total games: 14670
2024-06-17 00:14:09,093 INFO:Total games: 14680
2024-06-17 00:15:24,787 INFO:Total games: 14690
2024-06-17 00:16:29,216 INFO:Total games: 14700
2024-06-17 00:17:42,184 INFO:Total games: 14710
2024-06-17 00:18:37,437 INFO:Total games: 14720
2024-06-17 00:19:35,639 INFO:Total games: 14730
2024-06-17 00:20:46,968 INFO:Total games: 14740
2024-06-17 00:21:51,848 INFO:Total games: 14750
2024-06-17 00:22:59,975 INFO:Total games: 14760
2024-06-17 00:24:05,156 INFO:Total games: 14770
2024-06-17 00:25:19,813 INFO:Total games: 14780
2024-06-17 00:26:17,469 INFO:Total games: 14790
2024-06-17 00:27:16,319 INFO:Total games: 14800
2024-06-17 00:28:29,212 INFO:Total games: 14810
2024-06-17 00:29:18,429 INFO:Total games: 14820
2024-06-17 00:30:31,678 INFO:Total games: 14830
2024-06-17 00:31:43,574 INFO:Total games: 14840
2024-06-17 00:33:06,376 INFO:Total games: 14850
2024-06-17 00:34:47,194 INFO:Total games: 14860
2024-06-17 00:35:59,028 INFO:Total games: 14870
2024-06-17 00:37:31,465 INFO:Total games: 14880
2024-06-17 00:39:06,617 INFO:Total games: 14890
2024-06-17 00:47:20,587 INFO:Total games: 14900
2024-06-17 00:48:39,633 INFO:Total games: 14910
2024-06-17 00:49:42,321 INFO:Total games: 14920
2024-06-17 00:50:41,185 INFO:Total games: 14930
2024-06-17 00:51:41,823 INFO:Total games: 14940
2024-06-17 00:52:56,437 INFO:Total games: 14950
2024-06-17 00:54:08,593 INFO:Total games: 14960
2024-06-17 00:55:35,764 INFO:Total games: 14970
2024-06-17 00:56:30,112 INFO:Total games: 14980
2024-06-17 00:57:35,555 INFO:Total games: 14990
2024-06-17 00:58:46,706 INFO:Total games: 15000
2024-06-17 00:59:41,785 INFO:Total games: 15010
2024-06-17 01:00:49,546 INFO:Total games: 15020
2024-06-17 01:02:04,582 INFO:Total games: 15030
2024-06-17 01:03:16,654 INFO:Total games: 15040
2024-06-17 01:04:36,589 INFO:Total games: 15050
2024-06-17 01:05:35,430 INFO:Total games: 15060
2024-06-17 01:06:30,424 INFO:Total games: 15070
2024-06-17 01:07:32,120 INFO:Total games: 15080
2024-06-17 01:08:42,893 INFO:Total games: 15090
2024-06-17 01:09:58,053 INFO:Total games: 15100
2024-06-17 01:11:03,623 INFO:Total games: 15110
2024-06-17 01:12:09,354 INFO:Total games: 15120
2024-06-17 01:13:14,718 INFO:Total games: 15130
2024-06-17 01:14:34,444 INFO:Total games: 15140
2024-06-17 01:15:39,379 INFO:Total games: 15150
2024-06-17 01:16:49,270 INFO:Total games: 15160
2024-06-17 01:17:59,190 INFO:Total games: 15170
2024-06-17 01:19:12,651 INFO:Total games: 15180
2024-06-17 01:20:19,057 INFO:Total games: 15190
2024-06-17 01:21:27,890 INFO:Total games: 15200
2024-06-17 01:22:33,685 INFO:Total games: 15210
2024-06-17 01:23:38,907 INFO:Total games: 15220
2024-06-17 01:24:42,434 INFO:Total games: 15230
2024-06-17 01:26:00,049 INFO:Total games: 15240
2024-06-17 01:27:05,053 INFO:Total games: 15250
2024-06-17 01:28:18,120 INFO:Total games: 15260
2024-06-17 01:29:44,115 INFO:Total games: 15270
2024-06-17 01:31:07,081 INFO:Total games: 15280
2024-06-17 01:32:04,595 INFO:Total games: 15290
2024-06-17 01:33:06,378 INFO:Total games: 15300
2024-06-17 01:34:10,453 INFO:Total games: 15310
2024-06-17 01:35:23,063 INFO:Total games: 15320
2024-06-17 01:36:20,806 INFO:Total games: 15330
2024-06-17 01:37:30,833 INFO:Total games: 15340
2024-06-17 01:38:41,992 INFO:Total games: 15350
2024-06-17 01:39:45,902 INFO:Total games: 15360
2024-06-17 01:40:57,413 INFO:Total games: 15370
2024-06-17 01:42:16,192 INFO:Total games: 15380
2024-06-17 01:43:28,066 INFO:Total games: 15390
2024-06-17 01:44:26,589 INFO:Total games: 15400
2024-06-17 01:45:37,942 INFO:Total games: 15410
2024-06-17 01:46:40,947 INFO:Total games: 15420
2024-06-17 01:47:43,826 INFO:Total games: 15430
2024-06-17 01:48:52,123 INFO:Total games: 15440
2024-06-17 01:49:57,106 INFO:Total games: 15450
2024-06-17 01:51:01,471 INFO:Total games: 15460
2024-06-17 01:52:05,536 INFO:Total games: 15470
2024-06-17 01:53:12,627 INFO:Total games: 15480
2024-06-17 01:54:19,923 INFO:Total games: 15490
2024-06-17 01:55:26,073 INFO:Total games: 15500
2024-06-17 01:56:40,148 INFO:Total games: 15510
2024-06-17 01:58:05,260 INFO:Total games: 15520
2024-06-17 01:59:27,928 INFO:Total games: 15530
2024-06-17 02:00:30,259 INFO:Total games: 15540
2024-06-17 02:01:41,107 INFO:Total games: 15550
2024-06-17 02:02:47,193 INFO:Total games: 15560
2024-06-17 02:04:01,994 INFO:Total games: 15570
2024-06-17 02:05:43,963 INFO:Total games: 15580
2024-06-17 02:07:15,489 INFO:Total games: 15590
2024-06-17 02:08:56,225 INFO:Total games: 15600
2024-06-17 02:10:24,643 INFO:Total games: 15610
2024-06-17 02:19:09,063 INFO:Total games: 15620
2024-06-17 02:20:20,662 INFO:Total games: 15630
2024-06-17 02:21:23,599 INFO:Total games: 15640
2024-06-17 02:22:28,920 INFO:Total games: 15650
2024-06-17 02:23:42,324 INFO:Total games: 15660
2024-06-17 02:24:46,559 INFO:Total games: 15670
2024-06-17 02:26:04,587 INFO:Total games: 15680
2024-06-17 02:26:57,419 INFO:Total games: 15690
2024-06-17 02:27:59,045 INFO:Total games: 15700
2024-06-17 02:28:54,380 INFO:Total games: 15710
2024-06-17 02:30:11,966 INFO:Total games: 15720
2024-06-17 02:31:23,465 INFO:Total games: 15730
2024-06-17 02:32:34,517 INFO:Total games: 15740
2024-06-17 02:33:31,597 INFO:Total games: 15750
2024-06-17 02:34:46,690 INFO:Total games: 15760
2024-06-17 02:35:56,591 INFO:Total games: 15770
2024-06-17 02:37:05,353 INFO:Total games: 15780
2024-06-17 02:38:17,665 INFO:Total games: 15790
2024-06-17 02:39:34,386 INFO:Total games: 15800
2024-06-17 02:40:45,793 INFO:Total games: 15810
2024-06-17 02:41:53,895 INFO:Total games: 15820
2024-06-17 02:43:04,345 INFO:Total games: 15830
2024-06-17 02:44:20,654 INFO:Total games: 15840
2024-06-17 02:45:29,908 INFO:Total games: 15850
2024-06-17 02:46:24,147 INFO:Total games: 15860
2024-06-17 02:47:35,739 INFO:Total games: 15870
2024-06-17 02:48:40,169 INFO:Total games: 15880
2024-06-17 02:50:02,703 INFO:Total games: 15890
2024-06-17 02:51:06,750 INFO:Total games: 15900
2024-06-17 02:52:08,736 INFO:Total games: 15910
2024-06-17 02:53:23,672 INFO:Total games: 15920
2024-06-17 02:54:35,197 INFO:Total games: 15930
2024-06-17 02:55:50,381 INFO:Total games: 15940
2024-06-17 02:56:57,616 INFO:Total games: 15950
2024-06-17 02:58:02,122 INFO:Total games: 15960
2024-06-17 02:59:14,574 INFO:Total games: 15970
2024-06-17 03:00:17,240 INFO:Total games: 15980
2024-06-17 03:01:24,316 INFO:Total games: 15990
2024-06-17 03:02:24,846 INFO:Total games: 16000
2024-06-17 03:03:38,126 INFO:Total games: 16010
2024-06-17 03:05:01,237 INFO:Total games: 16020
2024-06-17 03:06:00,112 INFO:Total games: 16030
2024-06-17 03:06:58,833 INFO:Total games: 16040
2024-06-17 03:08:24,796 INFO:Total games: 16050
2024-06-17 03:09:33,190 INFO:Total games: 16060
2024-06-17 03:10:40,865 INFO:Total games: 16070
2024-06-17 03:12:01,153 INFO:Total games: 16080
2024-06-17 03:13:15,083 INFO:Total games: 16090
2024-06-17 03:14:37,700 INFO:Total games: 16100
2024-06-17 03:15:58,206 INFO:Total games: 16110
2024-06-17 03:17:04,953 INFO:Total games: 16120
2024-06-17 03:18:22,332 INFO:Total games: 16130
2024-06-17 03:19:35,068 INFO:Total games: 16140
2024-06-17 03:20:44,896 INFO:Total games: 16150
2024-06-17 03:21:52,210 INFO:Total games: 16160
2024-06-17 03:22:58,352 INFO:Total games: 16170
2024-06-17 03:24:16,784 INFO:Total games: 16180
2024-06-17 03:25:21,445 INFO:Total games: 16190
2024-06-17 03:26:31,840 INFO:Total games: 16200
2024-06-17 03:27:32,397 INFO:Total games: 16210
2024-06-17 03:28:37,788 INFO:Total games: 16220
2024-06-17 03:29:33,523 INFO:Total games: 16230
2024-06-17 03:30:43,348 INFO:Total games: 16240
2024-06-17 03:31:54,788 INFO:Total games: 16250
2024-06-17 03:33:09,418 INFO:Total games: 16260
2024-06-17 03:34:50,274 INFO:Total games: 16270
2024-06-17 03:36:12,321 INFO:Total games: 16280
2024-06-17 03:37:23,518 INFO:Total games: 16290
2024-06-17 03:38:47,467 INFO:Total games: 16300
2024-06-17 03:40:08,034 INFO:Total games: 16310
2024-06-17 03:41:36,352 INFO:Total games: 16320
2024-06-17 03:42:38,514 INFO:Total games: 16330
2024-06-17 03:50:46,778 INFO:Total games: 16340
2024-06-17 03:51:59,264 INFO:Total games: 16350
2024-06-17 03:53:22,207 INFO:Total games: 16360
2024-06-17 03:54:32,725 INFO:Total games: 16370
2024-06-17 03:55:39,427 INFO:Total games: 16380
2024-06-17 03:56:57,071 INFO:Total games: 16390
2024-06-17 03:58:15,505 INFO:Total games: 16400
2024-06-17 03:59:31,226 INFO:Total games: 16410
2024-06-17 04:00:49,113 INFO:Total games: 16420
2024-06-17 04:01:55,006 INFO:Total games: 16430
2024-06-17 04:03:06,410 INFO:Total games: 16440
2024-06-17 04:04:20,724 INFO:Total games: 16450
2024-06-17 04:05:27,810 INFO:Total games: 16460
2024-06-17 04:06:31,957 INFO:Total games: 16470
2024-06-17 04:07:58,170 INFO:Total games: 16480
2024-06-17 04:08:53,386 INFO:Total games: 16490
2024-06-17 04:10:05,545 INFO:Total games: 16500
2024-06-17 04:11:28,769 INFO:Total games: 16510
2024-06-17 04:12:45,707 INFO:Total games: 16520
2024-06-17 04:14:05,189 INFO:Total games: 16530
2024-06-17 04:15:25,214 INFO:Total games: 16540
2024-06-17 04:16:20,941 INFO:Total games: 16550
2024-06-17 04:17:26,094 INFO:Total games: 16560
2024-06-17 04:18:40,028 INFO:Total games: 16570
2024-06-17 04:20:01,213 INFO:Total games: 16580
2024-06-17 04:21:30,503 INFO:Total games: 16590
2024-06-17 04:22:22,459 INFO:Total games: 16600
2024-06-17 04:23:07,504 INFO:Total games: 16610
2024-06-17 04:24:27,070 INFO:Total games: 16620
2024-06-17 04:25:28,511 INFO:Total games: 16630
2024-06-17 04:26:36,612 INFO:Total games: 16640
2024-06-17 04:27:32,985 INFO:Total games: 16650
2024-06-17 04:28:45,442 INFO:Total games: 16660
2024-06-17 04:29:57,226 INFO:Total games: 16670
2024-06-17 04:30:52,268 INFO:Total games: 16680
2024-06-17 04:32:10,004 INFO:Total games: 16690
2024-06-17 04:33:23,899 INFO:Total games: 16700
2024-06-17 04:34:44,697 INFO:Total games: 16710
2024-06-17 04:35:54,049 INFO:Total games: 16720
2024-06-17 04:37:07,697 INFO:Total games: 16730
2024-06-17 04:38:12,661 INFO:Total games: 16740
2024-06-17 04:39:30,079 INFO:Total games: 16750
2024-06-17 04:40:53,291 INFO:Total games: 16760
2024-06-17 04:42:19,762 INFO:Total games: 16770
2024-06-17 04:43:28,443 INFO:Total games: 16780
2024-06-17 04:44:41,632 INFO:Total games: 16790
2024-06-17 04:45:57,382 INFO:Total games: 16800
2024-06-17 04:47:13,915 INFO:Total games: 16810
2024-06-17 04:48:22,167 INFO:Total games: 16820
2024-06-17 04:49:40,471 INFO:Total games: 16830
2024-06-17 04:50:51,007 INFO:Total games: 16840
2024-06-17 04:52:04,704 INFO:Total games: 16850
2024-06-17 04:53:03,955 INFO:Total games: 16860
2024-06-17 04:54:14,580 INFO:Total games: 16870
2024-06-17 04:55:41,595 INFO:Total games: 16880
2024-06-17 04:57:02,000 INFO:Total games: 16890
2024-06-17 04:58:15,127 INFO:Total games: 16900
2024-06-17 04:59:33,428 INFO:Total games: 16910
2024-06-17 05:00:45,092 INFO:Total games: 16920
2024-06-17 05:01:56,089 INFO:Total games: 16930
2024-06-17 05:02:52,104 INFO:Total games: 16940
2024-06-17 05:03:59,618 INFO:Total games: 16950
2024-06-17 05:04:51,338 INFO:Total games: 16960
2024-06-17 05:05:52,745 INFO:Total games: 16970
2024-06-17 05:07:01,163 INFO:Total games: 16980
2024-06-17 05:08:39,075 INFO:Total games: 16990
2024-06-17 05:10:15,745 INFO:Total games: 17000
2024-06-17 05:11:40,562 INFO:Total games: 17010
2024-06-17 05:13:03,951 INFO:Total games: 17020
2024-06-17 05:14:14,169 INFO:Total games: 17030
2024-06-17 05:15:23,231 INFO:Total games: 17040
2024-06-17 05:22:18,647 INFO:Total games: 17050
2024-06-17 05:23:04,778 INFO:Total games: 17060
2024-06-17 05:24:01,140 INFO:Total games: 17070
2024-06-17 05:25:02,699 INFO:Total games: 17080
2024-06-17 05:26:21,068 INFO:Total games: 17090
2024-06-17 05:27:19,696 INFO:Total games: 17100
2024-06-17 05:28:25,052 INFO:Total games: 17110
2024-06-17 05:29:38,983 INFO:Total games: 17120
2024-06-17 05:30:41,708 INFO:Total games: 17130
2024-06-17 05:31:47,558 INFO:Total games: 17140
2024-06-17 05:32:52,364 INFO:Total games: 17150
2024-06-17 05:34:08,955 INFO:Total games: 17160
2024-06-17 05:35:31,674 INFO:Total games: 17170
2024-06-17 05:36:47,240 INFO:Total games: 17180
2024-06-17 05:37:57,091 INFO:Total games: 17190
2024-06-17 05:39:26,643 INFO:Total games: 17200
2024-06-17 05:40:30,917 INFO:Total games: 17210
2024-06-17 05:41:53,269 INFO:Total games: 17220
2024-06-17 05:42:51,567 INFO:Total games: 17230
2024-06-17 05:44:07,856 INFO:Total games: 17240
2024-06-17 05:45:05,215 INFO:Total games: 17250
2024-06-17 05:45:59,288 INFO:Total games: 17260
2024-06-17 05:46:55,678 INFO:Total games: 17270
2024-06-17 05:48:02,259 INFO:Total games: 17280
2024-06-17 05:49:02,263 INFO:Total games: 17290
2024-06-17 05:50:15,910 INFO:Total games: 17300
2024-06-17 05:51:30,036 INFO:Total games: 17310
2024-06-17 05:52:45,876 INFO:Total games: 17320
2024-06-17 05:54:04,068 INFO:Total games: 17330
2024-06-17 05:55:24,289 INFO:Total games: 17340
2024-06-17 05:56:37,376 INFO:Total games: 17350
2024-06-17 05:57:57,301 INFO:Total games: 17360
2024-06-17 05:59:04,388 INFO:Total games: 17370
2024-06-17 06:00:15,498 INFO:Total games: 17380
2024-06-17 06:01:11,198 INFO:Total games: 17390
2024-06-17 06:02:13,060 INFO:Total games: 17400
2024-06-17 06:03:09,779 INFO:Total games: 17410
2024-06-17 06:04:22,691 INFO:Total games: 17420
2024-06-17 06:05:41,239 INFO:Total games: 17430
2024-06-17 06:06:55,513 INFO:Total games: 17440
2024-06-17 06:07:52,261 INFO:Total games: 17450
2024-06-17 06:09:00,869 INFO:Total games: 17460
2024-06-17 06:10:03,783 INFO:Total games: 17470
2024-06-17 06:11:10,136 INFO:Total games: 17480
2024-06-17 06:12:27,633 INFO:Total games: 17490
2024-06-17 06:13:26,948 INFO:Total games: 17500
2024-06-17 06:14:45,568 INFO:Total games: 17510
2024-06-17 06:16:10,082 INFO:Total games: 17520
2024-06-17 06:17:34,073 INFO:Total games: 17530
2024-06-17 06:18:55,860 INFO:Total games: 17540
2024-06-17 06:19:55,980 INFO:Total games: 17550
2024-06-17 06:21:09,080 INFO:Total games: 17560
2024-06-17 06:22:17,049 INFO:Total games: 17570
2024-06-17 06:23:29,139 INFO:Total games: 17580
2024-06-17 06:24:42,633 INFO:Total games: 17590
2024-06-17 06:25:55,527 INFO:Total games: 17600
2024-06-17 06:27:22,371 INFO:Total games: 17610
2024-06-17 06:28:30,184 INFO:Total games: 17620
2024-06-17 06:29:23,205 INFO:Total games: 17630
2024-06-17 06:30:25,101 INFO:Total games: 17640
2024-06-17 06:31:48,868 INFO:Total games: 17650
2024-06-17 06:32:59,097 INFO:Total games: 17660
2024-06-17 06:34:13,052 INFO:Total games: 17670
2024-06-17 06:35:27,224 INFO:Total games: 17680
2024-06-17 06:36:39,661 INFO:Total games: 17690
2024-06-17 06:37:46,114 INFO:Total games: 17700
2024-06-17 06:39:01,776 INFO:Total games: 17710
2024-06-17 06:40:24,722 INFO:Total games: 17720
2024-06-17 06:41:35,195 INFO:Total games: 17730
2024-06-17 06:43:12,400 INFO:Total games: 17740
2024-06-17 06:44:54,491 INFO:Total games: 17750
2024-06-17 06:46:03,164 INFO:Total games: 17760
2024-06-17 06:47:29,660 INFO:Total games: 17770
2024-06-17 06:55:17,330 INFO:Total games: 17780
2024-06-17 06:56:32,922 INFO:Total games: 17790
2024-06-17 06:57:39,010 INFO:Total games: 17800
2024-06-17 06:58:49,915 INFO:Total games: 17810
2024-06-17 07:00:02,331 INFO:Total games: 17820
2024-06-17 07:01:12,380 INFO:Total games: 17830
2024-06-17 07:02:20,523 INFO:Total games: 17840
2024-06-17 07:03:25,253 INFO:Total games: 17850
2024-06-17 07:04:35,240 INFO:Total games: 17860
2024-06-17 07:05:50,572 INFO:Total games: 17870
2024-06-17 07:06:58,664 INFO:Total games: 17880
2024-06-17 07:07:57,586 INFO:Total games: 17890
2024-06-17 07:09:01,561 INFO:Total games: 17900
2024-06-17 07:10:23,106 INFO:Total games: 17910
2024-06-17 07:11:42,276 INFO:Total games: 17920
2024-06-17 07:12:53,471 INFO:Total games: 17930
2024-06-17 07:14:04,677 INFO:Total games: 17940
2024-06-17 07:15:22,494 INFO:Total games: 17950
2024-06-17 07:16:32,270 INFO:Total games: 17960
2024-06-17 07:17:34,738 INFO:Total games: 17970
2024-06-17 07:18:54,592 INFO:Total games: 17980
2024-06-17 07:19:52,824 INFO:Total games: 17990
2024-06-17 07:21:07,580 INFO:Total games: 18000
2024-06-17 07:22:18,542 INFO:Total games: 18010
2024-06-17 07:23:28,535 INFO:Total games: 18020
2024-06-17 07:24:46,734 INFO:Total games: 18030
2024-06-17 07:25:49,066 INFO:Total games: 18040
2024-06-17 07:27:03,643 INFO:Total games: 18050
2024-06-17 07:28:05,656 INFO:Total games: 18060
2024-06-17 07:29:00,671 INFO:Total games: 18070
2024-06-17 07:30:32,622 INFO:Total games: 18080
2024-06-17 07:31:48,487 INFO:Total games: 18090
2024-06-17 07:32:56,192 INFO:Total games: 18100
2024-06-17 07:34:20,940 INFO:Total games: 18110
2024-06-17 07:35:36,681 INFO:Total games: 18120
2024-06-17 07:36:30,390 INFO:Total games: 18130
2024-06-17 07:37:46,341 INFO:Total games: 18140
2024-06-17 07:39:11,859 INFO:Total games: 18150
2024-06-17 07:40:17,052 INFO:Total games: 18160
2024-06-17 07:41:16,668 INFO:Total games: 18170
2024-06-17 07:42:44,177 INFO:Total games: 18180
2024-06-17 07:43:44,278 INFO:Total games: 18190
2024-06-17 07:44:51,755 INFO:Total games: 18200
2024-06-17 07:45:51,598 INFO:Total games: 18210
2024-06-17 07:46:46,721 INFO:Total games: 18220
2024-06-17 07:47:41,148 INFO:Total games: 18230
2024-06-17 07:48:55,075 INFO:Total games: 18240
2024-06-17 07:50:02,899 INFO:Total games: 18250
2024-06-17 07:50:57,623 INFO:Total games: 18260
2024-06-17 07:52:10,664 INFO:Total games: 18270
2024-06-17 07:53:02,261 INFO:Total games: 18280
2024-06-17 07:54:02,668 INFO:Total games: 18290
2024-06-17 07:55:19,715 INFO:Total games: 18300
2024-06-17 07:56:27,563 INFO:Total games: 18310
2024-06-17 07:57:45,373 INFO:Total games: 18320
2024-06-17 07:58:57,888 INFO:Total games: 18330
2024-06-17 07:59:54,351 INFO:Total games: 18340
2024-06-17 08:01:10,064 INFO:Total games: 18350
2024-06-17 08:02:03,607 INFO:Total games: 18360
2024-06-17 08:02:56,224 INFO:Total games: 18370
2024-06-17 08:04:17,886 INFO:Total games: 18380
2024-06-17 08:05:29,396 INFO:Total games: 18390
2024-06-17 08:06:35,152 INFO:Total games: 18400
2024-06-17 08:07:43,105 INFO:Total games: 18410
2024-06-17 08:08:59,521 INFO:Total games: 18420
2024-06-17 08:10:05,457 INFO:Total games: 18430
2024-06-17 08:11:19,222 INFO:Total games: 18440
2024-06-17 08:12:23,660 INFO:Total games: 18450
2024-06-17 08:13:38,768 INFO:Total games: 18460
2024-06-17 08:15:06,032 INFO:Total games: 18470
2024-06-17 08:16:40,780 INFO:Total games: 18480
2024-06-17 08:18:17,011 INFO:Total games: 18490
2024-06-17 08:27:04,513 INFO:Total games: 18500
2024-06-17 08:28:26,016 INFO:Total games: 18510
2024-06-17 08:29:31,195 INFO:Total games: 18520
2024-06-17 08:30:45,096 INFO:Total games: 18530
2024-06-17 08:31:52,494 INFO:Total games: 18540
2024-06-17 08:32:52,191 INFO:Total games: 18550
2024-06-17 08:34:05,033 INFO:Total games: 18560
2024-06-17 08:35:04,736 INFO:Total games: 18570
2024-06-17 08:36:01,754 INFO:Total games: 18580
2024-06-17 08:37:05,153 INFO:Total games: 18590
2024-06-17 08:38:12,796 INFO:Total games: 18600
2024-06-17 08:39:12,294 INFO:Total games: 18610
2024-06-17 08:40:10,880 INFO:Total games: 18620
2024-06-17 08:41:20,268 INFO:Total games: 18630
2024-06-17 08:42:41,662 INFO:Total games: 18640
2024-06-17 08:43:51,464 INFO:Total games: 18650
2024-06-17 08:44:53,733 INFO:Total games: 18660
2024-06-17 08:46:01,224 INFO:Total games: 18670
2024-06-17 08:47:15,520 INFO:Total games: 18680
2024-06-17 08:48:29,365 INFO:Total games: 18690
2024-06-17 08:49:43,025 INFO:Total games: 18700
2024-06-17 08:50:34,406 INFO:Total games: 18710
2024-06-17 08:51:36,026 INFO:Total games: 18720
2024-06-17 08:52:44,043 INFO:Total games: 18730
2024-06-17 08:53:49,014 INFO:Total games: 18740
2024-06-17 08:54:58,510 INFO:Total games: 18750
2024-06-17 08:56:11,606 INFO:Total games: 18760
2024-06-17 08:57:22,358 INFO:Total games: 18770
2024-06-17 08:58:45,233 INFO:Total games: 18780
2024-06-17 08:59:59,758 INFO:Total games: 18790
2024-06-17 09:01:08,049 INFO:Total games: 18800
2024-06-17 09:02:14,023 INFO:Total games: 18810
2024-06-17 09:03:20,153 INFO:Total games: 18820
2024-06-17 09:04:32,442 INFO:Total games: 18830
2024-06-17 09:05:35,466 INFO:Total games: 18840
2024-06-17 09:06:46,819 INFO:Total games: 18850
2024-06-17 09:07:47,613 INFO:Total games: 18860
2024-06-17 09:08:49,835 INFO:Total games: 18870
2024-06-17 09:10:04,284 INFO:Total games: 18880
2024-06-17 09:11:17,118 INFO:Total games: 18890
2024-06-17 09:12:02,559 INFO:Total games: 18900
2024-06-17 09:13:18,459 INFO:Total games: 18910
2024-06-17 09:14:25,514 INFO:Total games: 18920
2024-06-17 09:15:26,382 INFO:Total games: 18930
2024-06-17 09:16:42,599 INFO:Total games: 18940
2024-06-17 09:17:44,400 INFO:Total games: 18950
2024-06-17 09:19:00,423 INFO:Total games: 18960
2024-06-17 09:20:25,874 INFO:Total games: 18970
2024-06-17 09:21:34,854 INFO:Total games: 18980
2024-06-17 09:22:46,578 INFO:Total games: 18990
2024-06-17 09:23:52,967 INFO:Total games: 19000
2024-06-17 09:25:06,357 INFO:Total games: 19010
2024-06-17 09:26:18,870 INFO:Total games: 19020
2024-06-17 09:27:24,358 INFO:Total games: 19030
2024-06-17 09:28:25,137 INFO:Total games: 19040
2024-06-17 09:29:42,084 INFO:Total games: 19050
2024-06-17 09:30:48,530 INFO:Total games: 19060
2024-06-17 09:31:57,485 INFO:Total games: 19070
2024-06-17 09:33:04,723 INFO:Total games: 19080
2024-06-17 09:34:16,258 INFO:Total games: 19090
2024-06-17 09:35:25,277 INFO:Total games: 19100
2024-06-17 09:36:33,948 INFO:Total games: 19110
2024-06-17 09:37:31,172 INFO:Total games: 19120
2024-06-17 09:38:17,472 INFO:Total games: 19130
2024-06-17 09:39:28,505 INFO:Total games: 19140
2024-06-17 09:40:39,631 INFO:Total games: 19150
2024-06-17 09:41:59,833 INFO:Total games: 19160
2024-06-17 09:43:13,051 INFO:Total games: 19170
2024-06-17 09:44:40,562 INFO:Total games: 19180
2024-06-17 09:45:57,332 INFO:Total games: 19190
2024-06-17 09:47:32,133 INFO:Total games: 19200
2024-06-17 09:49:05,029 INFO:Total games: 19210
2024-06-17 09:50:27,437 INFO:Total games: 19220
2024-06-17 09:51:35,772 INFO:Total games: 19230
2024-06-17 09:51:35,772 INFO:FULL
2024-06-17 09:53:35,773 INFO:FULL
2024-06-17 09:55:35,785 INFO:FULL
2024-06-17 09:58:40,306 INFO:Total games: 19240
2024-06-17 09:59:40,206 INFO:Total games: 19250
2024-06-17 10:00:45,254 INFO:Total games: 19260
2024-06-17 10:02:00,087 INFO:Total games: 19270
2024-06-17 10:03:14,139 INFO:Total games: 19280
2024-06-17 10:04:19,569 INFO:Total games: 19290
2024-06-17 10:05:35,342 INFO:Total games: 19300
2024-06-17 10:06:47,591 INFO:Total games: 19310
2024-06-17 10:07:38,159 INFO:Total games: 19320
2024-06-17 10:08:37,989 INFO:Total games: 19330
2024-06-17 10:09:43,777 INFO:Total games: 19340
2024-06-17 10:10:51,943 INFO:Total games: 19350
2024-06-17 10:11:51,390 INFO:Total games: 19360
2024-06-17 10:13:27,579 INFO:Total games: 19370
2024-06-17 10:14:23,476 INFO:Total games: 19380
2024-06-17 10:15:23,573 INFO:Total games: 19390
2024-06-17 10:16:27,579 INFO:Total games: 19400
2024-06-17 10:17:40,340 INFO:Total games: 19410
2024-06-17 10:18:46,830 INFO:Total games: 19420
2024-06-17 10:20:03,030 INFO:Total games: 19430
2024-06-17 10:21:11,249 INFO:Total games: 19440
2024-06-17 10:22:35,783 INFO:Total games: 19450
2024-06-17 10:23:41,584 INFO:Total games: 19460
2024-06-17 10:24:31,896 INFO:Total games: 19470
2024-06-17 10:25:38,322 INFO:Total games: 19480
2024-06-17 10:26:34,136 INFO:Total games: 19490
2024-06-17 10:27:35,027 INFO:Total games: 19500
2024-06-17 10:29:05,072 INFO:Total games: 19510
2024-06-17 10:30:09,292 INFO:Total games: 19520
2024-06-17 10:31:23,916 INFO:Total games: 19530
2024-06-17 10:32:27,639 INFO:Total games: 19540
2024-06-17 10:33:40,955 INFO:Total games: 19550
2024-06-17 10:35:09,557 INFO:Total games: 19560
2024-06-17 10:36:23,824 INFO:Total games: 19570
2024-06-17 10:37:26,901 INFO:Total games: 19580
2024-06-17 10:38:20,852 INFO:Total games: 19590
2024-06-17 10:39:36,805 INFO:Total games: 19600
2024-06-17 10:40:52,943 INFO:Total games: 19610
2024-06-17 10:42:03,455 INFO:Total games: 19620
2024-06-17 10:42:51,433 INFO:Total games: 19630
2024-06-17 10:44:21,775 INFO:Total games: 19640
2024-06-17 10:45:48,857 INFO:Total games: 19650
2024-06-17 10:47:00,268 INFO:Total games: 19660
2024-06-17 10:48:25,378 INFO:Total games: 19670
2024-06-17 10:49:34,967 INFO:Total games: 19680
2024-06-17 10:50:48,917 INFO:Total games: 19690
2024-06-17 10:52:09,431 INFO:Total games: 19700
2024-06-17 10:53:10,039 INFO:Total games: 19710
2024-06-17 10:54:25,610 INFO:Total games: 19720
2024-06-17 10:55:38,460 INFO:Total games: 19730
2024-06-17 10:56:45,224 INFO:Total games: 19740
2024-06-17 10:58:08,232 INFO:Total games: 19750
2024-06-17 10:59:09,859 INFO:Total games: 19760
2024-06-17 11:00:34,150 INFO:Total games: 19770
2024-06-17 11:01:53,864 INFO:Total games: 19780
2024-06-17 11:03:23,349 INFO:Total games: 19790
2024-06-17 11:04:36,679 INFO:Total games: 19800
2024-06-17 11:06:00,504 INFO:Total games: 19810
2024-06-17 11:07:31,177 INFO:Total games: 19820
2024-06-17 11:08:45,786 INFO:Total games: 19830
2024-06-17 11:09:59,013 INFO:Total games: 19840
2024-06-17 11:11:07,818 INFO:Total games: 19850
2024-06-17 11:12:21,118 INFO:Total games: 19860
2024-06-17 11:13:40,605 INFO:Total games: 19870
2024-06-17 11:14:57,638 INFO:Total games: 19880
2024-06-17 11:15:55,100 INFO:Total games: 19890
2024-06-17 11:17:12,352 INFO:Total games: 19900
2024-06-17 11:18:30,921 INFO:Total games: 19910
2024-06-17 11:19:55,559 INFO:Total games: 19920
2024-06-17 11:21:34,125 INFO:Total games: 19930
2024-06-17 11:22:45,188 INFO:Total games: 19940
2024-06-17 11:24:09,847 INFO:Total games: 19950
2024-06-17 11:32:11,761 INFO:Total games: 19960
2024-06-17 11:33:14,793 INFO:Total games: 19970
2024-06-17 11:34:01,853 INFO:Total games: 19980
2024-06-17 11:35:04,817 INFO:Total games: 19990
2024-06-17 11:36:13,526 INFO:Total games: 20000
2024-06-17 11:37:14,639 INFO:Total games: 20010
2024-06-17 11:38:28,080 INFO:Total games: 20020
2024-06-17 11:39:39,526 INFO:Total games: 20030
2024-06-17 11:40:46,556 INFO:Total games: 20040
2024-06-17 11:41:42,576 INFO:Total games: 20050
2024-06-17 11:42:46,627 INFO:Total games: 20060
2024-06-17 11:43:55,888 INFO:Total games: 20070
2024-06-17 11:45:36,813 INFO:Total games: 20080
2024-06-17 11:46:39,527 INFO:Total games: 20090
2024-06-17 11:47:44,728 INFO:Total games: 20100
2024-06-17 11:48:49,266 INFO:Total games: 20110
2024-06-17 11:49:58,631 INFO:Total games: 20120
2024-06-17 11:51:20,995 INFO:Total games: 20130
2024-06-17 11:52:39,424 INFO:Total games: 20140
2024-06-17 11:53:50,011 INFO:Total games: 20150
2024-06-17 11:55:06,893 INFO:Total games: 20160
2024-06-17 11:56:06,861 INFO:Total games: 20170
2024-06-17 11:57:27,436 INFO:Total games: 20180
2024-06-17 11:58:47,419 INFO:Total games: 20190
2024-06-17 11:59:56,711 INFO:Total games: 20200
2024-06-17 12:01:15,275 INFO:Total games: 20210
2024-06-17 12:02:15,967 INFO:Total games: 20220
2024-06-17 12:03:38,382 INFO:Total games: 20230
2024-06-17 12:04:58,947 INFO:Total games: 20240
2024-06-17 12:06:04,681 INFO:Total games: 20250
2024-06-17 12:07:05,849 INFO:Total games: 20260
2024-06-17 12:07:57,245 INFO:Total games: 20270
2024-06-17 12:08:57,183 INFO:Total games: 20280
2024-06-17 12:10:21,835 INFO:Total games: 20290
2024-06-17 12:11:29,292 INFO:Total games: 20300
2024-06-17 12:12:38,270 INFO:Total games: 20310
2024-06-17 12:13:57,206 INFO:Total games: 20320
2024-06-17 12:14:54,743 INFO:Total games: 20330
2024-06-17 12:16:00,170 INFO:Total games: 20340
2024-06-17 12:17:19,248 INFO:Total games: 20350
2024-06-17 12:18:22,766 INFO:Total games: 20360
2024-06-17 12:19:31,763 INFO:Total games: 20370
2024-06-17 12:21:04,673 INFO:Total games: 20380
2024-06-17 12:22:30,232 INFO:Total games: 20390
2024-06-17 12:23:51,466 INFO:Total games: 20400
2024-06-17 12:24:47,514 INFO:Total games: 20410
2024-06-17 12:25:46,251 INFO:Total games: 20420
2024-06-17 12:26:58,888 INFO:Total games: 20430
2024-06-17 12:28:20,578 INFO:Total games: 20440
2024-06-17 12:29:43,193 INFO:Total games: 20450
2024-06-17 12:30:45,035 INFO:Total games: 20460
2024-06-17 12:31:57,668 INFO:Total games: 20470
2024-06-17 12:33:16,190 INFO:Total games: 20480
2024-06-17 12:36:19,477 INFO:Total games: 20490
2024-06-17 12:37:36,959 INFO:Total games: 20500
2024-06-17 12:38:53,141 INFO:Total games: 20510
2024-06-17 12:39:44,988 INFO:Total games: 20520
2024-06-17 12:40:50,104 INFO:Total games: 20530
2024-06-17 12:42:06,919 INFO:Total games: 20540
2024-06-17 12:43:22,950 INFO:Total games: 20550
2024-06-17 12:44:35,703 INFO:Total games: 20560
2024-06-17 12:45:55,939 INFO:Total games: 20570
2024-06-17 12:47:22,770 INFO:Total games: 20580
2024-06-17 12:48:32,466 INFO:Total games: 20590
2024-06-17 12:49:51,383 INFO:Total games: 20600
2024-06-17 12:51:02,180 INFO:Total games: 20610
2024-06-17 12:52:53,131 INFO:Total games: 20620
2024-06-17 12:54:04,215 INFO:Total games: 20630
2024-06-17 12:55:30,150 INFO:Total games: 20640
2024-06-17 12:57:06,473 INFO:Total games: 20650
2024-06-17 12:58:29,938 INFO:Total games: 20660
2024-06-17 13:06:36,994 INFO:Total games: 20670
2024-06-17 13:07:39,555 INFO:Total games: 20680
2024-06-17 13:08:45,039 INFO:Total games: 20690
2024-06-17 13:10:01,041 INFO:Total games: 20700
2024-06-17 13:11:13,434 INFO:Total games: 20710
2024-06-17 13:12:27,241 INFO:Total games: 20720
2024-06-17 13:13:33,427 INFO:Total games: 20730
2024-06-17 13:14:48,920 INFO:Total games: 20740
2024-06-17 13:16:03,297 INFO:Total games: 20750
2024-06-17 13:17:09,618 INFO:Total games: 20760
2024-06-17 13:18:06,197 INFO:Total games: 20770
2024-06-17 13:19:32,427 INFO:Total games: 20780
2024-06-17 13:21:01,192 INFO:Total games: 20790
2024-06-17 13:22:14,470 INFO:Total games: 20800
2024-06-17 13:23:33,406 INFO:Total games: 20810
2024-06-17 13:24:52,086 INFO:Total games: 20820
2024-06-17 13:25:48,923 INFO:Total games: 20830
2024-06-17 13:26:58,638 INFO:Total games: 20840
2024-06-17 13:28:06,568 INFO:Total games: 20850
2024-06-17 13:29:09,505 INFO:Total games: 20860
2024-06-17 13:29:44,616 INFO:Ending
2024-06-17 13:29:44,617 INFO:Duration: 2 days, 13 hours, 42 minutes, 5 seconds
2024-06-17 13:31:38,297 INFO:Starting
2024-06-17 13:32:38,070 INFO:Total games: 10
2024-06-17 13:33:39,724 INFO:Total games: 20
2024-06-17 13:34:38,141 INFO:Total games: 30
2024-06-17 13:35:50,904 INFO:Total games: 40
2024-06-17 13:37:06,709 INFO:Total games: 50
2024-06-17 13:37:20,461 INFO:Ending
2024-06-17 13:37:20,461 INFO:Duration: 0 days, 0 hours, 5 minutes, 42 seconds
2024-06-17 13:38:21,756 INFO:Starting
2024-06-17 13:39:45,118 INFO:Total games: 10
2024-06-17 13:40:56,013 INFO:Total games: 20
2024-06-17 13:41:47,732 INFO:Total games: 30
2024-06-17 13:43:08,566 INFO:Total games: 40
2024-06-17 13:44:29,577 INFO:Total games: 50
2024-06-17 13:45:36,337 INFO:Total games: 60
2024-06-17 13:46:56,449 INFO:Total games: 70
2024-06-17 13:55:39,767 INFO:Total games: 80
2024-06-17 13:56:58,324 INFO:Total games: 90
2024-06-17 13:58:05,547 INFO:Total games: 100
2024-06-17 13:59:29,906 INFO:Total games: 110
2024-06-17 14:00:43,191 INFO:Total games: 120
2024-06-17 14:01:59,306 INFO:Total games: 130
2024-06-17 14:03:17,466 INFO:Total games: 140
2024-06-17 14:04:37,187 INFO:Total games: 150
2024-06-17 14:05:55,595 INFO:Total games: 160
2024-06-17 14:06:42,934 INFO:Total games: 170
2024-06-17 14:07:59,796 INFO:Total games: 180
2024-06-17 14:09:09,825 INFO:Total games: 190
2024-06-17 14:10:18,754 INFO:Total games: 200
2024-06-17 14:11:27,643 INFO:Total games: 210
2024-06-17 14:12:42,278 INFO:Total games: 220
2024-06-17 14:13:45,551 INFO:Total games: 230
2024-06-17 14:14:58,139 INFO:Total games: 240
2024-06-17 14:16:06,672 INFO:Total games: 250
2024-06-17 14:17:34,424 INFO:Total games: 260
2024-06-17 14:18:49,591 INFO:Total games: 270
2024-06-17 14:20:00,998 INFO:Total games: 280
2024-06-17 14:21:01,023 INFO:Total games: 290
2024-06-17 14:22:16,824 INFO:Total games: 300
2024-06-17 14:23:31,438 INFO:Total games: 310
2024-06-17 14:24:24,950 INFO:Total games: 320
2024-06-17 14:25:37,089 INFO:Total games: 330
2024-06-17 14:26:47,706 INFO:Total games: 340
2024-06-17 14:27:55,840 INFO:Total games: 350
2024-06-17 14:29:07,405 INFO:Total games: 360
2024-06-17 14:30:24,110 INFO:Total games: 370
2024-06-17 14:31:30,710 INFO:Total games: 380
2024-06-17 14:32:31,117 INFO:Total games: 390
2024-06-17 14:33:20,837 INFO:Total games: 400
2024-06-17 14:34:32,644 INFO:Total games: 410
2024-06-17 14:35:41,850 INFO:Total games: 420
2024-06-17 14:36:57,350 INFO:Total games: 430
2024-06-17 14:38:06,059 INFO:Total games: 440
2024-06-17 14:39:32,966 INFO:Total games: 450
2024-06-17 14:40:46,136 INFO:Total games: 460
2024-06-17 14:42:08,044 INFO:Total games: 470
2024-06-17 14:43:14,696 INFO:Total games: 480
2024-06-17 14:44:51,623 INFO:Total games: 490
2024-06-17 14:46:17,379 INFO:Total games: 500
2024-06-17 14:47:31,955 INFO:Total games: 510
2024-06-17 14:48:46,632 INFO:Total games: 520
2024-06-17 14:49:50,234 INFO:Total games: 530
2024-06-17 14:51:14,600 INFO:Total games: 540
2024-06-17 14:52:37,512 INFO:Total games: 550
2024-06-17 14:53:57,249 INFO:Total games: 560
2024-06-17 14:55:12,069 INFO:Total games: 570
2024-06-17 14:56:53,338 INFO:Total games: 580
2024-06-17 14:58:10,441 INFO:Total games: 590
2024-06-17 15:06:59,140 INFO:Total games: 600
2024-06-17 15:07:54,198 INFO:Total games: 610
2024-06-17 15:08:49,742 INFO:Total games: 620
2024-06-17 15:09:47,742 INFO:Total games: 630
2024-06-17 15:10:42,499 INFO:Total games: 640
2024-06-17 15:11:46,838 INFO:Total games: 650
2024-06-17 15:12:51,304 INFO:Total games: 660
2024-06-17 15:13:54,943 INFO:Total games: 670
2024-06-17 15:15:03,269 INFO:Total games: 680
2024-06-17 15:16:17,961 INFO:Total games: 690
2024-06-17 15:17:27,301 INFO:Total games: 700
2024-06-17 15:18:37,370 INFO:Total games: 710
2024-06-17 15:19:44,167 INFO:Total games: 720
2024-06-17 15:20:56,113 INFO:Total games: 730
2024-06-17 15:22:06,029 INFO:Total games: 740
2024-06-17 15:22:45,291 INFO:Total games: 750
2024-06-17 15:23:35,031 INFO:Total games: 760
2024-06-17 15:24:36,860 INFO:Total games: 770
2024-06-17 15:25:48,817 INFO:Total games: 780
2024-06-17 15:27:02,618 INFO:Total games: 790
2024-06-17 15:28:10,911 INFO:Total games: 800
2024-06-17 15:29:13,186 INFO:Total games: 810
2024-06-17 15:30:22,763 INFO:Total games: 820
2024-06-17 15:31:21,139 INFO:Total games: 830
2024-06-17 15:33:06,192 INFO:Total games: 840
2024-06-17 15:34:03,222 INFO:Total games: 850
2024-06-17 15:35:14,657 INFO:Total games: 860
2024-06-17 15:36:32,630 INFO:Total games: 870
2024-06-17 15:37:47,017 INFO:Total games: 880
2024-06-17 15:39:07,012 INFO:Total games: 890
2024-06-17 15:40:26,006 INFO:Total games: 900
2024-06-17 15:41:28,825 INFO:Total games: 910
2024-06-17 15:42:42,317 INFO:Total games: 920
2024-06-17 15:43:58,734 INFO:Total games: 930
2024-06-17 15:45:12,219 INFO:Total games: 940
2024-06-17 15:46:13,664 INFO:Total games: 950
2024-06-17 15:47:23,025 INFO:Total games: 960
2024-06-17 15:48:29,519 INFO:Total games: 970
2024-06-17 15:49:33,766 INFO:Total games: 980
2024-06-17 15:50:54,051 INFO:Total games: 990
2024-06-17 15:51:54,657 INFO:Total games: 1000
2024-06-17 15:53:08,805 INFO:Total games: 1010
2024-06-17 15:53:59,742 INFO:Total games: 1020
2024-06-17 15:54:55,712 INFO:Total games: 1030
2024-06-17 15:56:02,502 INFO:Total games: 1040
2024-06-17 15:57:05,613 INFO:Total games: 1050
2024-06-17 15:58:24,580 INFO:Total games: 1060
2024-06-17 15:59:37,148 INFO:Total games: 1070
2024-06-17 16:00:51,708 INFO:Total games: 1080
2024-06-17 16:01:48,985 INFO:Total games: 1090
2024-06-17 16:03:08,839 INFO:Total games: 1100
2024-06-17 16:04:27,655 INFO:Total games: 1110
2024-06-17 16:05:33,764 INFO:Total games: 1120
2024-06-17 16:06:23,547 INFO:Total games: 1130
2024-06-17 16:07:39,603 INFO:Total games: 1140
2024-06-17 16:08:57,568 INFO:Total games: 1150
2024-06-17 16:09:56,684 INFO:Total games: 1160
2024-06-17 16:11:08,646 INFO:Total games: 1170
2024-06-17 16:12:30,664 INFO:Total games: 1180
2024-06-17 16:13:47,212 INFO:Total games: 1190
2024-06-17 16:14:38,798 INFO:Total games: 1200
2024-06-17 16:15:36,696 INFO:Total games: 1210
2024-06-17 16:16:49,043 INFO:Total games: 1220
2024-06-17 16:17:43,201 INFO:Total games: 1230
2024-06-17 16:18:47,579 INFO:Total games: 1240
2024-06-17 16:19:54,884 INFO:Total games: 1250
2024-06-17 16:20:51,882 INFO:Total games: 1260
2024-06-17 16:22:02,932 INFO:Total games: 1270
2024-06-17 16:23:08,494 INFO:Total games: 1280
2024-06-17 16:24:10,289 INFO:Total games: 1290
2024-06-17 16:25:22,699 INFO:Total games: 1300
2024-06-17 16:26:46,736 INFO:Total games: 1310
2024-06-17 16:28:06,314 INFO:Total games: 1320
2024-06-17 16:29:22,972 INFO:Total games: 1330
2024-06-17 16:30:38,857 INFO:Total games: 1340
2024-06-17 16:31:51,755 INFO:Total games: 1350
2024-06-17 16:41:16,086 INFO:Total games: 1360
2024-06-17 16:42:24,536 INFO:Total games: 1370
2024-06-17 16:43:32,287 INFO:Total games: 1380
2024-06-17 16:44:32,370 INFO:Total games: 1390
2024-06-17 16:45:35,810 INFO:Total games: 1400
2024-06-17 16:46:53,827 INFO:Total games: 1410
2024-06-17 16:48:11,411 INFO:Total games: 1420
2024-06-17 16:49:22,855 INFO:Total games: 1430
2024-06-17 16:50:37,383 INFO:Total games: 1440
2024-06-17 16:51:28,173 INFO:Total games: 1450
2024-06-17 16:52:37,738 INFO:Total games: 1460
2024-06-17 16:53:52,568 INFO:Total games: 1470
2024-06-17 16:54:49,020 INFO:Total games: 1480
2024-06-17 16:56:14,899 INFO:Total games: 1490
2024-06-17 16:57:15,305 INFO:Total games: 1500
2024-06-17 16:58:19,551 INFO:Total games: 1510
2024-06-17 16:59:33,281 INFO:Total games: 1520
2024-06-17 17:00:45,386 INFO:Total games: 1530
2024-06-17 17:01:55,432 INFO:Total games: 1540
2024-06-17 17:03:09,002 INFO:Total games: 1550
2024-06-17 17:04:19,732 INFO:Total games: 1560
2024-06-17 17:05:38,130 INFO:Total games: 1570
2024-06-17 17:06:51,594 INFO:Total games: 1580
2024-06-17 17:08:02,017 INFO:Total games: 1590
2024-06-17 17:09:07,794 INFO:Total games: 1600
2024-06-17 17:10:11,464 INFO:Total games: 1610
2024-06-17 17:11:16,080 INFO:Total games: 1620
2024-06-17 17:12:36,589 INFO:Total games: 1630
2024-06-17 17:13:40,981 INFO:Total games: 1640
2024-06-17 17:14:57,622 INFO:Total games: 1650
2024-06-17 17:15:59,048 INFO:Total games: 1660
2024-06-17 17:17:06,527 INFO:Total games: 1670
2024-06-17 17:18:11,120 INFO:Total games: 1680
2024-06-17 17:19:32,634 INFO:Total games: 1690
2024-06-17 17:20:41,142 INFO:Total games: 1700
2024-06-17 17:22:03,926 INFO:Total games: 1710
2024-06-17 17:23:22,610 INFO:Total games: 1720
2024-06-17 17:24:28,140 INFO:Total games: 1730
2024-06-17 17:25:39,071 INFO:Total games: 1740
2024-06-17 17:26:44,860 INFO:Total games: 1750
2024-06-17 17:27:58,354 INFO:Total games: 1760
2024-06-17 17:29:02,377 INFO:Total games: 1770
2024-06-17 17:30:09,900 INFO:Total games: 1780
2024-06-17 17:31:25,125 INFO:Total games: 1790
2024-06-17 17:32:41,541 INFO:Total games: 1800
2024-06-17 17:33:47,663 INFO:Total games: 1810
2024-06-17 17:35:08,050 INFO:Total games: 1820
2024-06-17 17:36:15,295 INFO:Total games: 1830
2024-06-17 17:37:10,246 INFO:Total games: 1840
2024-06-17 17:38:18,281 INFO:Total games: 1850
2024-06-17 17:39:31,315 INFO:Total games: 1860
2024-06-17 17:40:44,459 INFO:Total games: 1870
2024-06-17 17:41:44,452 INFO:Total games: 1880
2024-06-17 17:42:56,299 INFO:Total games: 1890
2024-06-17 17:43:54,754 INFO:Total games: 1900
2024-06-17 17:44:56,619 INFO:Total games: 1910
2024-06-17 17:46:04,410 INFO:Total games: 1920
2024-06-17 17:47:09,290 INFO:Total games: 1930
2024-06-17 17:48:24,700 INFO:Total games: 1940
2024-06-17 17:49:34,238 INFO:Total games: 1950
2024-06-17 17:50:44,046 INFO:Total games: 1960
2024-06-17 17:51:43,680 INFO:Total games: 1970
2024-06-17 17:53:06,192 INFO:Total games: 1980
2024-06-17 17:54:10,812 INFO:Total games: 1990
2024-06-17 17:55:16,319 INFO:Total games: 2000
2024-06-17 17:56:37,528 INFO:Total games: 2010
2024-06-17 17:57:44,329 INFO:Total games: 2020
2024-06-17 17:59:05,622 INFO:Total games: 2030
2024-06-17 18:00:29,448 INFO:Total games: 2040
2024-06-17 18:01:40,847 INFO:Total games: 2050
2024-06-17 18:03:02,120 INFO:Total games: 2060
2024-06-17 18:04:23,353 INFO:Total games: 2070
2024-06-17 18:05:50,233 INFO:Total games: 2080
2024-06-17 18:07:18,573 INFO:Total games: 2090
2024-06-17 18:15:52,557 INFO:Total games: 2100
2024-06-17 18:16:52,393 INFO:Total games: 2110
2024-06-17 18:18:05,977 INFO:Total games: 2120
2024-06-17 18:19:12,400 INFO:Total games: 2130
2024-06-17 18:20:30,447 INFO:Total games: 2140
2024-06-17 18:21:32,659 INFO:Total games: 2150
2024-06-17 18:22:47,663 INFO:Total games: 2160
2024-06-17 18:23:57,051 INFO:Total games: 2170
2024-06-17 18:25:14,245 INFO:Total games: 2180
2024-06-17 18:26:36,026 INFO:Total games: 2190
2024-06-17 18:27:54,811 INFO:Total games: 2200
2024-06-17 18:29:01,871 INFO:Total games: 2210
2024-06-17 18:30:01,030 INFO:Total games: 2220
2024-06-17 18:31:17,521 INFO:Total games: 2230
2024-06-17 18:32:27,108 INFO:Total games: 2240
2024-06-17 18:33:28,844 INFO:Total games: 2250
2024-06-17 18:34:42,821 INFO:Total games: 2260
2024-06-17 18:35:52,490 INFO:Total games: 2270
2024-06-17 18:36:58,769 INFO:Total games: 2280
2024-06-17 18:38:06,604 INFO:Total games: 2290
2024-06-17 18:39:25,915 INFO:Total games: 2300
2024-06-17 18:40:48,743 INFO:Total games: 2310
2024-06-17 18:42:05,777 INFO:Total games: 2320
2024-06-17 18:43:17,127 INFO:Total games: 2330
2024-06-17 18:44:30,731 INFO:Total games: 2340
2024-06-17 18:45:35,430 INFO:Total games: 2350
2024-06-17 18:46:58,937 INFO:Total games: 2360
2024-06-17 18:47:47,959 INFO:Total games: 2370
2024-06-17 18:48:54,318 INFO:Total games: 2380
2024-06-17 18:50:14,885 INFO:Total games: 2390
2024-06-17 18:51:22,259 INFO:Total games: 2400
2024-06-17 18:52:21,737 INFO:Total games: 2410
2024-06-17 18:53:33,400 INFO:Total games: 2420
2024-06-17 18:54:43,005 INFO:Total games: 2430
2024-06-17 18:56:03,528 INFO:Total games: 2440
2024-06-17 18:57:16,321 INFO:Total games: 2450
2024-06-17 18:58:43,248 INFO:Total games: 2460
2024-06-17 19:00:05,458 INFO:Total games: 2470
2024-06-17 19:01:19,559 INFO:Total games: 2480
2024-06-17 19:02:35,307 INFO:Total games: 2490
2024-06-17 19:04:02,020 INFO:Total games: 2500
2024-06-17 19:05:04,285 INFO:Total games: 2510
2024-06-17 19:06:26,971 INFO:Total games: 2520
2024-06-17 19:07:27,829 INFO:Total games: 2530
2024-06-17 19:08:34,332 INFO:Total games: 2540
2024-06-17 19:09:34,291 INFO:Total games: 2550
2024-06-17 19:10:45,855 INFO:Total games: 2560
2024-06-17 19:12:05,473 INFO:Total games: 2570
2024-06-17 19:13:21,450 INFO:Total games: 2580
2024-06-17 19:14:30,508 INFO:Total games: 2590
2024-06-17 19:15:41,048 INFO:Total games: 2600
2024-06-17 19:16:41,624 INFO:Total games: 2610
2024-06-17 19:17:54,588 INFO:Total games: 2620
2024-06-17 19:19:05,409 INFO:Total games: 2630
2024-06-17 19:20:17,457 INFO:Total games: 2640
2024-06-17 19:21:32,321 INFO:Total games: 2650
2024-06-17 19:23:01,818 INFO:Total games: 2660
2024-06-17 19:24:16,278 INFO:Total games: 2670
2024-06-17 19:25:33,889 INFO:Total games: 2680
2024-06-17 19:27:02,963 INFO:Total games: 2690
2024-06-17 19:28:15,341 INFO:Total games: 2700
2024-06-17 19:29:14,977 INFO:Total games: 2710
2024-06-17 19:30:14,910 INFO:Total games: 2720
2024-06-17 19:31:31,702 INFO:Total games: 2730
2024-06-17 19:32:39,776 INFO:Total games: 2740
2024-06-17 19:33:34,996 INFO:Total games: 2750
2024-06-17 19:35:07,501 INFO:Total games: 2760
2024-06-17 19:36:37,367 INFO:Total games: 2770
2024-06-17 19:38:02,740 INFO:Total games: 2780
2024-06-17 19:39:23,194 INFO:Total games: 2790
2024-06-17 19:40:48,403 INFO:Total games: 2800
2024-06-17 19:42:18,994 INFO:Total games: 2810
2024-06-17 19:43:31,441 INFO:Total games: 2820
2024-06-17 19:43:31,441 INFO:FULL
2024-06-17 19:45:31,445 INFO:FULL
2024-06-17 19:47:31,456 INFO:FULL
2024-06-17 19:49:31,460 INFO:FULL
2024-06-17 19:52:36,020 INFO:Total games: 2830
2024-06-17 19:53:43,864 INFO:Total games: 2840
2024-06-17 19:54:57,027 INFO:Total games: 2850
2024-06-17 19:55:56,402 INFO:Total games: 2860
2024-06-17 19:57:01,698 INFO:Total games: 2870
2024-06-17 19:58:03,899 INFO:Total games: 2880
2024-06-17 19:59:04,984 INFO:Total games: 2890
2024-06-17 20:00:04,183 INFO:Total games: 2900
2024-06-17 20:01:09,057 INFO:Total games: 2910
2024-06-17 20:02:22,299 INFO:Total games: 2920
2024-06-17 20:03:23,577 INFO:Total games: 2930
2024-06-17 20:04:26,947 INFO:Total games: 2940
2024-06-17 20:05:34,744 INFO:Total games: 2950
2024-06-17 20:06:42,965 INFO:Total games: 2960
2024-06-17 20:07:56,005 INFO:Total games: 2970
2024-06-17 20:09:18,450 INFO:Total games: 2980
2024-06-17 20:10:16,405 INFO:Total games: 2990
2024-06-17 20:11:25,510 INFO:Total games: 3000
2024-06-17 20:12:28,914 INFO:Total games: 3010
2024-06-17 20:13:19,852 INFO:Total games: 3020
2024-06-17 20:14:22,598 INFO:Total games: 3030
2024-06-17 20:15:37,987 INFO:Total games: 3040
2024-06-17 20:16:45,241 INFO:Total games: 3050
2024-06-17 20:17:57,521 INFO:Total games: 3060
2024-06-17 20:19:21,546 INFO:Total games: 3070
2024-06-17 20:20:28,423 INFO:Total games: 3080
2024-06-17 20:21:20,592 INFO:Total games: 3090
2024-06-17 20:22:35,704 INFO:Total games: 3100
2024-06-17 20:23:54,745 INFO:Total games: 3110
2024-06-17 20:25:02,540 INFO:Total games: 3120
2024-06-17 20:26:08,425 INFO:Total games: 3130
2024-06-17 20:27:13,525 INFO:Total games: 3140
2024-06-17 20:28:19,078 INFO:Total games: 3150
2024-06-17 20:29:33,855 INFO:Total games: 3160
2024-06-17 20:30:48,263 INFO:Total games: 3170
2024-06-17 20:32:03,967 INFO:Total games: 3180
2024-06-17 20:33:07,236 INFO:Total games: 3190
2024-06-17 20:34:14,477 INFO:Total games: 3200
2024-06-17 20:35:09,504 INFO:Total games: 3210
2024-06-17 20:36:23,583 INFO:Total games: 3220
2024-06-17 20:37:39,556 INFO:Total games: 3230
2024-06-17 20:38:51,516 INFO:Total games: 3240
2024-06-17 20:39:55,792 INFO:Total games: 3250
2024-06-17 20:41:11,746 INFO:Total games: 3260
2024-06-17 20:42:17,864 INFO:Total games: 3270
2024-06-17 20:43:28,738 INFO:Total games: 3280
2024-06-17 20:44:52,074 INFO:Total games: 3290
2024-06-17 20:46:00,124 INFO:Total games: 3300
2024-06-17 20:47:03,124 INFO:Total games: 3310
2024-06-17 20:48:05,372 INFO:Total games: 3320
2024-06-17 20:49:18,095 INFO:Total games: 3330
2024-06-17 20:50:21,820 INFO:Total games: 3340
2024-06-17 20:51:26,391 INFO:Total games: 3350
2024-06-17 20:52:36,452 INFO:Total games: 3360
2024-06-17 20:53:44,474 INFO:Total games: 3370
2024-06-17 20:55:04,288 INFO:Total games: 3380
2024-06-17 20:56:17,329 INFO:Total games: 3390
2024-06-17 20:57:22,520 INFO:Total games: 3400
2024-06-17 20:58:31,900 INFO:Total games: 3410
2024-06-17 20:59:54,508 INFO:Total games: 3420
2024-06-17 21:01:04,392 INFO:Total games: 3430
2024-06-17 21:02:05,851 INFO:Total games: 3440
2024-06-17 21:03:22,984 INFO:Total games: 3450
2024-06-17 21:04:26,482 INFO:Total games: 3460
2024-06-17 21:05:37,021 INFO:Total games: 3470
2024-06-17 21:06:44,433 INFO:Total games: 3480
2024-06-17 21:08:02,402 INFO:Total games: 3490
2024-06-17 21:09:10,695 INFO:Total games: 3500
2024-06-17 21:10:34,836 INFO:Total games: 3510
2024-06-17 21:11:53,455 INFO:Total games: 3520
2024-06-17 21:13:26,715 INFO:Total games: 3530
2024-06-17 21:14:54,770 INFO:Total games: 3540
2024-06-17 21:16:17,951 INFO:Total games: 3550
2024-06-17 21:17:28,243 INFO:Total games: 3560
2024-06-17 21:26:12,804 INFO:Total games: 3570
2024-06-17 21:27:05,987 INFO:Total games: 3580
2024-06-17 21:28:05,568 INFO:Total games: 3590
2024-06-17 21:29:11,180 INFO:Total games: 3600
2024-06-17 21:30:21,787 INFO:Total games: 3610
2024-06-17 21:31:32,788 INFO:Total games: 3620
2024-06-17 21:32:31,336 INFO:Total games: 3630
2024-06-17 21:34:06,713 INFO:Total games: 3640
2024-06-17 21:35:05,995 INFO:Total games: 3650
2024-06-17 21:36:12,851 INFO:Total games: 3660
2024-06-17 21:37:33,561 INFO:Total games: 3670
2024-06-17 21:38:50,769 INFO:Total games: 3680
2024-06-17 21:39:55,619 INFO:Total games: 3690
2024-06-17 21:41:16,325 INFO:Total games: 3700
2024-06-17 21:42:33,398 INFO:Total games: 3710
2024-06-17 21:43:25,740 INFO:Total games: 3720
2024-06-17 21:44:37,997 INFO:Total games: 3730
2024-06-17 21:45:44,392 INFO:Total games: 3740
2024-06-17 21:46:51,375 INFO:Total games: 3750
2024-06-17 21:47:47,974 INFO:Total games: 3760
2024-06-17 21:49:04,759 INFO:Total games: 3770
2024-06-17 21:50:20,174 INFO:Total games: 3780
2024-06-17 21:51:28,467 INFO:Total games: 3790
2024-06-17 21:52:28,015 INFO:Total games: 3800
2024-06-17 21:53:48,453 INFO:Total games: 3810
2024-06-17 21:54:45,277 INFO:Total games: 3820
2024-06-17 21:55:49,865 INFO:Total games: 3830
2024-06-17 21:56:40,700 INFO:Total games: 3840
2024-06-17 21:58:00,086 INFO:Total games: 3850
2024-06-17 21:58:55,231 INFO:Total games: 3860
2024-06-17 22:00:05,851 INFO:Total games: 3870
2024-06-17 22:01:06,384 INFO:Total games: 3880
2024-06-17 22:02:22,741 INFO:Total games: 3890
2024-06-17 22:03:33,641 INFO:Total games: 3900
2024-06-17 22:04:43,794 INFO:Total games: 3910
2024-06-17 22:05:42,793 INFO:Total games: 3920
2024-06-17 22:06:42,507 INFO:Total games: 3930
2024-06-17 22:07:43,496 INFO:Total games: 3940
2024-06-17 22:08:56,109 INFO:Total games: 3950
2024-06-17 22:09:55,921 INFO:Total games: 3960
2024-06-17 22:11:04,369 INFO:Total games: 3970
2024-06-17 22:12:24,236 INFO:Total games: 3980
2024-06-17 22:13:35,857 INFO:Total games: 3990
2024-06-17 22:14:44,049 INFO:Total games: 4000
2024-06-17 22:15:48,887 INFO:Total games: 4010
2024-06-17 22:17:03,332 INFO:Total games: 4020
2024-06-17 22:18:16,911 INFO:Total games: 4030
2024-06-17 22:19:22,564 INFO:Total games: 4040
2024-06-17 22:20:29,618 INFO:Total games: 4050
2024-06-17 22:21:28,524 INFO:Total games: 4060
2024-06-17 22:22:18,242 INFO:Total games: 4070
2024-06-17 22:23:31,739 INFO:Total games: 4080
2024-06-17 22:24:44,179 INFO:Total games: 4090
2024-06-17 22:25:46,062 INFO:Total games: 4100
2024-06-17 22:27:02,787 INFO:Total games: 4110
2024-06-17 22:28:16,538 INFO:Total games: 4120
2024-06-17 22:29:29,878 INFO:Total games: 4130
2024-06-17 22:30:36,853 INFO:Total games: 4140
2024-06-17 22:32:01,214 INFO:Total games: 4150
2024-06-17 22:33:17,260 INFO:Total games: 4160
2024-06-17 22:34:16,296 INFO:Total games: 4170
2024-06-17 22:35:28,512 INFO:Total games: 4180
2024-06-17 22:36:50,877 INFO:Total games: 4190
2024-06-17 22:37:58,255 INFO:Total games: 4200
2024-06-17 22:39:03,738 INFO:Total games: 4210
2024-06-17 22:40:11,804 INFO:Total games: 4220
2024-06-17 22:41:08,994 INFO:Total games: 4230
2024-06-17 22:42:25,280 INFO:Total games: 4240
2024-06-17 22:43:43,086 INFO:Total games: 4250
2024-06-17 22:44:40,213 INFO:Total games: 4260
2024-06-17 22:45:47,403 INFO:Total games: 4270
2024-06-17 22:47:20,661 INFO:Total games: 4280
2024-06-17 22:48:40,464 INFO:Total games: 4290
2024-06-17 22:50:06,818 INFO:Total games: 4300
2024-06-17 22:51:24,592 INFO:Total games: 4310
2024-06-17 23:00:52,986 INFO:Total games: 4320
2024-06-17 23:02:04,986 INFO:Total games: 4330
2024-06-17 23:03:10,555 INFO:Total games: 4340
2024-06-17 23:04:31,305 INFO:Total games: 4350
2024-06-17 23:05:30,187 INFO:Total games: 4360
2024-06-17 23:06:31,544 INFO:Total games: 4370
2024-06-17 23:07:45,386 INFO:Total games: 4380
2024-06-17 23:08:47,701 INFO:Total games: 4390
2024-06-17 23:09:56,230 INFO:Total games: 4400
2024-06-17 23:11:12,579 INFO:Total games: 4410
2024-06-17 23:12:30,471 INFO:Total games: 4420
2024-06-17 23:13:58,634 INFO:Total games: 4430
2024-06-17 23:15:11,310 INFO:Total games: 4440
2024-06-17 23:16:29,749 INFO:Total games: 4450
2024-06-17 23:17:40,232 INFO:Total games: 4460
2024-06-17 23:19:04,735 INFO:Total games: 4470
2024-06-17 23:20:19,627 INFO:Total games: 4480
2024-06-17 23:21:22,444 INFO:Total games: 4490
2024-06-17 23:22:39,972 INFO:Total games: 4500
2024-06-17 23:24:01,399 INFO:Total games: 4510
2024-06-17 23:25:11,919 INFO:Total games: 4520
2024-06-17 23:26:19,667 INFO:Total games: 4530
2024-06-17 23:27:30,762 INFO:Total games: 4540
2024-06-17 23:28:47,856 INFO:Total games: 4550
2024-06-17 23:30:03,725 INFO:Total games: 4560
2024-06-17 23:31:45,463 INFO:Total games: 4570
2024-06-17 23:33:01,750 INFO:Total games: 4580
2024-06-17 23:34:30,451 INFO:Total games: 4590
2024-06-17 23:35:49,985 INFO:Total games: 4600
2024-06-17 23:36:46,036 INFO:Total games: 4610
2024-06-17 23:37:51,468 INFO:Total games: 4620
2024-06-17 23:38:59,776 INFO:Total games: 4630
2024-06-17 23:40:10,477 INFO:Total games: 4640
2024-06-17 23:41:24,290 INFO:Total games: 4650
2024-06-17 23:42:40,080 INFO:Total games: 4660
2024-06-17 23:43:58,508 INFO:Total games: 4670
2024-06-17 23:45:01,415 INFO:Total games: 4680
2024-06-17 23:46:14,235 INFO:Total games: 4690
2024-06-17 23:47:20,042 INFO:Total games: 4700
2024-06-17 23:48:55,668 INFO:Total games: 4710
2024-06-17 23:50:29,125 INFO:Total games: 4720
2024-06-17 23:51:42,190 INFO:Total games: 4730
2024-06-17 23:53:00,816 INFO:Total games: 4740
2024-06-17 23:53:57,373 INFO:Total games: 4750
2024-06-17 23:55:17,833 INFO:Total games: 4760
2024-06-17 23:56:31,849 INFO:Total games: 4770
2024-06-17 23:57:51,360 INFO:Total games: 4780
2024-06-17 23:59:07,885 INFO:Total games: 4790
2024-06-18 00:00:28,831 INFO:Total games: 4800
2024-06-18 00:01:37,225 INFO:Total games: 4810
2024-06-18 00:03:02,129 INFO:Total games: 4820
2024-06-18 00:04:08,680 INFO:Total games: 4830
2024-06-18 00:05:38,020 INFO:Total games: 4840
2024-06-18 00:06:45,353 INFO:Total games: 4850
2024-06-18 00:08:07,965 INFO:Total games: 4860
2024-06-18 00:09:22,439 INFO:Total games: 4870
2024-06-18 00:10:30,523 INFO:Total games: 4880
2024-06-18 00:11:46,693 INFO:Total games: 4890
2024-06-18 00:12:59,097 INFO:Total games: 4900
2024-06-18 00:14:10,042 INFO:Total games: 4910
2024-06-18 00:15:28,697 INFO:Total games: 4920
2024-06-18 00:16:33,181 INFO:Total games: 4930
2024-06-18 00:17:53,569 INFO:Total games: 4940
2024-06-18 00:19:09,505 INFO:Total games: 4950
2024-06-18 00:20:56,025 INFO:Total games: 4960
2024-06-18 00:22:51,873 INFO:Total games: 4970
2024-06-18 00:24:49,219 INFO:Total games: 4980
2024-06-18 00:26:44,863 INFO:Total games: 4990
2024-06-18 00:28:49,670 INFO:Total games: 5000
2024-06-18 00:30:51,635 INFO:Total games: 5010
2024-06-18 00:32:30,091 INFO:Total games: 5020
2024-06-18 00:39:07,208 INFO:Total games: 5030
2024-06-18 00:40:09,857 INFO:Total games: 5040
2024-06-18 00:41:09,837 INFO:Total games: 5050
2024-06-18 00:42:18,632 INFO:Total games: 5060
2024-06-18 00:43:31,343 INFO:Total games: 5070
2024-06-18 00:44:50,659 INFO:Total games: 5080
2024-06-18 00:45:51,406 INFO:Total games: 5090
2024-06-18 00:46:47,884 INFO:Total games: 5100
2024-06-18 00:47:53,399 INFO:Total games: 5110
2024-06-18 00:49:23,666 INFO:Total games: 5120
2024-06-18 00:50:43,282 INFO:Total games: 5130
2024-06-18 00:51:44,028 INFO:Total games: 5140
2024-06-18 00:52:57,534 INFO:Total games: 5150
2024-06-18 00:54:19,614 INFO:Total games: 5160
2024-06-18 00:55:37,929 INFO:Total games: 5170
2024-06-18 00:56:56,512 INFO:Total games: 5180
2024-06-18 00:58:08,734 INFO:Total games: 5190
2024-06-18 00:59:10,269 INFO:Total games: 5200
2024-06-18 01:00:20,301 INFO:Total games: 5210
2024-06-18 01:01:22,213 INFO:Total games: 5220
2024-06-18 01:02:29,879 INFO:Total games: 5230
2024-06-18 01:03:38,386 INFO:Total games: 5240
2024-06-18 01:04:41,472 INFO:Total games: 5250
2024-06-18 01:05:56,000 INFO:Total games: 5260
2024-06-18 01:07:09,025 INFO:Total games: 5270
2024-06-18 01:08:24,185 INFO:Total games: 5280
2024-06-18 01:09:36,734 INFO:Total games: 5290
2024-06-18 01:10:38,632 INFO:Total games: 5300
2024-06-18 01:11:43,151 INFO:Total games: 5310
2024-06-18 01:12:39,212 INFO:Total games: 5320
2024-06-18 01:13:43,750 INFO:Total games: 5330
2024-06-18 01:14:57,547 INFO:Total games: 5340
2024-06-18 01:16:14,344 INFO:Total games: 5350
2024-06-18 01:17:16,330 INFO:Total games: 5360
2024-06-18 01:18:27,419 INFO:Total games: 5370
2024-06-18 01:19:44,355 INFO:Total games: 5380
2024-06-18 01:21:02,899 INFO:Total games: 5390
2024-06-18 01:22:08,043 INFO:Total games: 5400
2024-06-18 01:23:13,893 INFO:Total games: 5410
2024-06-18 01:24:20,292 INFO:Total games: 5420
2024-06-18 01:25:26,875 INFO:Total games: 5430
2024-06-18 01:26:33,804 INFO:Total games: 5440
2024-06-18 01:27:46,008 INFO:Total games: 5450
2024-06-18 01:28:58,766 INFO:Total games: 5460
2024-06-18 01:29:59,875 INFO:Total games: 5470
2024-06-18 01:31:23,789 INFO:Total games: 5480
2024-06-18 01:32:47,289 INFO:Total games: 5490
2024-06-18 01:34:03,026 INFO:Total games: 5500
2024-06-18 01:35:09,778 INFO:Total games: 5510
2024-06-18 01:36:24,633 INFO:Total games: 5520
2024-06-18 01:37:41,078 INFO:Total games: 5530
2024-06-18 01:38:52,854 INFO:Total games: 5540
2024-06-18 01:39:57,733 INFO:Total games: 5550
2024-06-18 01:41:03,476 INFO:Total games: 5560
2024-06-18 01:42:12,695 INFO:Total games: 5570
2024-06-18 01:43:22,250 INFO:Total games: 5580
2024-06-18 01:44:51,782 INFO:Total games: 5590
2024-06-18 01:45:46,099 INFO:Total games: 5600
2024-06-18 01:47:07,327 INFO:Total games: 5610
2024-06-18 01:48:10,864 INFO:Total games: 5620
2024-06-18 01:49:27,966 INFO:Total games: 5630
2024-06-18 01:50:22,936 INFO:Total games: 5640
2024-06-18 01:51:32,302 INFO:Total games: 5650
2024-06-18 01:52:38,939 INFO:Total games: 5660
2024-06-18 01:53:38,913 INFO:Total games: 5670
2024-06-18 01:54:47,732 INFO:Total games: 5680
2024-06-18 01:55:51,941 INFO:Total games: 5690
2024-06-18 01:57:19,859 INFO:Total games: 5700
2024-06-18 01:58:53,964 INFO:Total games: 5710
2024-06-18 02:00:11,352 INFO:Total games: 5720
2024-06-18 02:01:40,048 INFO:Total games: 5730
2024-06-18 02:11:46,159 INFO:Total games: 5740
2024-06-18 02:12:52,905 INFO:Total games: 5750
2024-06-18 02:14:06,548 INFO:Total games: 5760
2024-06-18 02:15:21,853 INFO:Total games: 5770
2024-06-18 02:16:38,713 INFO:Total games: 5780
2024-06-18 02:17:49,143 INFO:Total games: 5790
2024-06-18 02:18:57,290 INFO:Total games: 5800
2024-06-18 02:20:10,388 INFO:Total games: 5810
2024-06-18 02:21:19,122 INFO:Total games: 5820
2024-06-18 02:22:40,395 INFO:Total games: 5830
2024-06-18 02:23:37,476 INFO:Total games: 5840
2024-06-18 02:24:58,355 INFO:Total games: 5850
2024-06-18 02:26:10,042 INFO:Total games: 5860
2024-06-18 02:27:13,841 INFO:Total games: 5870
2024-06-18 02:28:33,277 INFO:Total games: 5880
2024-06-18 02:29:36,856 INFO:Total games: 5890
2024-06-18 02:30:34,963 INFO:Total games: 5900
2024-06-18 02:31:31,960 INFO:Total games: 5910
2024-06-18 02:32:45,322 INFO:Total games: 5920
2024-06-18 02:34:02,794 INFO:Total games: 5930
2024-06-18 02:35:17,536 INFO:Total games: 5940
2024-06-18 02:36:03,951 INFO:Total games: 5950
2024-06-18 02:37:11,132 INFO:Total games: 5960
2024-06-18 02:38:15,326 INFO:Total games: 5970
2024-06-18 02:39:34,515 INFO:Total games: 5980
2024-06-18 02:40:40,252 INFO:Total games: 5990
2024-06-18 02:41:53,811 INFO:Total games: 6000
2024-06-18 02:42:57,962 INFO:Total games: 6010
2024-06-18 02:44:04,522 INFO:Total games: 6020
2024-06-18 02:45:12,611 INFO:Total games: 6030
2024-06-18 02:46:26,413 INFO:Total games: 6040
2024-06-18 02:47:38,336 INFO:Total games: 6050
2024-06-18 02:48:36,659 INFO:Total games: 6060
2024-06-18 02:49:42,328 INFO:Total games: 6070
2024-06-18 02:50:50,814 INFO:Total games: 6080
2024-06-18 02:51:54,324 INFO:Total games: 6090
2024-06-18 02:53:14,823 INFO:Total games: 6100
2024-06-18 02:54:23,922 INFO:Total games: 6110
2024-06-18 02:55:23,314 INFO:Total games: 6120
2024-06-18 02:56:35,359 INFO:Total games: 6130
2024-06-18 02:57:45,465 INFO:Total games: 6140
2024-06-18 02:58:58,591 INFO:Total games: 6150
2024-06-18 03:00:10,311 INFO:Total games: 6160
2024-06-18 03:01:19,537 INFO:Total games: 6170
2024-06-18 03:02:23,509 INFO:Total games: 6180
2024-06-18 03:03:33,331 INFO:Total games: 6190
2024-06-18 03:04:43,926 INFO:Total games: 6200
2024-06-18 03:05:53,960 INFO:Total games: 6210
2024-06-18 03:06:57,228 INFO:Total games: 6220
2024-06-18 03:07:59,804 INFO:Total games: 6230
2024-06-18 03:09:12,266 INFO:Total games: 6240
2024-06-18 03:10:22,158 INFO:Total games: 6250
2024-06-18 03:11:35,263 INFO:Total games: 6260
2024-06-18 03:12:35,804 INFO:Total games: 6270
2024-06-18 03:13:46,028 INFO:Total games: 6280
2024-06-18 03:14:58,943 INFO:Total games: 6290
2024-06-18 03:16:12,192 INFO:Total games: 6300
2024-06-18 03:17:15,585 INFO:Total games: 6310
2024-06-18 03:18:17,798 INFO:Total games: 6320
2024-06-18 03:19:23,389 INFO:Total games: 6330
2024-06-18 03:20:41,361 INFO:Total games: 6340
2024-06-18 03:21:43,563 INFO:Total games: 6350
2024-06-18 03:22:45,037 INFO:Total games: 6360
2024-06-18 03:23:43,484 INFO:Total games: 6370
2024-06-18 03:24:42,701 INFO:Total games: 6380
2024-06-18 03:25:53,215 INFO:Total games: 6390
2024-06-18 03:26:50,883 INFO:Total games: 6400
2024-06-18 03:27:56,865 INFO:Total games: 6410
2024-06-18 03:29:15,088 INFO:Total games: 6420
2024-06-18 03:30:50,371 INFO:Total games: 6430
2024-06-18 03:32:09,587 INFO:Total games: 6440
2024-06-18 03:33:37,955 INFO:Total games: 6450
2024-06-18 03:35:04,803 INFO:Total games: 6460
2024-06-18 03:35:04,803 INFO:FULL
2024-06-18 03:37:04,804 INFO:FULL
2024-06-18 03:39:04,815 INFO:FULL
2024-06-18 03:41:04,825 INFO:FULL
2024-06-18 03:43:04,836 INFO:FULL
2024-06-18 03:46:19,714 INFO:Total games: 6470
2024-06-18 03:47:28,450 INFO:Total games: 6480
2024-06-18 03:48:30,689 INFO:Total games: 6490
2024-06-18 03:49:47,635 INFO:Total games: 6500
2024-06-18 03:50:58,818 INFO:Total games: 6510
2024-06-18 03:51:54,944 INFO:Total games: 6520
2024-06-18 03:53:08,463 INFO:Total games: 6530
2024-06-18 03:54:23,826 INFO:Total games: 6540
2024-06-18 03:55:39,390 INFO:Total games: 6550
2024-06-18 03:56:46,370 INFO:Total games: 6560
2024-06-18 03:57:40,563 INFO:Total games: 6570
2024-06-18 03:58:49,772 INFO:Total games: 6580
2024-06-18 03:59:57,386 INFO:Total games: 6590
2024-06-18 04:01:02,704 INFO:Total games: 6600
2024-06-18 04:02:16,883 INFO:Total games: 6610
2024-06-18 04:04:03,956 INFO:Total games: 6620
2024-06-18 04:05:13,055 INFO:Total games: 6630
2024-06-18 04:06:10,031 INFO:Total games: 6640
2024-06-18 04:07:16,925 INFO:Total games: 6650
2024-06-18 04:08:19,899 INFO:Total games: 6660
2024-06-18 04:09:23,030 INFO:Total games: 6670
2024-06-18 04:10:46,135 INFO:Total games: 6680
2024-06-18 04:11:38,954 INFO:Total games: 6690
2024-06-18 04:12:37,565 INFO:Total games: 6700
2024-06-18 04:13:50,612 INFO:Total games: 6710
2024-06-18 04:14:55,100 INFO:Total games: 6720
2024-06-18 04:15:55,655 INFO:Total games: 6730
2024-06-18 04:17:11,468 INFO:Total games: 6740
2024-06-18 04:18:02,557 INFO:Total games: 6750
2024-06-18 04:19:11,982 INFO:Total games: 6760
2024-06-18 04:20:17,784 INFO:Total games: 6770
2024-06-18 04:21:04,809 INFO:Total games: 6780
2024-06-18 04:22:13,482 INFO:Total games: 6790
2024-06-18 04:23:26,369 INFO:Total games: 6800
2024-06-18 04:24:23,848 INFO:Total games: 6810
2024-06-18 04:25:33,840 INFO:Total games: 6820
2024-06-18 04:26:36,345 INFO:Total games: 6830
2024-06-18 04:27:42,993 INFO:Total games: 6840
2024-06-18 04:28:40,085 INFO:Total games: 6850
2024-06-18 04:29:48,121 INFO:Total games: 6860
2024-06-18 04:30:49,641 INFO:Total games: 6870
2024-06-18 04:31:47,352 INFO:Total games: 6880
2024-06-18 04:32:46,520 INFO:Total games: 6890
2024-06-18 04:33:39,845 INFO:Total games: 6900
2024-06-18 04:34:40,782 INFO:Total games: 6910
2024-06-18 04:35:45,578 INFO:Total games: 6920
2024-06-18 04:36:43,875 INFO:Total games: 6930
2024-06-18 04:38:10,209 INFO:Total games: 6940
2024-06-18 04:39:36,385 INFO:Total games: 6950
2024-06-18 04:40:43,367 INFO:Total games: 6960
2024-06-18 04:41:59,646 INFO:Total games: 6970
2024-06-18 04:42:58,842 INFO:Total games: 6980
2024-06-18 04:44:09,875 INFO:Total games: 6990
2024-06-18 04:45:18,338 INFO:Total games: 7000
2024-06-18 04:46:30,123 INFO:Total games: 7010
2024-06-18 04:47:45,988 INFO:Total games: 7020
2024-06-18 04:48:43,814 INFO:Total games: 7030
2024-06-18 04:49:46,443 INFO:Total games: 7040
2024-06-18 04:51:00,663 INFO:Total games: 7050
2024-06-18 04:51:59,648 INFO:Total games: 7060
2024-06-18 04:53:09,182 INFO:Total games: 7070
2024-06-18 04:54:13,164 INFO:Total games: 7080
2024-06-18 04:55:26,763 INFO:Total games: 7090
2024-06-18 04:56:37,827 INFO:Total games: 7100
2024-06-18 04:57:36,358 INFO:Total games: 7110
2024-06-18 04:58:45,707 INFO:Total games: 7120
2024-06-18 04:59:58,228 INFO:Total games: 7130
2024-06-18 05:01:18,900 INFO:Total games: 7140
2024-06-18 05:02:22,905 INFO:Total games: 7150
2024-06-18 05:04:01,299 INFO:Total games: 7160
2024-06-18 05:05:29,291 INFO:Total games: 7170
2024-06-18 05:06:55,195 INFO:Total games: 7180
2024-06-18 05:08:06,126 INFO:Total games: 7190
2024-06-18 05:16:50,840 INFO:Total games: 7200
2024-06-18 05:17:52,426 INFO:Total games: 7210
2024-06-18 05:19:01,069 INFO:Total games: 7220
2024-06-18 05:20:16,975 INFO:Total games: 7230
2024-06-18 05:21:24,527 INFO:Total games: 7240
2024-06-18 05:22:29,924 INFO:Total games: 7250
2024-06-18 05:23:36,786 INFO:Total games: 7260
2024-06-18 05:24:43,737 INFO:Total games: 7270
2024-06-18 05:26:07,058 INFO:Total games: 7280
2024-06-18 05:27:27,799 INFO:Total games: 7290
2024-06-18 05:28:32,235 INFO:Total games: 7300
2024-06-18 05:29:37,534 INFO:Total games: 7310
2024-06-18 05:31:02,324 INFO:Total games: 7320
2024-06-18 05:32:17,819 INFO:Total games: 7330
2024-06-18 05:33:37,528 INFO:Total games: 7340
2024-06-18 05:34:46,301 INFO:Total games: 7350
2024-06-18 05:36:03,708 INFO:Total games: 7360
2024-06-18 05:37:21,104 INFO:Total games: 7370
2024-06-18 05:38:26,156 INFO:Total games: 7380
2024-06-18 05:39:10,969 INFO:Total games: 7390
2024-06-18 05:40:16,509 INFO:Total games: 7400
2024-06-18 05:41:18,772 INFO:Total games: 7410
2024-06-18 05:42:42,223 INFO:Total games: 7420
2024-06-18 05:43:47,697 INFO:Total games: 7430
2024-06-18 05:44:50,183 INFO:Total games: 7440
2024-06-18 05:46:08,034 INFO:Total games: 7450
2024-06-18 05:47:28,655 INFO:Total games: 7460
2024-06-18 05:48:21,393 INFO:Total games: 7470
2024-06-18 05:49:36,759 INFO:Total games: 7480
2024-06-18 05:50:38,789 INFO:Total games: 7490
2024-06-18 05:51:36,437 INFO:Total games: 7500
2024-06-18 05:52:43,775 INFO:Total games: 7510
2024-06-18 05:54:04,413 INFO:Total games: 7520
2024-06-18 05:55:27,639 INFO:Total games: 7530
2024-06-18 05:56:33,817 INFO:Total games: 7540
2024-06-18 05:57:37,620 INFO:Total games: 7550
2024-06-18 05:58:46,771 INFO:Total games: 7560
2024-06-18 06:00:00,386 INFO:Total games: 7570
2024-06-18 06:01:29,700 INFO:Total games: 7580
2024-06-18 06:02:32,413 INFO:Total games: 7590
2024-06-18 06:03:41,975 INFO:Total games: 7600
2024-06-18 06:04:51,617 INFO:Total games: 7610
2024-06-18 06:06:01,271 INFO:Total games: 7620
2024-06-18 06:07:14,046 INFO:Total games: 7630
2024-06-18 06:08:18,557 INFO:Total games: 7640
2024-06-18 06:09:31,913 INFO:Total games: 7650
2024-06-18 06:10:51,110 INFO:Total games: 7660
2024-06-18 06:12:10,727 INFO:Total games: 7670
2024-06-18 06:13:22,908 INFO:Total games: 7680
2024-06-18 06:14:26,951 INFO:Total games: 7690
2024-06-18 06:15:33,743 INFO:Total games: 7700
2024-06-18 06:16:40,929 INFO:Total games: 7710
2024-06-18 06:17:46,213 INFO:Total games: 7720
2024-06-18 06:18:44,515 INFO:Total games: 7730
2024-06-18 06:19:45,231 INFO:Total games: 7740
2024-06-18 06:20:56,593 INFO:Total games: 7750
2024-06-18 06:22:10,073 INFO:Total games: 7760
2024-06-18 06:23:11,645 INFO:Total games: 7770
2024-06-18 06:24:30,317 INFO:Total games: 7780
2024-06-18 06:25:39,753 INFO:Total games: 7790
2024-06-18 06:26:51,283 INFO:Total games: 7800
2024-06-18 06:27:48,008 INFO:Total games: 7810
2024-06-18 06:29:01,214 INFO:Total games: 7820
2024-06-18 06:30:28,819 INFO:Total games: 7830
2024-06-18 06:31:33,167 INFO:Total games: 7840
2024-06-18 06:32:41,677 INFO:Total games: 7850
2024-06-18 06:33:43,517 INFO:Total games: 7860
2024-06-18 06:35:01,009 INFO:Total games: 7870
2024-06-18 06:36:30,710 INFO:Total games: 7880
2024-06-18 06:37:44,998 INFO:Total games: 7890
2024-06-18 06:39:21,979 INFO:Total games: 7900
2024-06-18 06:41:02,228 INFO:Total games: 7910
2024-06-18 06:50:05,861 INFO:Total games: 7920
2024-06-18 06:51:09,369 INFO:Total games: 7930
2024-06-18 06:52:12,667 INFO:Total games: 7940
2024-06-18 06:53:26,114 INFO:Total games: 7950
2024-06-18 06:54:37,624 INFO:Total games: 7960
2024-06-18 06:55:44,173 INFO:Total games: 7970
2024-06-18 06:56:46,678 INFO:Total games: 7980
2024-06-18 06:57:51,823 INFO:Total games: 7990
2024-06-18 06:59:00,276 INFO:Total games: 8000
2024-06-18 07:00:04,297 INFO:Total games: 8010
2024-06-18 07:00:59,000 INFO:Total games: 8020
2024-06-18 07:01:55,730 INFO:Total games: 8030
2024-06-18 07:02:54,262 INFO:Total games: 8040
2024-06-18 07:04:08,277 INFO:Total games: 8050
2024-06-18 07:05:19,458 INFO:Total games: 8060
2024-06-18 07:06:37,339 INFO:Total games: 8070
2024-06-18 07:07:43,797 INFO:Total games: 8080
2024-06-18 07:08:59,306 INFO:Total games: 8090
2024-06-18 07:09:59,891 INFO:Total games: 8100
2024-06-18 07:11:10,024 INFO:Total games: 8110
2024-06-18 07:12:10,826 INFO:Total games: 8120
2024-06-18 07:13:10,247 INFO:Total games: 8130
2024-06-18 07:14:18,023 INFO:Total games: 8140
2024-06-18 07:15:17,787 INFO:Total games: 8150
2024-06-18 07:16:31,191 INFO:Total games: 8160
2024-06-18 07:17:51,510 INFO:Total games: 8170
2024-06-18 07:18:59,543 INFO:Total games: 8180
2024-06-18 07:20:12,320 INFO:Total games: 8190
2024-06-18 07:21:38,960 INFO:Total games: 8200
2024-06-18 07:22:42,058 INFO:Total games: 8210
2024-06-18 07:23:59,861 INFO:Total games: 8220
2024-06-18 07:25:00,587 INFO:Total games: 8230
2024-06-18 07:26:03,105 INFO:Total games: 8240
2024-06-18 07:27:00,272 INFO:Total games: 8250
2024-06-18 07:28:08,854 INFO:Total games: 8260
2024-06-18 07:29:13,591 INFO:Total games: 8270
2024-06-18 07:30:28,079 INFO:Total games: 8280
2024-06-18 07:31:31,053 INFO:Total games: 8290
2024-06-18 07:32:50,275 INFO:Total games: 8300
2024-06-18 07:34:21,422 INFO:Total games: 8310
2024-06-18 07:35:28,403 INFO:Total games: 8320
2024-06-18 07:36:42,744 INFO:Total games: 8330
2024-06-18 07:37:34,899 INFO:Total games: 8340
2024-06-18 07:38:45,124 INFO:Total games: 8350
2024-06-18 07:39:50,916 INFO:Total games: 8360
2024-06-18 07:41:01,936 INFO:Total games: 8370
2024-06-18 07:42:16,087 INFO:Total games: 8380
2024-06-18 07:43:17,963 INFO:Total games: 8390
2024-06-18 07:44:34,125 INFO:Total games: 8400
2024-06-18 07:45:40,106 INFO:Total games: 8410
2024-06-18 07:46:39,857 INFO:Total games: 8420
2024-06-18 07:47:43,449 INFO:Total games: 8430
2024-06-18 07:48:50,794 INFO:Total games: 8440
2024-06-18 07:49:55,200 INFO:Total games: 8450
2024-06-18 07:51:01,949 INFO:Total games: 8460
2024-06-18 07:52:12,760 INFO:Total games: 8470
2024-06-18 07:53:31,647 INFO:Total games: 8480
2024-06-18 07:54:31,601 INFO:Total games: 8490
2024-06-18 07:55:42,430 INFO:Total games: 8500
2024-06-18 07:56:40,232 INFO:Total games: 8510
2024-06-18 07:57:51,091 INFO:Total games: 8520
2024-06-18 07:59:04,669 INFO:Total games: 8530
2024-06-18 08:00:07,772 INFO:Total games: 8540
2024-06-18 08:01:11,116 INFO:Total games: 8550
2024-06-18 08:02:17,883 INFO:Total games: 8560
2024-06-18 08:03:36,984 INFO:Total games: 8570
2024-06-18 08:04:56,398 INFO:Total games: 8580
2024-06-18 08:05:55,328 INFO:Total games: 8590
2024-06-18 08:07:13,619 INFO:Total games: 8600
2024-06-18 08:08:35,988 INFO:Total games: 8610
2024-06-18 08:10:11,387 INFO:Total games: 8620
2024-06-18 08:11:32,791 INFO:Total games: 8630
2024-06-18 08:12:53,389 INFO:Total games: 8640
2024-06-18 08:13:56,114 INFO:Total games: 8650
2024-06-18 08:23:20,104 INFO:Total games: 8660
2024-06-18 08:24:20,804 INFO:Total games: 8670
2024-06-18 08:25:24,868 INFO:Total games: 8680
2024-06-18 08:26:33,582 INFO:Total games: 8690
2024-06-18 08:27:51,368 INFO:Total games: 8700
2024-06-18 08:28:53,812 INFO:Total games: 8710
2024-06-18 08:30:05,257 INFO:Total games: 8720
2024-06-18 08:31:16,904 INFO:Total games: 8730
2024-06-18 08:32:33,554 INFO:Total games: 8740
2024-06-18 08:34:07,058 INFO:Total games: 8750
2024-06-18 08:35:14,939 INFO:Total games: 8760
2024-06-18 08:36:21,372 INFO:Total games: 8770
2024-06-18 08:37:41,835 INFO:Total games: 8780
2024-06-18 08:38:43,945 INFO:Total games: 8790
2024-06-18 08:39:58,306 INFO:Total games: 8800
2024-06-18 08:41:03,153 INFO:Total games: 8810
2024-06-18 08:42:09,948 INFO:Total games: 8820
2024-06-18 08:43:26,358 INFO:Total games: 8830
2024-06-18 08:44:39,641 INFO:Total games: 8840
2024-06-18 08:45:53,534 INFO:Total games: 8850
2024-06-18 08:47:01,137 INFO:Total games: 8860
2024-06-18 08:48:09,606 INFO:Total games: 8870
2024-06-18 08:49:13,476 INFO:Total games: 8880
2024-06-18 08:50:24,959 INFO:Total games: 8890
2024-06-18 08:51:46,487 INFO:Total games: 8900
2024-06-18 08:52:47,141 INFO:Total games: 8910
2024-06-18 08:53:50,550 INFO:Total games: 8920
2024-06-18 08:55:14,331 INFO:Total games: 8930
2024-06-18 08:56:23,893 INFO:Total games: 8940
2024-06-18 08:57:13,054 INFO:Total games: 8950
2024-06-18 08:58:29,913 INFO:Total games: 8960
2024-06-18 08:59:44,872 INFO:Total games: 8970
2024-06-18 09:00:36,598 INFO:Total games: 8980
2024-06-18 09:01:53,698 INFO:Total games: 8990
2024-06-18 09:03:11,523 INFO:Total games: 9000
2024-06-18 09:04:22,000 INFO:Total games: 9010
2024-06-18 09:05:23,643 INFO:Total games: 9020
2024-06-18 09:06:28,989 INFO:Total games: 9030
2024-06-18 09:07:34,053 INFO:Total games: 9040
2024-06-18 09:08:47,704 INFO:Total games: 9050
2024-06-18 09:10:04,522 INFO:Total games: 9060
2024-06-18 09:11:16,561 INFO:Total games: 9070
2024-06-18 09:12:29,680 INFO:Total games: 9080
2024-06-18 09:13:47,505 INFO:Total games: 9090
2024-06-18 09:14:59,756 INFO:Total games: 9100
2024-06-18 09:16:08,474 INFO:Total games: 9110
2024-06-18 09:17:34,188 INFO:Total games: 9120
2024-06-18 09:18:50,097 INFO:Total games: 9130
2024-06-18 09:20:14,873 INFO:Total games: 9140
2024-06-18 09:21:28,416 INFO:Total games: 9150
2024-06-18 09:22:49,372 INFO:Total games: 9160
2024-06-18 09:23:50,489 INFO:Total games: 9170
2024-06-18 09:24:47,428 INFO:Total games: 9180
2024-06-18 09:26:04,328 INFO:Total games: 9190
2024-06-18 09:27:13,726 INFO:Total games: 9200
2024-06-18 09:28:36,326 INFO:Total games: 9210
2024-06-18 09:29:38,271 INFO:Total games: 9220
2024-06-18 09:31:01,463 INFO:Total games: 9230
2024-06-18 09:32:13,997 INFO:Total games: 9240
2024-06-18 09:33:25,110 INFO:Total games: 9250
2024-06-18 09:34:21,245 INFO:Total games: 9260
2024-06-18 09:35:41,107 INFO:Total games: 9270
2024-06-18 09:36:54,861 INFO:Total games: 9280
2024-06-18 09:38:11,892 INFO:Total games: 9290
2024-06-18 09:39:18,580 INFO:Total games: 9300
2024-06-18 09:40:22,893 INFO:Total games: 9310
2024-06-18 09:41:39,834 INFO:Total games: 9320
2024-06-18 09:42:52,654 INFO:Total games: 9330
2024-06-18 09:44:35,109 INFO:Total games: 9340
2024-06-18 09:45:48,489 INFO:Total games: 9350
2024-06-18 09:47:12,011 INFO:Total games: 9360
2024-06-18 09:48:45,497 INFO:Total games: 9370
2024-06-18 09:56:56,807 INFO:Total games: 9380
2024-06-18 09:58:03,808 INFO:Total games: 9390
2024-06-18 09:58:54,742 INFO:Total games: 9400
2024-06-18 10:00:07,079 INFO:Total games: 9410
2024-06-18 10:01:14,107 INFO:Total games: 9420
2024-06-18 10:02:29,295 INFO:Total games: 9430
2024-06-18 10:03:23,232 INFO:Total games: 9440
2024-06-18 10:04:27,432 INFO:Total games: 9450
2024-06-18 10:05:46,873 INFO:Total games: 9460
2024-06-18 10:07:02,786 INFO:Total games: 9470
2024-06-18 10:08:15,217 INFO:Total games: 9480
2024-06-18 10:09:35,339 INFO:Total games: 9490
2024-06-18 10:10:51,856 INFO:Total games: 9500
2024-06-18 10:12:02,454 INFO:Total games: 9510
2024-06-18 10:13:20,001 INFO:Total games: 9520
2024-06-18 10:14:19,189 INFO:Total games: 9530
2024-06-18 10:15:37,847 INFO:Total games: 9540
2024-06-18 10:16:27,150 INFO:Total games: 9550
2024-06-18 10:17:41,872 INFO:Total games: 9560
2024-06-18 10:18:42,567 INFO:Total games: 9570
2024-06-18 10:20:00,939 INFO:Total games: 9580
2024-06-18 10:21:10,778 INFO:Total games: 9590
2024-06-18 10:22:24,047 INFO:Total games: 9600
2024-06-18 10:23:31,345 INFO:Total games: 9610
2024-06-18 10:24:45,011 INFO:Total games: 9620
2024-06-18 10:26:11,239 INFO:Total games: 9630
2024-06-18 10:27:21,640 INFO:Total games: 9640
2024-06-18 10:28:31,805 INFO:Total games: 9650
2024-06-18 10:29:43,117 INFO:Total games: 9660
2024-06-18 10:30:53,263 INFO:Total games: 9670
2024-06-18 10:32:03,045 INFO:Total games: 9680
2024-06-18 10:33:11,423 INFO:Total games: 9690
2024-06-18 10:34:27,194 INFO:Total games: 9700
2024-06-18 10:35:26,416 INFO:Total games: 9710
2024-06-18 10:36:33,377 INFO:Total games: 9720
2024-06-18 10:38:05,813 INFO:Total games: 9730
2024-06-18 10:39:18,661 INFO:Total games: 9740
2024-06-18 10:40:18,322 INFO:Total games: 9750
2024-06-18 10:41:31,328 INFO:Total games: 9760
2024-06-18 10:42:46,448 INFO:Total games: 9770
2024-06-18 10:44:05,273 INFO:Total games: 9780
2024-06-18 10:45:05,153 INFO:Total games: 9790
2024-06-18 10:46:09,348 INFO:Total games: 9800
2024-06-18 10:47:27,341 INFO:Total games: 9810
2024-06-18 10:48:36,563 INFO:Total games: 9820
2024-06-18 10:49:53,685 INFO:Total games: 9830
2024-06-18 10:51:04,068 INFO:Total games: 9840
2024-06-18 10:52:16,716 INFO:Total games: 9850
2024-06-18 10:53:16,749 INFO:Total games: 9860
2024-06-18 10:54:27,957 INFO:Total games: 9870
2024-06-18 10:55:31,788 INFO:Total games: 9880
2024-06-18 10:56:56,058 INFO:Total games: 9890
2024-06-18 10:58:02,754 INFO:Total games: 9900
2024-06-18 10:58:58,299 INFO:Total games: 9910
2024-06-18 10:59:57,621 INFO:Total games: 9920
2024-06-18 11:01:18,110 INFO:Total games: 9930
2024-06-18 11:02:38,632 INFO:Total games: 9940
2024-06-18 11:03:37,690 INFO:Total games: 9950
2024-06-18 11:04:48,231 INFO:Total games: 9960
2024-06-18 11:06:02,015 INFO:Total games: 9970
2024-06-18 11:07:10,067 INFO:Total games: 9980
2024-06-18 11:08:07,764 INFO:Total games: 9990
2024-06-18 11:09:34,772 INFO:Total games: 10000
2024-06-18 11:10:55,026 INFO:Total games: 10010
2024-06-18 11:12:08,780 INFO:Total games: 10020
2024-06-18 11:13:13,926 INFO:Total games: 10030
2024-06-18 11:14:17,182 INFO:Total games: 10040
2024-06-18 11:15:35,707 INFO:Total games: 10050
2024-06-18 11:16:48,584 INFO:Total games: 10060
2024-06-18 11:18:12,019 INFO:Total games: 10070
2024-06-18 11:19:38,647 INFO:Total games: 10080
2024-06-18 11:21:20,391 INFO:Total games: 10090
2024-06-18 11:30:06,761 INFO:Total games: 10100
2024-06-18 11:31:07,454 INFO:Total games: 10110
2024-06-18 11:32:13,476 INFO:Total games: 10120
2024-06-18 11:33:00,114 INFO:Total games: 10130
2024-06-18 11:34:05,861 INFO:Total games: 10140
2024-06-18 11:35:07,592 INFO:Total games: 10150
2024-06-18 11:36:20,304 INFO:Total games: 10160
2024-06-18 11:37:21,640 INFO:Total games: 10170
2024-06-18 11:38:22,944 INFO:Total games: 10180
2024-06-18 11:39:45,527 INFO:Total games: 10190
2024-06-18 11:40:56,892 INFO:Total games: 10200
2024-06-18 11:42:05,828 INFO:Total games: 10210
2024-06-18 11:43:14,146 INFO:Total games: 10220
2024-06-18 11:44:11,748 INFO:Total games: 10230
2024-06-18 11:45:11,684 INFO:Total games: 10240
2024-06-18 11:46:23,194 INFO:Total games: 10250
2024-06-18 11:47:33,505 INFO:Total games: 10260
2024-06-18 11:48:53,182 INFO:Total games: 10270
2024-06-18 11:49:58,272 INFO:Total games: 10280
2024-06-18 11:51:05,683 INFO:Total games: 10290
2024-06-18 11:52:23,872 INFO:Total games: 10300
2024-06-18 11:53:25,519 INFO:Total games: 10310
2024-06-18 11:54:47,376 INFO:Total games: 10320
2024-06-18 11:55:49,133 INFO:Total games: 10330
2024-06-18 11:57:02,500 INFO:Total games: 10340
2024-06-18 11:57:51,936 INFO:Total games: 10350
2024-06-18 11:58:55,467 INFO:Total games: 10360
2024-06-18 12:00:04,569 INFO:Total games: 10370
2024-06-18 12:01:10,343 INFO:Total games: 10380
2024-06-18 12:02:22,099 INFO:Total games: 10390
2024-06-18 12:03:19,020 INFO:Total games: 10400
2024-06-18 12:04:29,710 INFO:Total games: 10410
2024-06-18 12:05:44,241 INFO:Total games: 10420
2024-06-18 12:06:46,633 INFO:Total games: 10430
2024-06-18 12:07:46,561 INFO:Total games: 10440
2024-06-18 12:08:56,249 INFO:Total games: 10450
2024-06-18 12:09:58,112 INFO:Total games: 10460
2024-06-18 12:11:02,819 INFO:Total games: 10470
2024-06-18 12:12:19,013 INFO:Total games: 10480
2024-06-18 12:13:25,438 INFO:Total games: 10490
2024-06-18 12:14:38,204 INFO:Total games: 10500
2024-06-18 12:15:53,826 INFO:Total games: 10510
2024-06-18 12:16:58,354 INFO:Total games: 10520
2024-06-18 12:18:05,313 INFO:Total games: 10530
2024-06-18 12:19:12,178 INFO:Total games: 10540
2024-06-18 12:20:23,499 INFO:Total games: 10550
2024-06-18 12:21:32,500 INFO:Total games: 10560
2024-06-18 12:22:44,901 INFO:Total games: 10570
2024-06-18 12:23:53,768 INFO:Total games: 10580
2024-06-18 12:24:50,766 INFO:Total games: 10590
2024-06-18 12:26:07,235 INFO:Total games: 10600
2024-06-18 12:27:13,086 INFO:Total games: 10610
2024-06-18 12:28:28,115 INFO:Total games: 10620
2024-06-18 12:29:18,315 INFO:Total games: 10630
2024-06-18 12:30:13,649 INFO:Total games: 10640
2024-06-18 12:31:20,601 INFO:Total games: 10650
2024-06-18 12:32:23,337 INFO:Total games: 10660
2024-06-18 12:33:15,464 INFO:Total games: 10670
2024-06-18 12:34:26,583 INFO:Total games: 10680
2024-06-18 12:35:30,435 INFO:Total games: 10690
2024-06-18 12:36:33,483 INFO:Total games: 10700
2024-06-18 12:37:32,526 INFO:Total games: 10710
2024-06-18 12:38:30,148 INFO:Total games: 10720
2024-06-18 12:39:11,222 INFO:Total games: 10730
2024-06-18 12:40:27,280 INFO:Total games: 10740
2024-06-18 12:41:28,808 INFO:Total games: 10750
2024-06-18 12:42:37,174 INFO:Total games: 10760
2024-06-18 12:43:54,315 INFO:Total games: 10770
2024-06-18 12:44:59,248 INFO:Total games: 10780
2024-06-18 12:46:31,900 INFO:Total games: 10790
2024-06-18 12:47:51,449 INFO:Total games: 10800
2024-06-18 12:49:22,023 INFO:Total games: 10810
2024-06-18 12:50:48,765 INFO:Total games: 10820
2024-06-18 12:52:07,571 INFO:Total games: 10830
2024-06-18 12:53:28,651 INFO:Total games: 10840
2024-06-18 13:03:16,384 INFO:Total games: 10850
2024-06-18 13:04:22,492 INFO:Total games: 10860
2024-06-18 13:05:13,870 INFO:Total games: 10870
2024-06-18 13:06:32,163 INFO:Total games: 10880
2024-06-18 13:07:48,525 INFO:Total games: 10890
2024-06-18 13:08:56,529 INFO:Total games: 10900
2024-06-18 13:10:07,504 INFO:Total games: 10910
2024-06-18 13:11:26,710 INFO:Total games: 10920
2024-06-18 13:12:59,686 INFO:Total games: 10930
2024-06-18 13:14:10,161 INFO:Total games: 10940
2024-06-18 13:15:02,784 INFO:Total games: 10950
2024-06-18 13:16:12,611 INFO:Total games: 10960
2024-06-18 13:17:28,994 INFO:Total games: 10970
2024-06-18 13:18:36,193 INFO:Total games: 10980
2024-06-18 13:19:31,863 INFO:Total games: 10990
2024-06-18 13:20:47,600 INFO:Total games: 11000
2024-06-18 13:21:53,505 INFO:Total games: 11010
2024-06-18 13:22:54,528 INFO:Total games: 11020
2024-06-18 13:24:13,490 INFO:Total games: 11030
2024-06-18 13:25:15,672 INFO:Total games: 11040
2024-06-18 13:26:41,670 INFO:Total games: 11050
2024-06-18 13:28:10,068 INFO:Total games: 11060
2024-06-18 13:29:19,229 INFO:Total games: 11070
2024-06-18 13:30:16,655 INFO:Total games: 11080
2024-06-18 13:31:32,460 INFO:Total games: 11090
2024-06-18 13:32:47,129 INFO:Total games: 11100
2024-06-18 13:34:12,004 INFO:Total games: 11110
2024-06-18 13:35:13,184 INFO:Total games: 11120
2024-06-18 13:36:18,500 INFO:Total games: 11130
2024-06-18 13:37:26,731 INFO:Total games: 11140
2024-06-18 13:38:41,410 INFO:Total games: 11150
2024-06-18 13:39:49,637 INFO:Total games: 11160
2024-06-18 13:40:49,623 INFO:Total games: 11170
2024-06-18 13:42:03,074 INFO:Total games: 11180
2024-06-18 13:43:24,609 INFO:Total games: 11190
2024-06-18 13:44:36,676 INFO:Total games: 11200
2024-06-18 13:45:38,483 INFO:Total games: 11210
2024-06-18 13:47:03,710 INFO:Total games: 11220
2024-06-18 13:48:09,521 INFO:Total games: 11230
2024-06-18 13:49:22,130 INFO:Total games: 11240
2024-06-18 13:50:25,794 INFO:Total games: 11250
2024-06-18 13:51:58,266 INFO:Total games: 11260
2024-06-18 13:52:49,816 INFO:Total games: 11270
2024-06-18 13:53:46,784 INFO:Total games: 11280
2024-06-18 13:55:02,666 INFO:Total games: 11290
2024-06-18 13:56:21,264 INFO:Total games: 11300
2024-06-18 13:57:20,512 INFO:Total games: 11310
2024-06-18 13:58:36,677 INFO:Total games: 11320
2024-06-18 13:59:51,547 INFO:Total games: 11330
2024-06-18 14:01:12,172 INFO:Total games: 11340
2024-06-18 14:02:34,388 INFO:Total games: 11350
2024-06-18 14:03:51,753 INFO:Total games: 11360
2024-06-18 14:04:44,520 INFO:Total games: 11370
2024-06-18 14:05:40,151 INFO:Total games: 11380
2024-06-18 14:06:59,826 INFO:Total games: 11390
2024-06-18 14:07:55,757 INFO:Total games: 11400
2024-06-18 14:09:02,684 INFO:Total games: 11410
2024-06-18 14:10:12,065 INFO:Total games: 11420
2024-06-18 14:11:38,044 INFO:Total games: 11430
2024-06-18 14:12:54,242 INFO:Total games: 11440
2024-06-18 14:14:01,354 INFO:Total games: 11450
2024-06-18 14:15:13,996 INFO:Total games: 11460
2024-06-18 14:16:39,825 INFO:Total games: 11470
2024-06-18 14:17:36,885 INFO:Total games: 11480
2024-06-18 14:18:55,044 INFO:Total games: 11490
2024-06-18 14:20:05,419 INFO:Total games: 11500
2024-06-18 14:21:25,411 INFO:Total games: 11510
2024-06-18 14:22:48,049 INFO:Total games: 11520
2024-06-18 14:24:27,071 INFO:Total games: 11530
2024-06-18 14:26:18,693 INFO:Total games: 11540
2024-06-18 14:27:36,918 INFO:Total games: 11550
2024-06-18 14:29:12,835 INFO:Total games: 11560
2024-06-18 14:38:18,491 INFO:Total games: 11570
2024-06-18 14:39:21,803 INFO:Total games: 11580
2024-06-18 14:40:21,119 INFO:Total games: 11590
2024-06-18 14:41:37,752 INFO:Total games: 11600
2024-06-18 14:43:04,364 INFO:Total games: 11610
2024-06-18 14:44:15,248 INFO:Total games: 11620
2024-06-18 14:45:25,503 INFO:Total games: 11630
2024-06-18 14:46:33,651 INFO:Total games: 11640
2024-06-18 14:47:46,552 INFO:Total games: 11650
2024-06-18 14:48:49,877 INFO:Total games: 11660
2024-06-18 14:49:54,723 INFO:Total games: 11670
2024-06-18 14:51:18,586 INFO:Total games: 11680
2024-06-18 14:52:15,760 INFO:Total games: 11690
2024-06-18 14:53:25,375 INFO:Total games: 11700
2024-06-18 14:54:31,272 INFO:Total games: 11710
2024-06-18 14:55:49,223 INFO:Total games: 11720
2024-06-18 14:57:04,061 INFO:Total games: 11730
2024-06-18 14:58:04,155 INFO:Total games: 11740
2024-06-18 14:59:05,116 INFO:Total games: 11750
2024-06-18 15:00:12,219 INFO:Total games: 11760
2024-06-18 15:01:17,543 INFO:Total games: 11770
2024-06-18 15:02:14,550 INFO:Total games: 11780
2024-06-18 15:03:24,628 INFO:Total games: 11790
2024-06-18 15:04:41,493 INFO:Total games: 11800
2024-06-18 15:05:49,800 INFO:Total games: 11810
2024-06-18 15:06:59,071 INFO:Total games: 11820
2024-06-18 15:08:34,788 INFO:Total games: 11830
2024-06-18 15:09:41,030 INFO:Total games: 11840
2024-06-18 15:11:01,244 INFO:Total games: 11850
2024-06-18 15:12:16,200 INFO:Total games: 11860
2024-06-18 15:13:34,565 INFO:Total games: 11870
2024-06-18 15:14:35,246 INFO:Total games: 11880
2024-06-18 15:15:48,711 INFO:Total games: 11890
2024-06-18 15:16:57,320 INFO:Total games: 11900
2024-06-18 15:18:06,681 INFO:Total games: 11910
2024-06-18 15:19:34,773 INFO:Total games: 11920
2024-06-18 15:20:46,519 INFO:Total games: 11930
2024-06-18 15:22:21,635 INFO:Total games: 11940
2024-06-18 15:23:24,642 INFO:Total games: 11950
2024-06-18 15:24:29,911 INFO:Total games: 11960
2024-06-18 15:25:30,304 INFO:Total games: 11970
2024-06-18 15:26:49,714 INFO:Total games: 11980
2024-06-18 15:28:05,064 INFO:Total games: 11990
2024-06-18 15:29:11,136 INFO:Total games: 12000
2024-06-18 15:30:28,141 INFO:Total games: 12010
2024-06-18 15:31:51,072 INFO:Total games: 12020
2024-06-18 15:32:53,244 INFO:Total games: 12030
2024-06-18 15:33:48,796 INFO:Total games: 12040
2024-06-18 15:34:55,198 INFO:Total games: 12050
2024-06-18 15:36:07,311 INFO:Total games: 12060
2024-06-18 15:37:14,362 INFO:Total games: 12070
2024-06-18 15:38:17,390 INFO:Total games: 12080
2024-06-18 15:39:36,810 INFO:Total games: 12090
2024-06-18 15:40:44,932 INFO:Total games: 12100
2024-06-18 15:41:58,030 INFO:Total games: 12110
2024-06-18 15:43:14,927 INFO:Total games: 12120
2024-06-18 15:44:19,347 INFO:Total games: 12130
2024-06-18 15:45:28,742 INFO:Total games: 12140
2024-06-18 15:46:38,116 INFO:Total games: 12150
2024-06-18 15:47:54,657 INFO:Total games: 12160
2024-06-18 15:48:48,510 INFO:Total games: 12170
2024-06-18 15:49:50,713 INFO:Total games: 12180
2024-06-18 15:51:06,316 INFO:Total games: 12190
2024-06-18 15:52:17,001 INFO:Total games: 12200
2024-06-18 15:53:16,996 INFO:Total games: 12210
2024-06-18 15:54:20,287 INFO:Total games: 12220
2024-06-18 15:55:28,612 INFO:Total games: 12230
2024-06-18 15:57:03,761 INFO:Total games: 12240
2024-06-18 15:58:32,100 INFO:Total games: 12250
2024-06-18 15:59:49,985 INFO:Total games: 12260
2024-06-18 16:01:11,407 INFO:Total games: 12270
2024-06-18 16:02:16,367 INFO:Total games: 12280
2024-06-18 16:03:31,684 INFO:Total games: 12290
2024-06-18 16:11:47,032 INFO:Total games: 12300
2024-06-18 16:12:57,349 INFO:Total games: 12310
2024-06-18 16:14:08,312 INFO:Total games: 12320
2024-06-18 16:15:33,461 INFO:Total games: 12330
2024-06-18 16:16:47,253 INFO:Total games: 12340
2024-06-18 16:17:58,611 INFO:Total games: 12350
2024-06-18 16:19:07,965 INFO:Total games: 12360
2024-06-18 16:20:17,515 INFO:Total games: 12370
2024-06-18 16:21:20,804 INFO:Total games: 12380
2024-06-18 16:22:48,966 INFO:Total games: 12390
2024-06-18 16:23:44,833 INFO:Total games: 12400
2024-06-18 16:24:48,968 INFO:Total games: 12410
2024-06-18 16:25:56,452 INFO:Total games: 12420
2024-06-18 16:27:09,234 INFO:Total games: 12430
2024-06-18 16:28:38,452 INFO:Total games: 12440
2024-06-18 16:29:36,110 INFO:Total games: 12450
2024-06-18 16:30:32,448 INFO:Total games: 12460
2024-06-18 16:31:33,933 INFO:Total games: 12470
2024-06-18 16:32:50,281 INFO:Total games: 12480
2024-06-18 16:34:01,644 INFO:Total games: 12490
2024-06-18 16:35:06,638 INFO:Total games: 12500
2024-06-18 16:36:27,169 INFO:Total games: 12510
2024-06-18 16:37:41,948 INFO:Total games: 12520
2024-06-18 16:39:03,930 INFO:Total games: 12530
2024-06-18 16:40:35,799 INFO:Total games: 12540
2024-06-18 16:41:07,336 INFO:Ending
2024-06-18 16:41:07,336 INFO:Duration: 1 days, 3 hours, 2 minutes, 45 seconds
