2024-06-13 22:29:42,449 INFO:Starting
2024-06-13 22:31:03,439 INFO:Total games: 10
2024-06-13 22:32:39,218 INFO:Total games: 20
2024-06-13 22:34:02,878 INFO:Total games: 30
2024-06-13 22:35:34,068 INFO:Total games: 40
2024-06-13 22:37:23,276 INFO:Total games: 50
2024-06-13 22:38:48,344 INFO:Total games: 60
2024-06-13 22:39:56,534 INFO:Total games: 70
2024-06-13 22:39:56,535 INFO:FULL
2024-06-13 22:41:56,538 INFO:FULL
2024-06-13 22:43:56,539 INFO:FULL
2024-06-13 22:47:38,803 INFO:Total games: 80
2024-06-13 22:49:04,634 INFO:Total games: 90
2024-06-13 22:50:22,029 INFO:Total games: 100
2024-06-13 22:51:47,292 INFO:Total games: 110
2024-06-13 22:53:39,442 INFO:Total games: 120
2024-06-13 22:55:19,737 INFO:Total games: 130
2024-06-13 22:57:10,377 INFO:Total games: 140
2024-06-13 22:58:56,339 INFO:Total games: 150
2024-06-13 23:00:26,427 INFO:Total games: 160
2024-06-13 23:01:47,558 INFO:Total games: 170
2024-06-13 23:03:32,133 INFO:Total games: 180
2024-06-13 23:05:09,902 INFO:Total games: 190
2024-06-13 23:06:49,977 INFO:Total games: 200
2024-06-13 23:07:59,992 INFO:Total games: 210
2024-06-13 23:09:36,272 INFO:Total games: 220
2024-06-13 23:11:23,814 INFO:Total games: 230
2024-06-13 23:12:56,326 INFO:Total games: 240
2024-06-13 23:14:21,530 INFO:Total games: 250
2024-06-13 23:15:59,208 INFO:Total games: 260
2024-06-13 23:17:47,828 INFO:Total games: 270
2024-06-13 23:19:11,981 INFO:Total games: 280
2024-06-13 23:21:03,111 INFO:Total games: 290
2024-06-13 23:22:32,562 INFO:Total games: 300
2024-06-13 23:24:18,370 INFO:Total games: 310
2024-06-13 23:25:49,230 INFO:Total games: 320
2024-06-13 23:27:29,163 INFO:Total games: 330
2024-06-13 23:29:28,220 INFO:Total games: 340
2024-06-13 23:31:02,228 INFO:Total games: 350
2024-06-13 23:32:46,319 INFO:Total games: 360
2024-06-13 23:34:23,347 INFO:Total games: 370
2024-06-13 23:36:25,235 INFO:Total games: 380
2024-06-13 23:38:21,613 INFO:Total games: 390
2024-06-13 23:40:00,236 INFO:Total games: 400
2024-06-13 23:41:37,191 INFO:Total games: 410
2024-06-13 23:43:11,825 INFO:Total games: 420
2024-06-13 23:44:37,966 INFO:Total games: 430
2024-06-13 23:46:09,525 INFO:Total games: 440
2024-06-13 23:48:00,568 INFO:Total games: 450
2024-06-13 23:49:36,128 INFO:Total games: 460
2024-06-13 23:50:54,583 INFO:Total games: 470
2024-06-13 23:52:32,525 INFO:Total games: 480
2024-06-13 23:53:47,978 INFO:Total games: 490
2024-06-13 23:55:11,334 INFO:Total games: 500
2024-06-13 23:56:52,753 INFO:Total games: 510
2024-06-13 23:58:25,750 INFO:Total games: 520
2024-06-14 00:00:00,592 INFO:Total games: 530
2024-06-14 00:01:57,287 INFO:Total games: 540
2024-06-14 00:04:03,751 INFO:Total games: 550
2024-06-14 00:05:36,528 INFO:Total games: 560
2024-06-14 00:08:10,358 INFO:Total games: 570
2024-06-14 00:10:07,829 INFO:Total games: 580
2024-06-14 00:11:56,985 INFO:Total games: 590
2024-06-14 00:13:45,661 INFO:Total games: 600
2024-06-14 00:15:27,722 INFO:Total games: 610
2024-06-14 00:16:40,694 INFO:Total games: 620
2024-06-14 00:21:03,403 INFO:Loaded new best model
2024-06-14 00:21:15,418 INFO:Total games: 630
2024-06-14 00:22:30,286 INFO:Total games: 640
2024-06-14 00:23:42,595 INFO:Total games: 650
2024-06-14 00:25:14,338 INFO:Total games: 660
2024-06-14 00:26:51,946 INFO:Total games: 670
2024-06-14 00:28:36,348 INFO:Total games: 680
2024-06-14 00:29:56,814 INFO:Total games: 690
2024-06-14 00:31:29,409 INFO:Total games: 700
2024-06-14 00:32:57,994 INFO:Total games: 710
2024-06-14 00:34:14,061 INFO:Total games: 720
2024-06-14 00:35:49,006 INFO:Total games: 730
2024-06-14 00:37:13,033 INFO:Total games: 740
2024-06-14 00:39:00,395 INFO:Total games: 750
2024-06-14 00:40:12,946 INFO:Total games: 760
2024-06-14 00:42:01,182 INFO:Total games: 770
2024-06-14 00:43:34,699 INFO:Total games: 780
2024-06-14 00:45:11,457 INFO:Total games: 790
2024-06-14 00:46:28,091 INFO:Total games: 800
2024-06-14 00:48:12,389 INFO:Total games: 810
2024-06-14 00:49:57,892 INFO:Total games: 820
2024-06-14 00:51:26,375 INFO:Total games: 830
2024-06-14 00:53:04,295 INFO:Total games: 840
2024-06-14 00:54:38,084 INFO:Total games: 850
2024-06-14 00:56:25,478 INFO:Total games: 860
2024-06-14 00:57:42,617 INFO:Total games: 870
2024-06-14 00:59:16,731 INFO:Total games: 880
2024-06-14 01:00:49,355 INFO:Total games: 890
2024-06-14 01:02:26,693 INFO:Total games: 900
2024-06-14 01:03:49,691 INFO:Total games: 910
2024-06-14 01:05:09,109 INFO:Total games: 920
2024-06-14 01:06:33,052 INFO:Total games: 930
2024-06-14 01:08:13,831 INFO:Total games: 940
2024-06-14 01:09:55,065 INFO:Total games: 950
2024-06-14 01:11:38,409 INFO:Total games: 960
2024-06-14 01:12:54,415 INFO:Total games: 970
2024-06-14 01:14:36,968 INFO:Total games: 980
2024-06-14 01:16:27,107 INFO:Total games: 990
2024-06-14 01:17:51,411 INFO:Total games: 1000
2024-06-14 01:19:25,704 INFO:Total games: 1010
2024-06-14 01:20:55,296 INFO:Total games: 1020
2024-06-14 01:22:46,130 INFO:Total games: 1030
2024-06-14 01:24:16,639 INFO:Total games: 1040
2024-06-14 01:26:02,458 INFO:Total games: 1050
2024-06-14 01:27:40,827 INFO:Total games: 1060
2024-06-14 01:28:59,783 INFO:Total games: 1070
2024-06-14 01:30:29,626 INFO:Total games: 1080
2024-06-14 01:31:40,001 INFO:Total games: 1090
2024-06-14 01:33:06,082 INFO:Total games: 1100
2024-06-14 01:34:27,031 INFO:Total games: 1110
2024-06-14 01:35:45,502 INFO:Total games: 1120
2024-06-14 01:37:30,079 INFO:Total games: 1130
2024-06-14 01:39:13,116 INFO:Total games: 1140
2024-06-14 01:40:46,818 INFO:Total games: 1150
2024-06-14 01:42:18,807 INFO:Total games: 1160
2024-06-14 01:44:10,756 INFO:Total games: 1170
2024-06-14 01:45:46,117 INFO:Total games: 1180
2024-06-14 01:46:43,699 INFO:Total games: 1190
2024-06-14 01:52:07,522 INFO:Total games: 1200
2024-06-14 01:52:53,438 INFO:Loaded new best model
2024-06-14 01:54:01,456 INFO:Total games: 1210
2024-06-14 01:55:30,028 INFO:Total games: 1220
2024-06-14 01:57:13,598 INFO:Total games: 1230
2024-06-14 01:58:53,087 INFO:Total games: 1240
2024-06-14 02:00:24,749 INFO:Total games: 1250
2024-06-14 02:01:42,042 INFO:Total games: 1260
2024-06-14 02:03:29,034 INFO:Total games: 1270
2024-06-14 02:05:32,672 INFO:Total games: 1280
2024-06-14 02:07:08,039 INFO:Total games: 1290
2024-06-14 02:08:34,274 INFO:Total games: 1300
2024-06-14 02:10:22,107 INFO:Total games: 1310
2024-06-14 02:12:06,449 INFO:Total games: 1320
2024-06-14 02:13:35,171 INFO:Total games: 1330
2024-06-14 02:14:56,805 INFO:Total games: 1340
2024-06-14 02:16:49,023 INFO:Total games: 1350
2024-06-14 02:18:21,071 INFO:Total games: 1360
2024-06-14 02:20:31,521 INFO:Total games: 1370
2024-06-14 02:22:06,821 INFO:Total games: 1380
2024-06-14 02:23:50,002 INFO:Total games: 1390
2024-06-14 02:25:21,465 INFO:Total games: 1400
2024-06-14 02:27:01,288 INFO:Total games: 1410
2024-06-14 02:28:33,836 INFO:Total games: 1420
2024-06-14 02:30:17,935 INFO:Total games: 1430
2024-06-14 02:32:26,509 INFO:Total games: 1440
2024-06-14 02:33:55,061 INFO:Total games: 1450
2024-06-14 02:35:38,488 INFO:Total games: 1460
2024-06-14 02:37:19,874 INFO:Total games: 1470
2024-06-14 02:38:54,548 INFO:Total games: 1480
2024-06-14 02:40:25,121 INFO:Total games: 1490
2024-06-14 02:42:08,447 INFO:Total games: 1500
2024-06-14 02:43:41,880 INFO:Total games: 1510
2024-06-14 02:45:15,992 INFO:Total games: 1520
2024-06-14 02:46:30,982 INFO:Total games: 1530
2024-06-14 02:48:09,445 INFO:Total games: 1540
2024-06-14 02:49:34,556 INFO:Total games: 1550
2024-06-14 02:51:00,633 INFO:Total games: 1560
2024-06-14 02:52:42,143 INFO:Total games: 1570
2024-06-14 02:53:58,841 INFO:Total games: 1580
2024-06-14 02:55:16,618 INFO:Total games: 1590
2024-06-14 02:56:37,828 INFO:Total games: 1600
2024-06-14 02:58:25,746 INFO:Total games: 1610
2024-06-14 03:00:10,440 INFO:Total games: 1620
2024-06-14 03:02:11,489 INFO:Total games: 1630
2024-06-14 03:03:44,301 INFO:Total games: 1640
2024-06-14 03:05:32,405 INFO:Total games: 1650
2024-06-14 03:07:04,321 INFO:Total games: 1660
2024-06-14 03:08:48,032 INFO:Total games: 1670
2024-06-14 03:10:49,714 INFO:Total games: 1680
2024-06-14 03:12:07,138 INFO:Total games: 1690
2024-06-14 03:13:29,033 INFO:Total games: 1700
2024-06-14 03:14:36,405 INFO:Total games: 1710
2024-06-14 03:15:54,689 INFO:Total games: 1720
2024-06-14 03:17:02,851 INFO:Total games: 1730
2024-06-14 03:18:33,191 INFO:Total games: 1740
2024-06-14 03:20:14,826 INFO:Total games: 1750
2024-06-14 03:22:06,436 INFO:Total games: 1760
2024-06-14 03:23:59,873 INFO:Total games: 1770
2024-06-14 03:25:48,784 INFO:Total games: 1780
2024-06-14 03:27:08,916 INFO:Total games: 1790
2024-06-14 03:32:36,883 INFO:Total games: 1800
2024-06-14 03:34:40,086 INFO:Total games: 1810
2024-06-14 03:35:59,959 INFO:Total games: 1820
2024-06-14 03:37:14,195 INFO:Total games: 1830
2024-06-14 03:38:52,054 INFO:Total games: 1840
2024-06-14 03:40:32,725 INFO:Total games: 1850
2024-06-14 03:42:04,369 INFO:Total games: 1860
2024-06-14 03:43:15,781 INFO:Total games: 1870
2024-06-14 03:44:51,003 INFO:Total games: 1880
2024-06-14 03:46:33,851 INFO:Total games: 1890
2024-06-14 03:48:20,545 INFO:Total games: 1900
2024-06-14 03:49:46,037 INFO:Total games: 1910
2024-06-14 03:50:46,739 INFO:Total games: 1920
2024-06-14 03:52:12,729 INFO:Total games: 1930
2024-06-14 03:53:49,820 INFO:Total games: 1940
2024-06-14 03:55:02,393 INFO:Total games: 1950
2024-06-14 03:56:35,766 INFO:Total games: 1960
2024-06-14 03:58:12,775 INFO:Total games: 1970
2024-06-14 03:59:58,960 INFO:Total games: 1980
2024-06-14 04:01:48,509 INFO:Total games: 1990
2024-06-14 04:03:11,000 INFO:Total games: 2000
2024-06-14 04:04:41,347 INFO:Total games: 2010
2024-06-14 04:06:23,790 INFO:Total games: 2020
2024-06-14 04:07:42,734 INFO:Total games: 2030
2024-06-14 04:09:12,872 INFO:Total games: 2040
2024-06-14 04:10:49,535 INFO:Total games: 2050
2024-06-14 04:12:39,811 INFO:Total games: 2060
2024-06-14 04:13:54,573 INFO:Total games: 2070
2024-06-14 04:15:28,928 INFO:Total games: 2080
2024-06-14 04:16:51,914 INFO:Total games: 2090
2024-06-14 04:18:33,233 INFO:Total games: 2100
2024-06-14 04:20:15,984 INFO:Total games: 2110
2024-06-14 04:22:00,537 INFO:Total games: 2120
2024-06-14 04:23:28,063 INFO:Total games: 2130
2024-06-14 04:24:36,579 INFO:Total games: 2140
2024-06-14 04:26:00,709 INFO:Total games: 2150
2024-06-14 04:27:41,020 INFO:Total games: 2160
2024-06-14 04:29:04,845 INFO:Total games: 2170
2024-06-14 04:30:28,091 INFO:Total games: 2180
2024-06-14 04:32:13,461 INFO:Total games: 2190
2024-06-14 04:34:16,766 INFO:Total games: 2200
2024-06-14 04:36:09,784 INFO:Total games: 2210
2024-06-14 04:37:42,227 INFO:Total games: 2220
2024-06-14 04:39:11,919 INFO:Total games: 2230
2024-06-14 04:40:41,029 INFO:Total games: 2240
2024-06-14 04:42:21,456 INFO:Total games: 2250
2024-06-14 04:44:00,619 INFO:Total games: 2260
2024-06-14 04:45:39,319 INFO:Total games: 2270
2024-06-14 04:47:05,456 INFO:Total games: 2280
2024-06-14 04:48:42,275 INFO:Total games: 2290
2024-06-14 04:50:11,978 INFO:Total games: 2300
2024-06-14 04:52:13,009 INFO:Total games: 2310
2024-06-14 04:53:53,747 INFO:Total games: 2320
2024-06-14 04:55:19,290 INFO:Total games: 2330
2024-06-14 04:56:46,289 INFO:Total games: 2340
2024-06-14 05:02:37,224 INFO:Total games: 2350
2024-06-14 05:04:04,986 INFO:Total games: 2360
2024-06-14 05:05:31,458 INFO:Total games: 2370
2024-06-14 05:07:31,871 INFO:Total games: 2380
2024-06-14 05:09:07,692 INFO:Total games: 2390
2024-06-14 05:10:35,318 INFO:Total games: 2400
2024-06-14 05:12:12,013 INFO:Total games: 2410
2024-06-14 05:13:51,129 INFO:Total games: 2420
2024-06-14 05:15:25,412 INFO:Total games: 2430
2024-06-14 05:16:54,541 INFO:Total games: 2440
2024-06-14 05:18:36,628 INFO:Total games: 2450
2024-06-14 05:20:33,809 INFO:Total games: 2460
2024-06-14 05:21:48,135 INFO:Total games: 2470
2024-06-14 05:23:27,049 INFO:Total games: 2480
2024-06-14 05:25:02,266 INFO:Total games: 2490
2024-06-14 05:26:42,227 INFO:Total games: 2500
2024-06-14 05:27:59,077 INFO:Total games: 2510
2024-06-14 05:29:43,779 INFO:Total games: 2520
2024-06-14 05:31:10,083 INFO:Total games: 2530
2024-06-14 05:32:39,844 INFO:Total games: 2540
2024-06-14 05:34:22,482 INFO:Total games: 2550
2024-06-14 05:36:14,679 INFO:Total games: 2560
2024-06-14 05:37:45,871 INFO:Total games: 2570
2024-06-14 05:39:34,919 INFO:Total games: 2580
2024-06-14 05:41:22,221 INFO:Total games: 2590
2024-06-14 05:42:52,461 INFO:Total games: 2600
2024-06-14 05:44:25,845 INFO:Total games: 2610
2024-06-14 05:46:00,761 INFO:Total games: 2620
2024-06-14 05:47:35,430 INFO:Total games: 2630
2024-06-14 05:49:03,414 INFO:Total games: 2640
2024-06-14 05:51:39,440 INFO:Total games: 2650
2024-06-14 05:53:01,521 INFO:Total games: 2660
2024-06-14 05:54:07,048 INFO:Total games: 2670
2024-06-14 05:55:45,685 INFO:Total games: 2680
2024-06-14 05:57:13,550 INFO:Total games: 2690
2024-06-14 05:58:41,523 INFO:Total games: 2700
2024-06-14 06:00:22,996 INFO:Total games: 2710
2024-06-14 06:01:58,534 INFO:Total games: 2720
2024-06-14 06:03:32,683 INFO:Total games: 2730
2024-06-14 06:05:06,356 INFO:Total games: 2740
2024-06-14 06:06:37,440 INFO:Total games: 2750
2024-06-14 06:07:52,621 INFO:Total games: 2760
2024-06-14 06:09:35,150 INFO:Total games: 2770
2024-06-14 06:11:10,244 INFO:Total games: 2780
2024-06-14 06:12:30,155 INFO:Total games: 2790
2024-06-14 06:13:50,025 INFO:Total games: 2800
2024-06-14 06:15:27,866 INFO:Total games: 2810
2024-06-14 06:17:05,823 INFO:Total games: 2820
2024-06-14 06:18:39,908 INFO:Total games: 2830
2024-06-14 06:20:26,249 INFO:Total games: 2840
2024-06-14 06:22:06,285 INFO:Total games: 2850
2024-06-14 06:23:22,387 INFO:Total games: 2860
2024-06-14 06:24:42,358 INFO:Total games: 2870
2024-06-14 06:26:11,729 INFO:Total games: 2880
2024-06-14 06:32:36,847 INFO:Total games: 2890
2024-06-14 06:34:14,453 INFO:Total games: 2900
2024-06-14 06:35:48,459 INFO:Total games: 2910
2024-06-14 06:37:20,504 INFO:Total games: 2920
2024-06-14 06:39:10,391 INFO:Total games: 2930
2024-06-14 06:40:44,380 INFO:Total games: 2940
2024-06-14 06:42:16,637 INFO:Total games: 2950
2024-06-14 06:43:23,404 INFO:Total games: 2960
2024-06-14 06:45:11,868 INFO:Total games: 2970
2024-06-14 06:46:47,593 INFO:Total games: 2980
2024-06-14 06:48:35,357 INFO:Total games: 2990
2024-06-14 06:50:00,642 INFO:Total games: 3000
2024-06-14 06:51:47,455 INFO:Total games: 3010
2024-06-14 06:53:19,228 INFO:Total games: 3020
2024-06-14 06:55:06,480 INFO:Total games: 3030
2024-06-14 06:56:32,933 INFO:Total games: 3040
2024-06-14 06:58:15,352 INFO:Total games: 3050
2024-06-14 06:59:59,246 INFO:Total games: 3060
2024-06-14 07:01:11,892 INFO:Total games: 3070
2024-06-14 07:02:32,100 INFO:Total games: 3080
2024-06-14 07:04:07,789 INFO:Total games: 3090
2024-06-14 07:05:45,613 INFO:Total games: 3100
2024-06-14 07:07:14,773 INFO:Total games: 3110
2024-06-14 07:08:49,524 INFO:Total games: 3120
2024-06-14 07:10:23,076 INFO:Total games: 3130
2024-06-14 07:12:12,493 INFO:Total games: 3140
2024-06-14 07:13:52,794 INFO:Total games: 3150
2024-06-14 07:15:07,934 INFO:Total games: 3160
2024-06-14 07:16:50,066 INFO:Total games: 3170
2024-06-14 07:18:22,220 INFO:Total games: 3180
2024-06-14 07:20:10,473 INFO:Total games: 3190
2024-06-14 07:21:29,215 INFO:Total games: 3200
2024-06-14 07:22:57,406 INFO:Total games: 3210
2024-06-14 07:24:44,516 INFO:Total games: 3220
2024-06-14 07:26:08,700 INFO:Total games: 3230
2024-06-14 07:27:20,924 INFO:Total games: 3240
2024-06-14 07:29:02,141 INFO:Total games: 3250
2024-06-14 07:30:22,585 INFO:Total games: 3260
2024-06-14 07:31:52,113 INFO:Total games: 3270
2024-06-14 07:33:34,256 INFO:Total games: 3280
2024-06-14 07:35:35,329 INFO:Total games: 3290
2024-06-14 07:36:47,336 INFO:Total games: 3300
2024-06-14 07:38:15,543 INFO:Total games: 3310
2024-06-14 07:40:01,221 INFO:Total games: 3320
2024-06-14 07:41:27,124 INFO:Total games: 3330
2024-06-14 07:42:58,827 INFO:Total games: 3340
2024-06-14 07:44:29,218 INFO:Total games: 3350
2024-06-14 07:45:57,497 INFO:Total games: 3360
2024-06-14 07:47:49,002 INFO:Total games: 3370
2024-06-14 07:49:41,226 INFO:Total games: 3380
2024-06-14 07:51:18,121 INFO:Total games: 3390
2024-06-14 07:52:49,322 INFO:Total games: 3400
2024-06-14 07:54:16,873 INFO:Total games: 3410
2024-06-14 07:55:33,364 INFO:Total games: 3420
2024-06-14 08:00:36,582 INFO:Total games: 3430
2024-06-14 08:01:53,688 INFO:Total games: 3440
2024-06-14 08:03:08,845 INFO:Total games: 3450
2024-06-14 08:04:59,533 INFO:Total games: 3460
2024-06-14 08:06:45,720 INFO:Total games: 3470
2024-06-14 08:08:19,275 INFO:Total games: 3480
2024-06-14 08:09:59,089 INFO:Total games: 3490
2024-06-14 08:11:23,873 INFO:Total games: 3500
2024-06-14 08:13:02,991 INFO:Total games: 3510
2024-06-14 08:14:32,871 INFO:Total games: 3520
2024-06-14 08:16:05,558 INFO:Total games: 3530
2024-06-14 08:17:58,278 INFO:Total games: 3540
2024-06-14 08:19:25,809 INFO:Total games: 3550
2024-06-14 08:21:11,658 INFO:Total games: 3560
2024-06-14 08:23:00,513 INFO:Total games: 3570
2024-06-14 08:24:53,818 INFO:Total games: 3580
2024-06-14 08:26:22,124 INFO:Total games: 3590
2024-06-14 08:27:34,653 INFO:Total games: 3600
2024-06-14 08:28:57,792 INFO:Total games: 3610
2024-06-14 08:30:27,156 INFO:Total games: 3620
2024-06-14 08:32:08,928 INFO:Total games: 3630
2024-06-14 08:33:47,683 INFO:Total games: 3640
2024-06-14 08:35:25,407 INFO:Total games: 3650
2024-06-14 08:36:43,699 INFO:Total games: 3660
2024-06-14 08:38:10,067 INFO:Total games: 3670
2024-06-14 08:39:36,287 INFO:Total games: 3680
2024-06-14 08:40:58,839 INFO:Total games: 3690
2024-06-14 08:42:28,700 INFO:Total games: 3700
2024-06-14 08:44:02,194 INFO:Total games: 3710
2024-06-14 08:45:21,462 INFO:Total games: 3720
2024-06-14 08:46:58,686 INFO:Total games: 3730
2024-06-14 08:48:43,768 INFO:Total games: 3740
2024-06-14 08:49:57,479 INFO:Total games: 3750
2024-06-14 08:51:29,585 INFO:Total games: 3760
2024-06-14 08:52:50,782 INFO:Total games: 3770
2024-06-14 08:54:02,125 INFO:Total games: 3780
2024-06-14 08:55:17,666 INFO:Total games: 3790
2024-06-14 08:56:56,173 INFO:Total games: 3800
2024-06-14 08:58:42,177 INFO:Total games: 3810
2024-06-14 08:59:59,445 INFO:Total games: 3820
2024-06-14 09:01:35,377 INFO:Total games: 3830
2024-06-14 09:03:25,956 INFO:Total games: 3840
2024-06-14 09:04:34,562 INFO:Total games: 3850
2024-06-14 09:05:45,561 INFO:Total games: 3860
2024-06-14 09:07:27,099 INFO:Total games: 3870
2024-06-14 09:09:05,681 INFO:Total games: 3880
2024-06-14 09:10:46,421 INFO:Total games: 3890
2024-06-14 09:12:11,397 INFO:Total games: 3900
2024-06-14 09:13:49,067 INFO:Total games: 3910
2024-06-14 09:15:33,981 INFO:Total games: 3920
2024-06-14 09:17:18,786 INFO:Total games: 3930
2024-06-14 09:19:08,033 INFO:Total games: 3940
2024-06-14 09:21:26,499 INFO:Total games: 3950
2024-06-14 09:23:07,048 INFO:Total games: 3960
2024-06-14 09:24:18,352 INFO:Total games: 3970
2024-06-14 09:25:21,621 INFO:Total games: 3980
2024-06-14 09:29:55,903 INFO:Total games: 3990
2024-06-14 09:31:42,612 INFO:Total games: 4000
2024-06-14 09:33:21,388 INFO:Total games: 4010
2024-06-14 09:34:48,762 INFO:Total games: 4020
2024-06-14 09:36:26,199 INFO:Total games: 4030
2024-06-14 09:38:13,037 INFO:Total games: 4040
2024-06-14 09:39:38,955 INFO:Total games: 4050
2024-06-14 09:41:15,457 INFO:Total games: 4060
2024-06-14 09:42:55,395 INFO:Total games: 4070
2024-06-14 09:44:11,117 INFO:Total games: 4080
2024-06-14 09:45:13,752 INFO:Total games: 4090
2024-06-14 09:46:58,631 INFO:Total games: 4100
2024-06-14 09:48:33,574 INFO:Total games: 4110
2024-06-14 09:50:00,062 INFO:Total games: 4120
2024-06-14 09:51:28,940 INFO:Total games: 4130
2024-06-14 09:53:20,102 INFO:Total games: 4140
2024-06-14 09:55:09,455 INFO:Total games: 4150
2024-06-14 09:56:41,133 INFO:Total games: 4160
2024-06-14 09:58:11,351 INFO:Total games: 4170
2024-06-14 09:59:53,569 INFO:Total games: 4180
2024-06-14 10:01:27,093 INFO:Total games: 4190
2024-06-14 10:03:00,492 INFO:Total games: 4200
2024-06-14 10:04:45,034 INFO:Total games: 4210
2024-06-14 10:06:24,914 INFO:Total games: 4220
2024-06-14 10:07:56,093 INFO:Total games: 4230
2024-06-14 10:09:42,285 INFO:Total games: 4240
2024-06-14 10:11:01,405 INFO:Total games: 4250
2024-06-14 10:12:38,581 INFO:Total games: 4260
2024-06-14 10:14:15,645 INFO:Total games: 4270
2024-06-14 10:16:00,798 INFO:Total games: 4280
2024-06-14 10:17:24,358 INFO:Total games: 4290
2024-06-14 10:19:19,987 INFO:Total games: 4300
2024-06-14 10:20:41,370 INFO:Total games: 4310
2024-06-14 10:22:01,483 INFO:Total games: 4320
2024-06-14 10:23:21,093 INFO:Total games: 4330
2024-06-14 10:25:01,663 INFO:Total games: 4340
2024-06-14 10:26:43,421 INFO:Total games: 4350
2024-06-14 10:28:28,470 INFO:Total games: 4360
2024-06-14 10:29:47,659 INFO:Total games: 4370
2024-06-14 10:31:26,883 INFO:Total games: 4380
2024-06-14 10:33:00,607 INFO:Total games: 4390
2024-06-14 10:34:37,174 INFO:Total games: 4400
2024-06-14 10:36:32,006 INFO:Total games: 4410
2024-06-14 10:38:10,252 INFO:Total games: 4420
2024-06-14 10:39:47,135 INFO:Total games: 4430
2024-06-14 10:41:47,961 INFO:Total games: 4440
2024-06-14 10:43:20,028 INFO:Total games: 4450
2024-06-14 10:44:39,858 INFO:Total games: 4460
2024-06-14 10:46:16,358 INFO:Total games: 4470
2024-06-14 10:48:09,904 INFO:Total games: 4480
2024-06-14 10:50:03,348 INFO:Total games: 4490
2024-06-14 10:51:27,264 INFO:Total games: 4500
2024-06-14 10:52:39,259 INFO:Total games: 4510
2024-06-14 10:58:06,575 INFO:Total games: 4520
2024-06-14 10:59:27,227 INFO:Total games: 4530
2024-06-14 11:00:36,538 INFO:Total games: 4540
2024-06-14 11:02:25,199 INFO:Total games: 4550
2024-06-14 11:04:03,009 INFO:Total games: 4560
2024-06-14 11:05:32,804 INFO:Total games: 4570
2024-06-14 11:06:56,359 INFO:Total games: 4580
2024-06-14 11:08:41,561 INFO:Total games: 4590
2024-06-14 11:10:30,966 INFO:Total games: 4600
2024-06-14 11:11:57,822 INFO:Total games: 4610
2024-06-14 11:13:36,447 INFO:Total games: 4620
2024-06-14 11:15:17,956 INFO:Total games: 4630
2024-06-14 11:16:55,248 INFO:Total games: 4640
2024-06-14 11:18:30,136 INFO:Total games: 4650
2024-06-14 11:20:02,131 INFO:Total games: 4660
2024-06-14 11:21:32,487 INFO:Total games: 4670
2024-06-14 11:23:02,791 INFO:Total games: 4680
2024-06-14 11:24:35,598 INFO:Total games: 4690
2024-06-14 11:25:47,702 INFO:Total games: 4700
2024-06-14 11:27:50,146 INFO:Total games: 4710
2024-06-14 11:29:14,477 INFO:Total games: 4720
2024-06-14 11:30:34,811 INFO:Total games: 4730
2024-06-14 11:32:02,101 INFO:Total games: 4740
2024-06-14 11:33:44,087 INFO:Total games: 4750
2024-06-14 11:35:17,308 INFO:Total games: 4760
2024-06-14 11:36:39,248 INFO:Total games: 4770
2024-06-14 11:38:12,855 INFO:Total games: 4780
2024-06-14 11:39:36,482 INFO:Total games: 4790
2024-06-14 11:41:06,169 INFO:Total games: 4800
2024-06-14 11:42:33,354 INFO:Total games: 4810
2024-06-14 11:44:08,918 INFO:Total games: 4820
2024-06-14 11:45:55,774 INFO:Total games: 4830
2024-06-14 11:47:26,519 INFO:Total games: 4840
2024-06-14 11:48:39,881 INFO:Total games: 4850
2024-06-14 11:50:19,099 INFO:Total games: 4860
2024-06-14 11:51:22,298 INFO:Total games: 4870
2024-06-14 11:52:48,789 INFO:Total games: 4880
2024-06-14 11:54:18,446 INFO:Total games: 4890
2024-06-14 11:55:30,643 INFO:Total games: 4900
2024-06-14 11:57:06,519 INFO:Total games: 4910
2024-06-14 11:59:01,986 INFO:Total games: 4920
2024-06-14 12:00:16,965 INFO:Total games: 4930
2024-06-14 12:01:49,520 INFO:Total games: 4940
2024-06-14 12:03:38,636 INFO:Total games: 4950
2024-06-14 12:04:58,353 INFO:Total games: 4960
2024-06-14 12:06:32,040 INFO:Total games: 4970
2024-06-14 12:07:50,536 INFO:Total games: 4980
2024-06-14 12:09:32,619 INFO:Total games: 4990
2024-06-14 12:11:12,395 INFO:Total games: 5000
2024-06-14 12:12:34,868 INFO:Total games: 5010
2024-06-14 12:14:11,094 INFO:Total games: 5020
2024-06-14 12:15:49,334 INFO:Total games: 5030
2024-06-14 12:17:45,546 INFO:Total games: 5040
2024-06-14 12:19:33,285 INFO:Total games: 5050
2024-06-14 12:20:58,406 INFO:Total games: 5060
2024-06-14 12:22:11,434 INFO:Total games: 5070
2024-06-14 12:27:48,268 INFO:Total games: 5080
2024-06-14 12:29:13,465 INFO:Total games: 5090
2024-06-14 12:30:46,591 INFO:Total games: 5100
2024-06-14 12:32:20,455 INFO:Total games: 5110
2024-06-14 12:34:00,909 INFO:Total games: 5120
2024-06-14 12:35:43,760 INFO:Total games: 5130
2024-06-14 12:37:15,473 INFO:Total games: 5140
2024-06-14 12:38:53,842 INFO:Total games: 5150
2024-06-14 12:40:52,621 INFO:Total games: 5160
2024-06-14 12:42:06,866 INFO:Total games: 5170
2024-06-14 12:43:51,280 INFO:Total games: 5180
2024-06-14 12:45:37,502 INFO:Total games: 5190
2024-06-14 12:47:30,558 INFO:Total games: 5200
2024-06-14 12:49:00,523 INFO:Total games: 5210
2024-06-14 12:50:17,929 INFO:Total games: 5220
2024-06-14 12:51:44,108 INFO:Total games: 5230
2024-06-14 12:53:17,896 INFO:Total games: 5240
2024-06-14 12:54:39,488 INFO:Total games: 5250
2024-06-14 12:56:10,892 INFO:Total games: 5260
2024-06-14 12:57:40,335 INFO:Total games: 5270
2024-06-14 12:59:26,951 INFO:Total games: 5280
2024-06-14 13:01:18,698 INFO:Total games: 5290
2024-06-14 13:02:43,388 INFO:Total games: 5300
2024-06-14 13:04:13,863 INFO:Total games: 5310
2024-06-14 13:05:44,159 INFO:Total games: 5320
2024-06-14 13:07:17,450 INFO:Total games: 5330
2024-06-14 13:09:07,136 INFO:Total games: 5340
2024-06-14 13:10:42,268 INFO:Total games: 5350
2024-06-14 13:12:25,514 INFO:Total games: 5360
2024-06-14 13:13:42,515 INFO:Total games: 5370
2024-06-14 13:15:24,476 INFO:Total games: 5380
2024-06-14 13:16:49,779 INFO:Total games: 5390
2024-06-14 13:18:23,703 INFO:Total games: 5400
2024-06-14 13:20:06,388 INFO:Total games: 5410
2024-06-14 13:21:45,321 INFO:Total games: 5420
2024-06-14 13:23:05,784 INFO:Total games: 5430
2024-06-14 13:24:30,468 INFO:Total games: 5440
2024-06-14 13:26:03,549 INFO:Total games: 5450
2024-06-14 13:27:45,285 INFO:Total games: 5460
2024-06-14 13:29:33,285 INFO:Total games: 5470
2024-06-14 13:31:24,271 INFO:Total games: 5480
2024-06-14 13:33:09,362 INFO:Total games: 5490
2024-06-14 13:34:54,317 INFO:Total games: 5500
2024-06-14 13:36:13,329 INFO:Total games: 5510
2024-06-14 13:38:14,327 INFO:Total games: 5520
2024-06-14 13:40:09,233 INFO:Total games: 5530
2024-06-14 13:41:41,740 INFO:Total games: 5540
2024-06-14 13:43:47,117 INFO:Total games: 5550
2024-06-14 13:45:22,725 INFO:Total games: 5560
2024-06-14 13:47:06,601 INFO:Total games: 5570
2024-06-14 13:48:31,760 INFO:Total games: 5580
2024-06-14 13:50:09,294 INFO:Total games: 5590
2024-06-14 13:51:22,111 INFO:Total games: 5600
2024-06-14 13:56:14,111 INFO:Total games: 5610
2024-06-14 13:57:51,352 INFO:Total games: 5620
2024-06-14 13:59:18,280 INFO:Total games: 5630
2024-06-14 14:00:54,797 INFO:Total games: 5640
2024-06-14 14:02:10,050 INFO:Total games: 5650
2024-06-14 14:03:26,659 INFO:Total games: 5660
2024-06-14 14:05:02,669 INFO:Total games: 5670
2024-06-14 14:06:17,386 INFO:Total games: 5680
2024-06-14 14:07:56,577 INFO:Total games: 5690
2024-06-14 14:09:32,376 INFO:Total games: 5700
2024-06-14 14:11:03,390 INFO:Total games: 5710
2024-06-14 14:12:37,402 INFO:Total games: 5720
2024-06-14 14:14:06,465 INFO:Total games: 5730
2024-06-14 14:15:49,308 INFO:Total games: 5740
2024-06-14 14:17:38,177 INFO:Total games: 5750
2024-06-14 14:19:18,510 INFO:Total games: 5760
2024-06-14 14:20:44,823 INFO:Total games: 5770
2024-06-14 14:22:37,947 INFO:Total games: 5780
2024-06-14 14:24:12,686 INFO:Total games: 5790
2024-06-14 14:25:59,880 INFO:Total games: 5800
2024-06-14 14:27:32,795 INFO:Total games: 5810
2024-06-14 14:29:06,231 INFO:Total games: 5820
2024-06-14 14:30:20,241 INFO:Total games: 5830
2024-06-14 14:32:06,445 INFO:Total games: 5840
2024-06-14 14:33:48,476 INFO:Total games: 5850
2024-06-14 14:35:27,865 INFO:Total games: 5860
2024-06-14 14:37:07,454 INFO:Total games: 5870
2024-06-14 14:38:51,857 INFO:Total games: 5880
2024-06-14 14:40:22,718 INFO:Total games: 5890
2024-06-14 14:42:06,916 INFO:Total games: 5900
2024-06-14 14:43:28,892 INFO:Total games: 5910
2024-06-14 14:44:50,437 INFO:Total games: 5920
2024-06-14 14:46:32,103 INFO:Total games: 5930
2024-06-14 14:48:23,001 INFO:Total games: 5940
2024-06-14 14:49:53,157 INFO:Total games: 5950
2024-06-14 14:51:21,475 INFO:Total games: 5960
2024-06-14 14:52:59,955 INFO:Total games: 5970
2024-06-14 14:54:41,308 INFO:Total games: 5980
2024-06-14 14:56:23,933 INFO:Total games: 5990
2024-06-14 14:57:41,772 INFO:Total games: 6000
2024-06-14 14:59:15,644 INFO:Total games: 6010
2024-06-14 15:00:35,230 INFO:Total games: 6020
2024-06-14 15:02:10,150 INFO:Total games: 6030
2024-06-14 15:03:43,508 INFO:Total games: 6040
2024-06-14 15:05:07,389 INFO:Total games: 6050
2024-06-14 15:06:40,279 INFO:Total games: 6060
2024-06-14 15:08:18,283 INFO:Total games: 6070
2024-06-14 15:09:46,223 INFO:Total games: 6080
2024-06-14 15:11:10,877 INFO:Total games: 6090
2024-06-14 15:13:05,083 INFO:Total games: 6100
2024-06-14 15:14:43,702 INFO:Total games: 6110
2024-06-14 15:16:35,520 INFO:Total games: 6120
2024-06-14 15:18:00,583 INFO:Total games: 6130
2024-06-14 15:19:22,220 INFO:Total games: 6140
2024-06-14 15:20:38,154 INFO:Total games: 6150
2024-06-14 15:25:43,587 INFO:Total games: 6160
2024-06-14 15:27:14,795 INFO:Total games: 6170
2024-06-14 15:28:40,694 INFO:Total games: 6180
2024-06-14 15:30:12,092 INFO:Total games: 6190
2024-06-14 15:31:38,016 INFO:Total games: 6200
2024-06-14 15:33:04,952 INFO:Total games: 6210
2024-06-14 15:34:42,243 INFO:Total games: 6220
2024-06-14 15:36:24,744 INFO:Total games: 6230
2024-06-14 15:37:55,497 INFO:Total games: 6240
2024-06-14 15:39:27,775 INFO:Total games: 6250
2024-06-14 15:40:50,527 INFO:Total games: 6260
2024-06-14 15:42:34,721 INFO:Total games: 6270
2024-06-14 15:44:27,253 INFO:Total games: 6280
2024-06-14 15:45:43,144 INFO:Total games: 6290
2024-06-14 15:46:46,826 INFO:Total games: 6300
2024-06-14 15:48:25,359 INFO:Total games: 6310
2024-06-14 15:50:04,926 INFO:Total games: 6320
2024-06-14 15:51:29,351 INFO:Total games: 6330
2024-06-14 15:53:11,629 INFO:Total games: 6340
2024-06-14 15:54:50,067 INFO:Total games: 6350
2024-06-14 15:56:28,446 INFO:Total games: 6360
2024-06-14 15:58:00,770 INFO:Total games: 6370
2024-06-14 15:59:15,524 INFO:Total games: 6380
2024-06-14 16:00:46,970 INFO:Total games: 6390
2024-06-14 16:02:27,223 INFO:Total games: 6400
2024-06-14 16:04:11,664 INFO:Total games: 6410
2024-06-14 16:05:41,074 INFO:Total games: 6420
2024-06-14 16:07:07,264 INFO:Total games: 6430
2024-06-14 16:08:31,719 INFO:Total games: 6440
2024-06-14 16:10:03,127 INFO:Total games: 6450
2024-06-14 16:11:24,203 INFO:Total games: 6460
2024-06-14 16:12:46,921 INFO:Total games: 6470
2024-06-14 16:13:56,498 INFO:Total games: 6480
2024-06-14 16:15:07,573 INFO:Total games: 6490
2024-06-14 16:16:47,208 INFO:Total games: 6500
2024-06-14 16:18:08,280 INFO:Total games: 6510
2024-06-14 16:19:12,591 INFO:Total games: 6520
2024-06-14 16:20:42,063 INFO:Total games: 6530
2024-06-14 16:22:17,757 INFO:Total games: 6540
2024-06-14 16:23:59,718 INFO:Total games: 6550
2024-06-14 16:25:42,558 INFO:Total games: 6560
2024-06-14 16:27:18,333 INFO:Total games: 6570
2024-06-14 16:29:00,635 INFO:Total games: 6580
2024-06-14 16:30:28,463 INFO:Total games: 6590
2024-06-14 16:31:54,413 INFO:Total games: 6600
2024-06-14 16:33:31,244 INFO:Total games: 6610
2024-06-14 16:35:20,817 INFO:Total games: 6620
2024-06-14 16:37:14,145 INFO:Total games: 6630
2024-06-14 16:38:37,283 INFO:Total games: 6640
2024-06-14 16:40:07,490 INFO:Total games: 6650
2024-06-14 16:41:21,327 INFO:Total games: 6660
2024-06-14 16:43:03,515 INFO:Total games: 6670
2024-06-14 16:45:06,790 INFO:Total games: 6680
2024-06-14 16:47:00,442 INFO:Total games: 6690
2024-06-14 16:48:55,980 INFO:Total games: 6700
2024-06-14 16:50:05,113 INFO:Total games: 6710
2024-06-14 16:55:46,415 INFO:Total games: 6720
2024-06-14 16:57:35,555 INFO:Total games: 6730
2024-06-14 16:58:54,158 INFO:Total games: 6740
2024-06-14 17:00:24,799 INFO:Total games: 6750
2024-06-14 17:01:58,496 INFO:Total games: 6760
2024-06-14 17:03:47,408 INFO:Total games: 6770
2024-06-14 17:05:21,019 INFO:Total games: 6780
2024-06-14 17:06:58,160 INFO:Total games: 6790
2024-06-14 17:08:42,547 INFO:Total games: 6800
2024-06-14 17:10:25,251 INFO:Total games: 6810
2024-06-14 17:11:50,027 INFO:Total games: 6820
2024-06-14 17:13:24,552 INFO:Total games: 6830
2024-06-14 17:15:07,507 INFO:Total games: 6840
2024-06-14 17:16:38,633 INFO:Total games: 6850
2024-06-14 17:17:58,705 INFO:Total games: 6860
2024-06-14 17:19:54,621 INFO:Total games: 6870
2024-06-14 17:21:47,558 INFO:Total games: 6880
2024-06-14 17:23:25,576 INFO:Total games: 6890
2024-06-14 17:24:51,088 INFO:Total games: 6900
2024-06-14 17:26:15,027 INFO:Total games: 6910
2024-06-14 17:27:59,949 INFO:Total games: 6920
2024-06-14 17:29:11,810 INFO:Total games: 6930
2024-06-14 17:30:58,763 INFO:Total games: 6940
2024-06-14 17:32:36,204 INFO:Total games: 6950
2024-06-14 17:33:40,381 INFO:Total games: 6960
2024-06-14 17:35:31,479 INFO:Total games: 6970
2024-06-14 17:37:20,338 INFO:Total games: 6980
2024-06-14 17:38:50,561 INFO:Total games: 6990
2024-06-14 17:40:20,113 INFO:Total games: 7000
2024-06-14 17:41:45,913 INFO:Total games: 7010
2024-06-14 17:43:16,532 INFO:Total games: 7020
2024-06-14 17:44:45,203 INFO:Total games: 7030
2024-06-14 17:46:02,656 INFO:Total games: 7040
2024-06-14 17:47:49,013 INFO:Total games: 7050
2024-06-14 17:49:19,694 INFO:Total games: 7060
2024-06-14 17:50:51,136 INFO:Total games: 7070
2024-06-14 17:52:18,774 INFO:Total games: 7080
2024-06-14 17:53:51,437 INFO:Total games: 7090
2024-06-14 17:55:44,822 INFO:Total games: 7100
2024-06-14 17:57:14,327 INFO:Total games: 7110
2024-06-14 17:58:52,382 INFO:Total games: 7120
2024-06-14 18:00:19,496 INFO:Total games: 7130
2024-06-14 18:01:46,721 INFO:Total games: 7140
2024-06-14 18:03:09,681 INFO:Total games: 7150
2024-06-14 18:04:48,375 INFO:Total games: 7160
2024-06-14 18:06:28,569 INFO:Total games: 7170
2024-06-14 18:07:41,845 INFO:Total games: 7180
2024-06-14 18:09:30,742 INFO:Total games: 7190
2024-06-14 18:11:05,530 INFO:Total games: 7200
2024-06-14 18:12:45,963 INFO:Total games: 7210
2024-06-14 18:14:27,918 INFO:Total games: 7220
2024-06-14 18:16:07,394 INFO:Total games: 7230
2024-06-14 18:18:05,471 INFO:Total games: 7240
2024-06-14 18:19:26,301 INFO:Total games: 7250
2024-06-14 18:25:14,774 INFO:Total games: 7260
2024-06-14 18:26:36,458 INFO:Total games: 7270
2024-06-14 18:28:14,866 INFO:Total games: 7280
2024-06-14 18:29:51,186 INFO:Total games: 7290
2024-06-14 18:31:38,192 INFO:Total games: 7300
2024-06-14 18:33:26,107 INFO:Total games: 7310
2024-06-14 18:35:16,717 INFO:Total games: 7320
2024-06-14 18:36:51,523 INFO:Total games: 7330
2024-06-14 18:38:40,776 INFO:Total games: 7340
2024-06-14 18:39:54,906 INFO:Total games: 7350
2024-06-14 18:41:37,604 INFO:Total games: 7360
2024-06-14 18:42:45,856 INFO:Total games: 7370
2024-06-14 18:44:30,042 INFO:Total games: 7380
2024-06-14 18:46:04,756 INFO:Total games: 7390
2024-06-14 18:47:40,308 INFO:Total games: 7400
2024-06-14 18:49:13,842 INFO:Total games: 7410
2024-06-14 18:50:46,774 INFO:Total games: 7420
2024-06-14 18:52:19,173 INFO:Total games: 7430
2024-06-14 18:54:03,300 INFO:Total games: 7440
2024-06-14 18:55:42,694 INFO:Total games: 7450
2024-06-14 18:57:16,240 INFO:Total games: 7460
2024-06-14 18:59:02,193 INFO:Total games: 7470
2024-06-14 19:00:39,823 INFO:Total games: 7480
2024-06-14 19:02:05,833 INFO:Total games: 7490
2024-06-14 19:03:32,490 INFO:Total games: 7500
2024-06-14 19:05:24,446 INFO:Total games: 7510
2024-06-14 19:06:52,887 INFO:Total games: 7520
2024-06-14 19:08:31,124 INFO:Total games: 7530
2024-06-14 19:10:31,291 INFO:Total games: 7540
2024-06-14 19:11:55,503 INFO:Total games: 7550
2024-06-14 19:13:33,214 INFO:Total games: 7560
2024-06-14 19:14:56,325 INFO:Total games: 7570
2024-06-14 19:16:38,280 INFO:Total games: 7580
2024-06-14 19:18:00,463 INFO:Total games: 7590
2024-06-14 19:19:32,028 INFO:Total games: 7600
2024-06-14 19:21:15,230 INFO:Total games: 7610
2024-06-14 19:23:10,600 INFO:Total games: 7620
2024-06-14 19:24:57,399 INFO:Total games: 7630
2024-06-14 19:26:38,812 INFO:Total games: 7640
2024-06-14 19:27:57,870 INFO:Total games: 7650
2024-06-14 19:29:26,825 INFO:Total games: 7660
2024-06-14 19:30:39,814 INFO:Total games: 7670
2024-06-14 19:31:50,158 INFO:Total games: 7680
2024-06-14 19:33:22,825 INFO:Total games: 7690
2024-06-14 19:35:16,344 INFO:Total games: 7700
2024-06-14 19:36:49,604 INFO:Total games: 7710
2024-06-14 19:38:15,615 INFO:Total games: 7720
2024-06-14 19:39:49,921 INFO:Total games: 7730
2024-06-14 19:41:35,677 INFO:Total games: 7740
2024-06-14 19:43:08,001 INFO:Total games: 7750
2024-06-14 19:44:26,947 INFO:Total games: 7760
2024-06-14 19:46:10,376 INFO:Total games: 7770
2024-06-14 19:47:44,816 INFO:Total games: 7780
2024-06-14 19:48:52,065 INFO:Total games: 7790
2024-06-14 19:54:01,242 INFO:Total games: 7800
2024-06-14 19:54:26,052 INFO:Loaded new best model
2024-06-14 19:55:41,022 INFO:Total games: 7810
2024-06-14 19:57:07,226 INFO:Total games: 7820
2024-06-14 19:58:18,146 INFO:Total games: 7830
2024-06-14 20:00:09,468 INFO:Total games: 7840
2024-06-14 20:01:47,993 INFO:Total games: 7850
2024-06-14 20:03:43,934 INFO:Total games: 7860
2024-06-14 20:05:32,535 INFO:Total games: 7870
2024-06-14 20:07:08,146 INFO:Total games: 7880
2024-06-14 20:08:56,691 INFO:Total games: 7890
2024-06-14 20:10:55,235 INFO:Total games: 7900
2024-06-14 20:12:20,999 INFO:Total games: 7910
2024-06-14 20:14:01,676 INFO:Total games: 7920
2024-06-14 20:15:49,912 INFO:Total games: 7930
2024-06-14 20:17:29,991 INFO:Total games: 7940
2024-06-14 20:19:21,876 INFO:Total games: 7950
2024-06-14 20:21:11,894 INFO:Total games: 7960
2024-06-14 20:22:16,077 INFO:Total games: 7970
2024-06-14 20:24:13,523 INFO:Total games: 7980
2024-06-14 20:25:49,393 INFO:Total games: 7990
2024-06-14 20:27:26,440 INFO:Total games: 8000
2024-06-14 20:29:10,193 INFO:Total games: 8010
2024-06-14 20:30:25,530 INFO:Total games: 8020
2024-06-14 20:32:08,901 INFO:Total games: 8030
2024-06-14 20:33:43,872 INFO:Total games: 8040
2024-06-14 20:35:13,827 INFO:Total games: 8050
2024-06-14 20:36:49,130 INFO:Total games: 8060
2024-06-14 20:38:02,910 INFO:Total games: 8070
2024-06-14 20:39:26,839 INFO:Total games: 8080
2024-06-14 20:40:48,452 INFO:Total games: 8090
2024-06-14 20:42:25,979 INFO:Total games: 8100
2024-06-14 20:44:03,678 INFO:Total games: 8110
2024-06-14 20:45:19,435 INFO:Total games: 8120
2024-06-14 20:46:59,935 INFO:Total games: 8130
2024-06-14 20:48:31,579 INFO:Total games: 8140
2024-06-14 20:50:01,749 INFO:Total games: 8150
2024-06-14 20:51:36,139 INFO:Total games: 8160
2024-06-14 20:53:09,388 INFO:Total games: 8170
2024-06-14 20:54:31,852 INFO:Total games: 8180
2024-06-14 20:55:46,827 INFO:Total games: 8190
2024-06-14 20:57:11,248 INFO:Total games: 8200
2024-06-14 20:58:42,023 INFO:Total games: 8210
2024-06-14 20:59:57,497 INFO:Total games: 8220
2024-06-14 21:01:36,966 INFO:Total games: 8230
2024-06-14 21:03:34,406 INFO:Total games: 8240
2024-06-14 21:05:09,881 INFO:Total games: 8250
2024-06-14 21:07:00,933 INFO:Total games: 8260
2024-06-14 21:08:42,196 INFO:Total games: 8270
2024-06-14 21:10:12,799 INFO:Total games: 8280
2024-06-14 21:11:40,285 INFO:Total games: 8290
2024-06-14 21:13:48,665 INFO:Total games: 8300
2024-06-14 21:15:46,831 INFO:Total games: 8310
2024-06-14 21:17:03,622 INFO:Total games: 8320
2024-06-14 21:18:11,840 INFO:Total games: 8330
2024-06-14 21:23:12,936 INFO:Loaded new best model
2024-06-14 21:23:19,268 INFO:Total games: 8340
2024-06-14 21:25:07,946 INFO:Total games: 8350
2024-06-14 21:26:16,581 INFO:Total games: 8360
2024-06-14 21:27:42,000 INFO:Total games: 8370
2024-06-14 21:29:12,589 INFO:Total games: 8380
2024-06-14 21:31:00,915 INFO:Total games: 8390
2024-06-14 21:32:38,542 INFO:Total games: 8400
2024-06-14 21:34:10,447 INFO:Total games: 8410
2024-06-14 21:36:07,800 INFO:Total games: 8420
2024-06-14 21:37:33,337 INFO:Total games: 8430
2024-06-14 21:38:55,282 INFO:Total games: 8440
2024-06-14 21:40:39,381 INFO:Total games: 8450
2024-06-14 21:42:05,996 INFO:Total games: 8460
2024-06-14 21:43:27,905 INFO:Total games: 8470
2024-06-14 21:44:37,157 INFO:Total games: 8480
2024-06-14 21:46:20,838 INFO:Total games: 8490
2024-06-14 21:48:08,768 INFO:Total games: 8500
2024-06-14 21:49:35,443 INFO:Total games: 8510
2024-06-14 21:51:15,163 INFO:Total games: 8520
2024-06-14 21:52:54,612 INFO:Total games: 8530
2024-06-14 21:54:28,162 INFO:Total games: 8540
2024-06-14 21:56:04,174 INFO:Total games: 8550
2024-06-14 21:57:30,054 INFO:Total games: 8560
2024-06-14 21:58:48,511 INFO:Total games: 8570
2024-06-14 22:00:24,344 INFO:Total games: 8580
2024-06-14 22:02:03,966 INFO:Total games: 8590
2024-06-14 22:03:39,375 INFO:Total games: 8600
2024-06-14 22:05:06,932 INFO:Total games: 8610
2024-06-14 22:06:36,861 INFO:Total games: 8620
2024-06-14 22:08:01,936 INFO:Total games: 8630
2024-06-14 22:09:42,064 INFO:Total games: 8640
2024-06-14 22:11:13,835 INFO:Total games: 8650
2024-06-14 22:13:05,025 INFO:Total games: 8660
2024-06-14 22:14:39,532 INFO:Total games: 8670
2024-06-14 22:16:16,911 INFO:Total games: 8680
2024-06-14 22:17:55,437 INFO:Total games: 8690
2024-06-14 22:19:35,045 INFO:Total games: 8700
2024-06-14 22:21:13,769 INFO:Total games: 8710
2024-06-14 22:22:45,679 INFO:Total games: 8720
2024-06-14 22:24:16,140 INFO:Total games: 8730
2024-06-14 22:25:51,104 INFO:Total games: 8740
2024-06-14 22:27:20,463 INFO:Total games: 8750
2024-06-14 22:29:01,183 INFO:Total games: 8760
2024-06-14 22:30:32,488 INFO:Total games: 8770
2024-06-14 22:31:54,834 INFO:Total games: 8780
2024-06-14 22:33:31,165 INFO:Total games: 8790
2024-06-14 22:35:01,351 INFO:Total games: 8800
2024-06-14 22:36:13,113 INFO:Total games: 8810
2024-06-14 22:37:50,283 INFO:Total games: 8820
2024-06-14 22:39:39,428 INFO:Total games: 8830
2024-06-14 22:41:20,373 INFO:Total games: 8840
2024-06-14 22:43:33,384 INFO:Total games: 8850
2024-06-14 22:45:13,914 INFO:Total games: 8860
2024-06-14 22:46:42,603 INFO:Total games: 8870
2024-06-14 22:47:49,109 INFO:Total games: 8880
2024-06-14 22:48:43,604 INFO:Total games: 8890
2024-06-14 22:54:09,599 INFO:Total games: 8900
2024-06-14 22:54:51,683 INFO:Loaded new best model
2024-06-14 22:55:39,609 INFO:Total games: 8910
2024-06-14 22:57:04,168 INFO:Total games: 8920
2024-06-14 22:58:58,048 INFO:Total games: 8930
2024-06-14 23:00:41,825 INFO:Total games: 8940
2024-06-14 23:02:34,204 INFO:Total games: 8950
2024-06-14 23:04:11,728 INFO:Total games: 8960
2024-06-14 23:05:59,502 INFO:Total games: 8970
2024-06-14 23:07:38,673 INFO:Total games: 8980
2024-06-14 23:09:23,418 INFO:Total games: 8990
2024-06-14 23:11:15,158 INFO:Total games: 9000
2024-06-14 23:12:48,090 INFO:Total games: 9010
2024-06-14 23:14:30,025 INFO:Total games: 9020
2024-06-14 23:16:05,074 INFO:Total games: 9030
2024-06-14 23:17:51,733 INFO:Total games: 9040
2024-06-14 23:19:37,164 INFO:Total games: 9050
2024-06-14 23:21:44,255 INFO:Total games: 9060
2024-06-14 23:23:58,086 INFO:Total games: 9070
2024-06-14 23:25:19,976 INFO:Total games: 9080
2024-06-14 23:27:00,945 INFO:Total games: 9090
2024-06-14 23:28:36,372 INFO:Total games: 9100
2024-06-14 23:30:03,733 INFO:Total games: 9110
2024-06-14 23:31:32,700 INFO:Total games: 9120
2024-06-14 23:33:06,131 INFO:Total games: 9130
2024-06-14 23:34:48,798 INFO:Total games: 9140
2024-06-14 23:36:23,512 INFO:Total games: 9150
2024-06-14 23:36:34,655 INFO:Ending
2024-06-14 23:36:34,655 INFO:Duration: 1 days, 1 hours, 6 minutes, 52 seconds
2024-06-14 23:43:24,481 INFO:Starting
2024-06-14 23:44:43,323 INFO:Total games: 10
2024-06-14 23:45:58,952 INFO:Total games: 20
2024-06-14 23:46:37,072 INFO:Ending
2024-06-14 23:46:37,072 INFO:Duration: 0 days, 0 hours, 3 minutes, 12 seconds
2024-06-14 23:47:37,101 INFO:Starting
2024-06-14 23:49:17,040 INFO:Total games: 10
2024-06-14 23:50:44,204 INFO:Total games: 20
2024-06-14 23:52:16,424 INFO:Total games: 30
2024-06-14 23:54:21,080 INFO:Total games: 40
2024-06-14 23:55:48,765 INFO:Total games: 50
2024-06-14 23:57:11,844 INFO:Total games: 60
2024-06-15 00:04:21,079 INFO:Total games: 70
2024-06-15 00:06:00,230 INFO:Total games: 80
2024-06-15 00:07:27,988 INFO:Total games: 90
2024-06-15 00:09:10,000 INFO:Total games: 100
2024-06-15 00:10:42,568 INFO:Total games: 110
2024-06-15 00:12:22,221 INFO:Total games: 120
2024-06-15 00:13:41,364 INFO:Total games: 130
2024-06-15 00:15:06,544 INFO:Total games: 140
2024-06-15 00:17:05,511 INFO:Total games: 150
2024-06-15 00:18:47,665 INFO:Total games: 160
2024-06-15 00:20:40,709 INFO:Total games: 170
2024-06-15 00:22:08,063 INFO:Total games: 180
2024-06-15 00:23:33,300 INFO:Total games: 190
2024-06-15 00:24:48,127 INFO:Total games: 200
2024-06-15 00:26:09,115 INFO:Total games: 210
2024-06-15 00:27:48,448 INFO:Total games: 220
2024-06-15 00:29:27,330 INFO:Total games: 230
2024-06-15 00:30:55,078 INFO:Total games: 240
2024-06-15 00:32:38,051 INFO:Total games: 250
2024-06-15 00:33:56,924 INFO:Total games: 260
2024-06-15 00:35:13,457 INFO:Total games: 270
2024-06-15 00:36:53,960 INFO:Total games: 280
2024-06-15 00:38:39,330 INFO:Total games: 290
2024-06-15 00:40:23,010 INFO:Total games: 300
2024-06-15 00:42:07,022 INFO:Total games: 310
2024-06-15 00:43:32,506 INFO:Total games: 320
2024-06-15 00:48:41,334 INFO:Loaded new best model
2024-06-15 00:50:18,984 INFO:Total games: 330
2024-06-15 00:51:48,959 INFO:Total games: 340
2024-06-15 00:52:59,846 INFO:Total games: 350
2024-06-15 00:54:43,013 INFO:Total games: 360
2024-06-15 00:56:40,337 INFO:Total games: 370
2024-06-15 00:58:18,444 INFO:Total games: 380
2024-06-15 00:59:45,409 INFO:Total games: 390
2024-06-15 01:01:16,853 INFO:Total games: 400
2024-06-15 01:02:48,908 INFO:Total games: 410
2024-06-15 01:04:31,553 INFO:Total games: 420
2024-06-15 01:06:11,477 INFO:Total games: 430
2024-06-15 01:07:34,240 INFO:Total games: 440
2024-06-15 01:09:11,725 INFO:Total games: 450
2024-06-15 01:10:51,931 INFO:Total games: 460
2024-06-15 01:12:32,899 INFO:Total games: 470
2024-06-15 01:13:56,486 INFO:Total games: 480
2024-06-15 01:15:50,849 INFO:Total games: 490
2024-06-15 01:17:17,888 INFO:Total games: 500
2024-06-15 01:18:46,778 INFO:Total games: 510
2024-06-15 01:20:09,361 INFO:Total games: 520
2024-06-15 01:21:26,730 INFO:Total games: 530
2024-06-15 01:22:48,886 INFO:Total games: 540
2024-06-15 01:24:33,201 INFO:Total games: 550
2024-06-15 01:25:45,120 INFO:Total games: 560
2024-06-15 01:27:15,624 INFO:Total games: 570
2024-06-15 01:28:47,227 INFO:Total games: 580
2024-06-15 01:30:28,576 INFO:Total games: 590
2024-06-15 01:32:35,047 INFO:Total games: 600
2024-06-15 01:34:29,717 INFO:Total games: 610
2024-06-15 01:35:50,927 INFO:Total games: 620
2024-06-15 01:37:24,867 INFO:Total games: 630
2024-06-15 01:38:44,802 INFO:Total games: 640
2024-06-15 01:40:22,692 INFO:Total games: 650
2024-06-15 01:42:15,766 INFO:Total games: 660
2024-06-15 01:43:42,544 INFO:Total games: 670
2024-06-15 01:45:15,492 INFO:Total games: 680
2024-06-15 01:46:51,083 INFO:Total games: 690
2024-06-15 01:48:20,726 INFO:Total games: 700
2024-06-15 01:49:41,548 INFO:Total games: 710
2024-06-15 01:51:15,575 INFO:Total games: 720
2024-06-15 01:52:58,380 INFO:Total games: 730
2024-06-15 01:54:48,265 INFO:Total games: 740
2024-06-15 01:56:29,893 INFO:Total games: 750
2024-06-15 01:57:57,072 INFO:Total games: 760
2024-06-15 01:59:46,533 INFO:Total games: 770
2024-06-15 02:01:10,029 INFO:Total games: 780
2024-06-15 02:02:52,223 INFO:Total games: 790
2024-06-15 02:04:21,506 INFO:Total games: 800
2024-06-15 02:06:01,902 INFO:Total games: 810
2024-06-15 02:07:26,721 INFO:Total games: 820
2024-06-15 02:09:03,085 INFO:Total games: 830
2024-06-15 02:10:58,432 INFO:Total games: 840
2024-06-15 02:12:38,253 INFO:Total games: 850
2024-06-15 02:14:05,533 INFO:Total games: 860
2024-06-15 02:15:07,686 INFO:Total games: 870
2024-06-15 02:20:58,596 INFO:Total games: 880
2024-06-15 02:22:23,134 INFO:Total games: 890
2024-06-15 02:23:46,556 INFO:Total games: 900
2024-06-15 02:25:17,475 INFO:Total games: 910
2024-06-15 02:27:05,998 INFO:Total games: 920
2024-06-15 02:28:29,083 INFO:Total games: 930
2024-06-15 02:29:59,599 INFO:Total games: 940
2024-06-15 02:31:52,225 INFO:Total games: 950
2024-06-15 02:33:21,784 INFO:Total games: 960
2024-06-15 02:34:40,745 INFO:Total games: 970
2024-06-15 02:36:07,789 INFO:Total games: 980
2024-06-15 02:37:40,819 INFO:Total games: 990
2024-06-15 02:39:36,544 INFO:Total games: 1000
2024-06-15 02:41:25,902 INFO:Total games: 1010
2024-06-15 02:42:57,998 INFO:Total games: 1020
2024-06-15 02:44:53,277 INFO:Total games: 1030
2024-06-15 02:46:24,204 INFO:Total games: 1040
2024-06-15 02:48:06,502 INFO:Total games: 1050
2024-06-15 02:49:47,323 INFO:Total games: 1060
2024-06-15 02:50:59,889 INFO:Total games: 1070
2024-06-15 02:52:27,728 INFO:Total games: 1080
2024-06-15 02:54:00,817 INFO:Total games: 1090
2024-06-15 02:55:38,866 INFO:Total games: 1100
2024-06-15 02:57:03,710 INFO:Total games: 1110
2024-06-15 02:58:21,070 INFO:Total games: 1120
2024-06-15 03:00:03,823 INFO:Total games: 1130
2024-06-15 03:01:42,182 INFO:Total games: 1140
2024-06-15 03:03:12,406 INFO:Total games: 1150
2024-06-15 03:04:47,729 INFO:Total games: 1160
2024-06-15 03:06:44,008 INFO:Total games: 1170
2024-06-15 03:08:30,981 INFO:Total games: 1180
2024-06-15 03:10:03,647 INFO:Total games: 1190
2024-06-15 03:11:38,095 INFO:Total games: 1200
2024-06-15 03:13:29,981 INFO:Total games: 1210
2024-06-15 03:15:00,543 INFO:Total games: 1220
2024-06-15 03:16:51,157 INFO:Total games: 1230
2024-06-15 03:18:37,727 INFO:Total games: 1240
2024-06-15 03:20:16,177 INFO:Total games: 1250
2024-06-15 03:21:46,774 INFO:Total games: 1260
2024-06-15 03:23:32,850 INFO:Total games: 1270
2024-06-15 03:24:56,750 INFO:Total games: 1280
2024-06-15 03:26:18,010 INFO:Total games: 1290
2024-06-15 03:27:53,137 INFO:Total games: 1300
2024-06-15 03:29:30,626 INFO:Total games: 1310
2024-06-15 03:30:57,255 INFO:Total games: 1320
2024-06-15 03:32:45,812 INFO:Total games: 1330
2024-06-15 03:34:24,444 INFO:Total games: 1340
2024-06-15 03:35:51,452 INFO:Total games: 1350
2024-06-15 03:37:39,391 INFO:Total games: 1360
2024-06-15 03:39:26,476 INFO:Total games: 1370
2024-06-15 03:41:04,842 INFO:Total games: 1380
2024-06-15 03:42:37,441 INFO:Total games: 1390
2024-06-15 03:44:30,056 INFO:Total games: 1400
2024-06-15 03:45:57,213 INFO:Total games: 1410
2024-06-15 03:52:47,213 INFO:Total games: 1420
2024-06-15 03:54:35,412 INFO:Total games: 1430
2024-06-15 03:56:05,262 INFO:Total games: 1440
2024-06-15 03:57:44,128 INFO:Total games: 1450
2024-06-15 03:59:41,516 INFO:Total games: 1460
2024-06-15 04:01:24,069 INFO:Total games: 1470
2024-06-15 04:02:45,592 INFO:Total games: 1480
2024-06-15 04:04:38,277 INFO:Total games: 1490
2024-06-15 04:06:11,456 INFO:Total games: 1500
2024-06-15 04:07:58,556 INFO:Total games: 1510
2024-06-15 04:09:24,091 INFO:Total games: 1520
2024-06-15 04:11:05,900 INFO:Total games: 1530
2024-06-15 04:12:51,600 INFO:Total games: 1540
2024-06-15 04:14:39,130 INFO:Total games: 1550
2024-06-15 04:16:22,297 INFO:Total games: 1560
2024-06-15 04:17:58,292 INFO:Total games: 1570
2024-06-15 04:19:55,834 INFO:Total games: 1580
2024-06-15 04:21:33,922 INFO:Total games: 1590
2024-06-15 04:22:56,895 INFO:Total games: 1600
2024-06-15 04:24:26,753 INFO:Total games: 1610
2024-06-15 04:25:37,890 INFO:Total games: 1620
2024-06-15 04:27:03,127 INFO:Total games: 1630
2024-06-15 04:28:34,407 INFO:Total games: 1640
2024-06-15 04:30:09,347 INFO:Total games: 1650
2024-06-15 04:31:59,723 INFO:Total games: 1660
2024-06-15 04:33:43,395 INFO:Total games: 1670
2024-06-15 04:35:07,514 INFO:Total games: 1680
2024-06-15 04:36:40,392 INFO:Total games: 1690
2024-06-15 04:37:59,959 INFO:Total games: 1700
2024-06-15 04:39:33,093 INFO:Total games: 1710
2024-06-15 04:40:51,672 INFO:Total games: 1720
2024-06-15 04:42:25,819 INFO:Total games: 1730
2024-06-15 04:43:53,639 INFO:Total games: 1740
2024-06-15 04:45:35,002 INFO:Total games: 1750
2024-06-15 04:47:13,248 INFO:Total games: 1760
2024-06-15 04:48:50,273 INFO:Total games: 1770
2024-06-15 04:50:10,087 INFO:Total games: 1780
2024-06-15 04:51:48,130 INFO:Total games: 1790
2024-06-15 04:53:07,933 INFO:Total games: 1800
2024-06-15 04:54:35,256 INFO:Total games: 1810
2024-06-15 04:56:10,715 INFO:Total games: 1820
2024-06-15 04:57:36,876 INFO:Total games: 1830
2024-06-15 04:59:03,600 INFO:Total games: 1840
2024-06-15 05:00:43,561 INFO:Total games: 1850
2024-06-15 05:02:13,093 INFO:Total games: 1860
2024-06-15 05:03:42,728 INFO:Total games: 1870
2024-06-15 05:05:18,180 INFO:Total games: 1880
2024-06-15 05:06:55,734 INFO:Total games: 1890
2024-06-15 05:08:34,785 INFO:Total games: 1900
2024-06-15 05:10:13,657 INFO:Total games: 1910
2024-06-15 05:12:06,188 INFO:Total games: 1920
2024-06-15 05:13:43,921 INFO:Total games: 1930
2024-06-15 05:15:08,146 INFO:Total games: 1940
2024-06-15 05:16:59,500 INFO:Total games: 1950
2024-06-15 05:18:16,366 INFO:Total games: 1960
2024-06-15 05:25:09,296 INFO:Total games: 1970
2024-06-15 05:26:55,366 INFO:Total games: 1980
2024-06-15 05:28:41,107 INFO:Total games: 1990
2024-06-15 05:30:18,786 INFO:Total games: 2000
2024-06-15 05:32:05,362 INFO:Total games: 2010
2024-06-15 05:33:52,613 INFO:Total games: 2020
2024-06-15 05:35:35,911 INFO:Total games: 2030
2024-06-15 05:37:17,989 INFO:Total games: 2040
2024-06-15 05:38:49,888 INFO:Total games: 2050
2024-06-15 05:40:33,247 INFO:Total games: 2060
2024-06-15 05:41:56,821 INFO:Total games: 2070
2024-06-15 05:43:34,459 INFO:Total games: 2080
2024-06-15 05:45:03,655 INFO:Total games: 2090
2024-06-15 05:46:14,796 INFO:Total games: 2100
2024-06-15 05:47:28,415 INFO:Total games: 2110
2024-06-15 05:48:46,325 INFO:Total games: 2120
2024-06-15 05:50:18,190 INFO:Total games: 2130
2024-06-15 05:51:43,332 INFO:Total games: 2140
2024-06-15 05:53:17,727 INFO:Total games: 2150
2024-06-15 05:54:49,076 INFO:Total games: 2160
2024-06-15 05:56:16,937 INFO:Total games: 2170
2024-06-15 05:57:48,725 INFO:Total games: 2180
2024-06-15 05:59:31,758 INFO:Total games: 2190
2024-06-15 06:00:57,216 INFO:Total games: 2200
2024-06-15 06:02:15,610 INFO:Total games: 2210
2024-06-15 06:03:48,141 INFO:Total games: 2220
2024-06-15 06:05:33,639 INFO:Total games: 2230
2024-06-15 06:07:23,977 INFO:Total games: 2240
2024-06-15 06:08:44,732 INFO:Total games: 2250
2024-06-15 06:10:30,158 INFO:Total games: 2260
2024-06-15 06:12:02,629 INFO:Total games: 2270
2024-06-15 06:13:52,902 INFO:Total games: 2280
2024-06-15 06:15:29,586 INFO:Total games: 2290
2024-06-15 06:16:57,632 INFO:Total games: 2300
2024-06-15 06:18:14,349 INFO:Total games: 2310
2024-06-15 06:19:55,668 INFO:Total games: 2320
2024-06-15 06:21:30,336 INFO:Total games: 2330
2024-06-15 06:23:06,740 INFO:Total games: 2340
2024-06-15 06:24:23,829 INFO:Total games: 2350
2024-06-15 06:25:38,297 INFO:Total games: 2360
2024-06-15 06:27:00,872 INFO:Total games: 2370
2024-06-15 06:28:34,750 INFO:Total games: 2380
2024-06-15 06:29:53,787 INFO:Total games: 2390
2024-06-15 06:32:00,909 INFO:Total games: 2400
2024-06-15 06:33:47,469 INFO:Total games: 2410
2024-06-15 06:35:38,454 INFO:Total games: 2420
2024-06-15 06:37:19,867 INFO:Total games: 2430
2024-06-15 06:38:36,003 INFO:Total games: 2440
2024-06-15 06:40:09,053 INFO:Total games: 2450
2024-06-15 06:41:36,277 INFO:Total games: 2460
2024-06-15 06:43:34,563 INFO:Total games: 2470
2024-06-15 06:45:21,678 INFO:Total games: 2480
2024-06-15 06:47:24,845 INFO:Total games: 2490
2024-06-15 06:49:06,497 INFO:Total games: 2500
2024-06-15 06:50:28,759 INFO:Total games: 2510
2024-06-15 06:51:28,915 INFO:Total games: 2520
2024-06-15 06:58:22,429 INFO:Total games: 2530
2024-06-15 07:00:19,594 INFO:Total games: 2540
2024-06-15 07:01:46,426 INFO:Total games: 2550
2024-06-15 07:03:41,795 INFO:Total games: 2560
2024-06-15 07:04:54,352 INFO:Total games: 2570
2024-06-15 07:06:10,767 INFO:Total games: 2580
2024-06-15 07:07:45,032 INFO:Total games: 2590
2024-06-15 07:09:30,770 INFO:Total games: 2600
2024-06-15 07:10:59,692 INFO:Total games: 2610
2024-06-15 07:12:19,468 INFO:Total games: 2620
2024-06-15 07:13:49,392 INFO:Total games: 2630
2024-06-15 07:15:29,103 INFO:Total games: 2640
2024-06-15 07:17:02,839 INFO:Total games: 2650
2024-06-15 07:18:52,368 INFO:Total games: 2660
2024-06-15 07:20:14,272 INFO:Total games: 2670
2024-06-15 07:22:03,800 INFO:Total games: 2680
2024-06-15 07:23:44,276 INFO:Total games: 2690
2024-06-15 07:25:33,935 INFO:Total games: 2700
2024-06-15 07:27:32,320 INFO:Total games: 2710
2024-06-15 07:28:56,951 INFO:Total games: 2720
2024-06-15 07:30:23,854 INFO:Total games: 2730
2024-06-15 07:32:13,608 INFO:Total games: 2740
2024-06-15 07:33:30,503 INFO:Total games: 2750
2024-06-15 07:35:07,609 INFO:Total games: 2760
2024-06-15 07:36:45,808 INFO:Total games: 2770
2024-06-15 07:38:17,850 INFO:Total games: 2780
2024-06-15 07:39:50,520 INFO:Total games: 2790
2024-06-15 07:41:12,922 INFO:Total games: 2800
2024-06-15 07:42:58,085 INFO:Total games: 2810
2024-06-15 07:44:20,321 INFO:Total games: 2820
2024-06-15 07:46:12,991 INFO:Total games: 2830
2024-06-15 07:48:01,086 INFO:Total games: 2840
2024-06-15 07:49:34,618 INFO:Total games: 2850
2024-06-15 07:50:41,586 INFO:Total games: 2860
2024-06-15 07:52:28,523 INFO:Total games: 2870
2024-06-15 07:54:10,678 INFO:Total games: 2880
2024-06-15 07:55:53,100 INFO:Total games: 2890
2024-06-15 07:57:33,420 INFO:Total games: 2900
2024-06-15 07:58:50,170 INFO:Total games: 2910
2024-06-15 08:00:37,583 INFO:Total games: 2920
2024-06-15 08:02:06,010 INFO:Total games: 2930
2024-06-15 08:03:46,108 INFO:Total games: 2940
2024-06-15 08:05:28,716 INFO:Total games: 2950
2024-06-15 08:07:12,318 INFO:Total games: 2960
2024-06-15 08:08:36,517 INFO:Total games: 2970
2024-06-15 08:10:11,099 INFO:Total games: 2980
2024-06-15 08:11:27,664 INFO:Total games: 2990
2024-06-15 08:13:34,639 INFO:Total games: 3000
2024-06-15 08:15:28,700 INFO:Total games: 3010
2024-06-15 08:18:04,417 INFO:Total games: 3020
2024-06-15 08:19:55,012 INFO:Total games: 3030
2024-06-15 08:21:10,814 INFO:Total games: 3040
2024-06-15 08:26:08,480 INFO:Loaded new best model
2024-06-15 08:27:41,754 INFO:Total games: 3050
2024-06-15 08:29:05,994 INFO:Total games: 3060
2024-06-15 08:30:50,397 INFO:Total games: 3070
2024-06-15 08:32:10,730 INFO:Total games: 3080
2024-06-15 08:33:31,489 INFO:Total games: 3090
2024-06-15 08:34:50,044 INFO:Total games: 3100
2024-06-15 08:36:08,499 INFO:Total games: 3110
2024-06-15 08:37:48,958 INFO:Total games: 3120
2024-06-15 08:38:55,450 INFO:Total games: 3130
2024-06-15 08:40:28,546 INFO:Total games: 3140
2024-06-15 08:41:56,895 INFO:Total games: 3150
2024-06-15 08:43:19,241 INFO:Total games: 3160
2024-06-15 08:45:05,873 INFO:Total games: 3170
2024-06-15 08:46:35,734 INFO:Total games: 3180
2024-06-15 08:48:10,737 INFO:Total games: 3190
2024-06-15 08:49:42,536 INFO:Total games: 3200
2024-06-15 08:51:08,111 INFO:Total games: 3210
2024-06-15 08:52:23,297 INFO:Total games: 3220
2024-06-15 08:53:45,503 INFO:Total games: 3230
2024-06-15 08:55:15,823 INFO:Total games: 3240
2024-06-15 08:56:45,887 INFO:Total games: 3250
2024-06-15 08:58:26,828 INFO:Total games: 3260
2024-06-15 09:00:02,531 INFO:Total games: 3270
2024-06-15 09:01:55,798 INFO:Total games: 3280
2024-06-15 09:03:34,485 INFO:Total games: 3290
2024-06-15 09:04:58,050 INFO:Total games: 3300
2024-06-15 09:06:37,968 INFO:Total games: 3310
2024-06-15 09:08:15,643 INFO:Total games: 3320
2024-06-15 09:09:49,055 INFO:Total games: 3330
2024-06-15 09:11:17,497 INFO:Total games: 3340
2024-06-15 09:12:31,798 INFO:Total games: 3350
2024-06-15 09:14:12,878 INFO:Total games: 3360
2024-06-15 09:15:47,483 INFO:Total games: 3370
2024-06-15 09:17:33,793 INFO:Total games: 3380
2024-06-15 09:19:19,516 INFO:Total games: 3390
2024-06-15 09:20:36,925 INFO:Total games: 3400
2024-06-15 09:22:15,875 INFO:Total games: 3410
2024-06-15 09:23:58,115 INFO:Total games: 3420
2024-06-15 09:25:21,891 INFO:Total games: 3430
2024-06-15 09:26:58,654 INFO:Total games: 3440
2024-06-15 09:28:28,073 INFO:Total games: 3450
2024-06-15 09:30:06,103 INFO:Total games: 3460
2024-06-15 09:31:48,389 INFO:Total games: 3470
2024-06-15 09:33:18,351 INFO:Total games: 3480
2024-06-15 09:34:37,048 INFO:Total games: 3490
2024-06-15 09:36:06,550 INFO:Total games: 3500
2024-06-15 09:37:45,932 INFO:Total games: 3510
2024-06-15 09:39:21,723 INFO:Total games: 3520
2024-06-15 09:40:57,371 INFO:Total games: 3530
2024-06-15 09:42:32,032 INFO:Total games: 3540
2024-06-15 09:44:15,951 INFO:Total games: 3550
2024-06-15 09:45:37,284 INFO:Total games: 3560
2024-06-15 09:47:05,347 INFO:Total games: 3570
2024-06-15 09:48:39,389 INFO:Total games: 3580
2024-06-15 09:50:23,555 INFO:Total games: 3590
2024-06-15 09:51:42,212 INFO:Total games: 3600
2024-06-15 09:58:45,574 INFO:Total games: 3610
2024-06-15 10:00:20,208 INFO:Total games: 3620
2024-06-15 10:01:55,717 INFO:Total games: 3630
2024-06-15 10:03:47,745 INFO:Total games: 3640
2024-06-15 10:05:12,562 INFO:Total games: 3650
2024-06-15 10:06:52,164 INFO:Total games: 3660
2024-06-15 10:08:27,724 INFO:Total games: 3670
2024-06-15 10:10:08,043 INFO:Total games: 3680
2024-06-15 10:11:58,119 INFO:Total games: 3690
2024-06-15 10:13:42,586 INFO:Total games: 3700
2024-06-15 10:15:32,260 INFO:Total games: 3710
2024-06-15 10:17:08,532 INFO:Total games: 3720
2024-06-15 10:18:41,703 INFO:Total games: 3730
2024-06-15 10:20:29,017 INFO:Total games: 3740
2024-06-15 10:22:00,535 INFO:Total games: 3750
2024-06-15 10:23:27,417 INFO:Total games: 3760
2024-06-15 10:25:12,189 INFO:Total games: 3770
2024-06-15 10:26:26,824 INFO:Total games: 3780
2024-06-15 10:28:14,295 INFO:Total games: 3790
2024-06-15 10:30:23,310 INFO:Total games: 3800
2024-06-15 10:32:05,342 INFO:Total games: 3810
2024-06-15 10:33:42,967 INFO:Total games: 3820
2024-06-15 10:35:38,817 INFO:Total games: 3830
2024-06-15 10:37:27,841 INFO:Total games: 3840
2024-06-15 10:38:47,903 INFO:Total games: 3850
2024-06-15 10:40:27,833 INFO:Total games: 3860
2024-06-15 10:42:14,017 INFO:Total games: 3870
2024-06-15 10:43:48,737 INFO:Total games: 3880
2024-06-15 10:45:25,438 INFO:Total games: 3890
2024-06-15 10:47:06,751 INFO:Total games: 3900
2024-06-15 10:48:33,543 INFO:Total games: 3910
2024-06-15 10:50:15,326 INFO:Total games: 3920
2024-06-15 10:51:55,130 INFO:Total games: 3930
2024-06-15 10:53:38,635 INFO:Total games: 3940
2024-06-15 10:55:07,521 INFO:Total games: 3950
2024-06-15 10:56:51,498 INFO:Total games: 3960
2024-06-15 10:58:22,434 INFO:Total games: 3970
2024-06-15 11:00:00,730 INFO:Total games: 3980
2024-06-15 11:01:33,952 INFO:Total games: 3990
2024-06-15 11:03:09,759 INFO:Total games: 4000
2024-06-15 11:05:04,150 INFO:Total games: 4010
2024-06-15 11:06:18,609 INFO:Total games: 4020
2024-06-15 11:07:40,799 INFO:Total games: 4030
2024-06-15 11:09:22,654 INFO:Total games: 4040
2024-06-15 11:11:15,320 INFO:Total games: 4050
2024-06-15 11:12:56,791 INFO:Total games: 4060
2024-06-15 11:14:42,721 INFO:Total games: 4070
2024-06-15 11:16:36,271 INFO:Total games: 4080
2024-06-15 11:17:56,033 INFO:Total games: 4090
2024-06-15 11:19:41,937 INFO:Total games: 4100
2024-06-15 11:21:16,844 INFO:Total games: 4110
2024-06-15 11:22:22,130 INFO:Total games: 4120
2024-06-15 11:28:28,951 INFO:Total games: 4130
2024-06-15 11:29:45,505 INFO:Total games: 4140
2024-06-15 11:31:23,838 INFO:Total games: 4150
2024-06-15 11:33:16,839 INFO:Total games: 4160
2024-06-15 11:34:52,179 INFO:Total games: 4170
2024-06-15 11:36:27,471 INFO:Total games: 4180
2024-06-15 11:37:30,414 INFO:Total games: 4190
2024-06-15 11:39:13,860 INFO:Total games: 4200
2024-06-15 11:40:29,095 INFO:Total games: 4210
2024-06-15 11:42:07,911 INFO:Total games: 4220
2024-06-15 11:43:26,617 INFO:Total games: 4230
2024-06-15 11:45:05,862 INFO:Total games: 4240
2024-06-15 11:46:54,220 INFO:Total games: 4250
2024-06-15 11:48:23,640 INFO:Total games: 4260
2024-06-15 11:49:45,139 INFO:Total games: 4270
2024-06-15 11:51:12,844 INFO:Total games: 4280
2024-06-15 11:52:46,673 INFO:Total games: 4290
2024-06-15 11:54:27,011 INFO:Total games: 4300
2024-06-15 11:55:55,404 INFO:Total games: 4310
2024-06-15 11:57:35,674 INFO:Total games: 4320
2024-06-15 11:59:25,601 INFO:Total games: 4330
2024-06-15 12:00:57,138 INFO:Total games: 4340
2024-06-15 12:02:52,883 INFO:Total games: 4350
2024-06-15 12:04:28,991 INFO:Total games: 4360
2024-06-15 12:06:08,666 INFO:Total games: 4370
2024-06-15 12:07:47,829 INFO:Total games: 4380
2024-06-15 12:09:18,872 INFO:Total games: 4390
2024-06-15 12:10:46,634 INFO:Total games: 4400
2024-06-15 12:12:30,007 INFO:Total games: 4410
2024-06-15 12:14:24,523 INFO:Total games: 4420
2024-06-15 12:15:53,585 INFO:Total games: 4430
2024-06-15 12:17:29,323 INFO:Total games: 4440
2024-06-15 12:19:08,110 INFO:Total games: 4450
2024-06-15 12:20:50,912 INFO:Total games: 4460
2024-06-15 12:22:35,939 INFO:Total games: 4470
2024-06-15 12:24:12,816 INFO:Total games: 4480
2024-06-15 12:25:58,738 INFO:Total games: 4490
2024-06-15 12:27:30,600 INFO:Total games: 4500
2024-06-15 12:29:26,635 INFO:Total games: 4510
2024-06-15 12:31:04,008 INFO:Total games: 4520
2024-06-15 12:32:28,052 INFO:Total games: 4530
2024-06-15 12:33:54,617 INFO:Total games: 4540
2024-06-15 12:35:32,089 INFO:Total games: 4550
2024-06-15 12:37:03,031 INFO:Total games: 4560
2024-06-15 12:38:22,789 INFO:Total games: 4570
2024-06-15 12:39:47,777 INFO:Total games: 4580
2024-06-15 12:41:40,681 INFO:Total games: 4590
2024-06-15 12:43:10,268 INFO:Total games: 4600
2024-06-15 12:44:52,979 INFO:Total games: 4610
2024-06-15 12:47:24,991 INFO:Total games: 4620
2024-06-15 12:49:07,713 INFO:Total games: 4630
2024-06-15 12:50:41,793 INFO:Total games: 4640
2024-06-15 12:52:19,190 INFO:Total games: 4650
2024-06-15 12:53:25,036 INFO:Total games: 4660
2024-06-15 12:58:58,389 INFO:Total games: 4670
2024-06-15 13:00:31,910 INFO:Total games: 4680
2024-06-15 13:02:11,344 INFO:Total games: 4690
2024-06-15 13:03:42,850 INFO:Total games: 4700
2024-06-15 13:05:07,202 INFO:Total games: 4710
2024-06-15 13:06:45,094 INFO:Total games: 4720
2024-06-15 13:08:25,269 INFO:Total games: 4730
2024-06-15 13:09:56,887 INFO:Total games: 4740
2024-06-15 13:11:46,906 INFO:Total games: 4750
2024-06-15 13:13:44,161 INFO:Total games: 4760
2024-06-15 13:15:16,019 INFO:Total games: 4770
2024-06-15 13:17:08,219 INFO:Total games: 4780
2024-06-15 13:18:55,664 INFO:Total games: 4790
2024-06-15 13:20:30,291 INFO:Total games: 4800
2024-06-15 13:22:05,358 INFO:Total games: 4810
2024-06-15 13:23:28,774 INFO:Total games: 4820
2024-06-15 13:25:13,082 INFO:Total games: 4830
2024-06-15 13:26:36,170 INFO:Total games: 4840
2024-06-15 13:28:01,577 INFO:Total games: 4850
2024-06-15 13:29:41,195 INFO:Total games: 4860
2024-06-15 13:31:07,141 INFO:Total games: 4870
2024-06-15 13:32:23,968 INFO:Total games: 4880
2024-06-15 13:33:48,078 INFO:Total games: 4890
2024-06-15 13:35:32,837 INFO:Total games: 4900
2024-06-15 13:37:21,336 INFO:Total games: 4910
2024-06-15 13:38:54,675 INFO:Total games: 4920
2024-06-15 13:40:33,493 INFO:Total games: 4930
2024-06-15 13:42:04,715 INFO:Total games: 4940
2024-06-15 13:43:34,114 INFO:Total games: 4950
2024-06-15 13:45:04,820 INFO:Total games: 4960
2024-06-15 13:46:35,482 INFO:Total games: 4970
2024-06-15 13:48:13,646 INFO:Total games: 4980
2024-06-15 13:50:04,645 INFO:Total games: 4990
2024-06-15 13:51:52,975 INFO:Total games: 5000
2024-06-15 13:53:23,490 INFO:Total games: 5010
2024-06-15 13:55:02,337 INFO:Total games: 5020
2024-06-15 13:56:39,159 INFO:Total games: 5030
2024-06-15 13:58:31,952 INFO:Total games: 5040
2024-06-15 14:00:01,656 INFO:Total games: 5050
2024-06-15 14:01:23,360 INFO:Total games: 5060
2024-06-15 14:03:20,725 INFO:Total games: 5070
2024-06-15 14:04:52,289 INFO:Total games: 5080
2024-06-15 14:06:22,395 INFO:Total games: 5090
2024-06-15 14:08:08,509 INFO:Total games: 5100
2024-06-15 14:09:32,445 INFO:Total games: 5110
2024-06-15 14:11:29,542 INFO:Total games: 5120
2024-06-15 14:13:21,447 INFO:Total games: 5130
2024-06-15 14:14:43,826 INFO:Total games: 5140
2024-06-15 14:16:54,154 INFO:Total games: 5150
2024-06-15 14:18:46,288 INFO:Total games: 5160
2024-06-15 14:20:22,036 INFO:Total games: 5170
2024-06-15 14:21:59,540 INFO:Total games: 5180
2024-06-15 14:23:13,334 INFO:Total games: 5190
2024-06-15 14:27:35,342 INFO:Loaded new best model
2024-06-15 14:29:03,996 INFO:Total games: 5200
2024-06-15 14:30:47,355 INFO:Total games: 5210
2024-06-15 14:32:24,258 INFO:Total games: 5220
2024-06-15 14:34:01,425 INFO:Total games: 5230
2024-06-15 14:35:36,853 INFO:Total games: 5240
2024-06-15 14:37:08,339 INFO:Total games: 5250
2024-06-15 14:38:43,201 INFO:Total games: 5260
2024-06-15 14:40:26,262 INFO:Total games: 5270
2024-06-15 14:41:59,421 INFO:Total games: 5280
2024-06-15 14:43:37,478 INFO:Total games: 5290
2024-06-15 14:45:02,334 INFO:Total games: 5300
2024-06-15 14:46:37,977 INFO:Total games: 5310
2024-06-15 14:48:31,071 INFO:Total games: 5320
2024-06-15 14:49:53,612 INFO:Total games: 5330
2024-06-15 14:51:27,577 INFO:Total games: 5340
2024-06-15 14:53:27,327 INFO:Total games: 5350
2024-06-15 14:54:58,494 INFO:Total games: 5360
2024-06-15 14:56:25,720 INFO:Total games: 5370
2024-06-15 14:57:50,031 INFO:Total games: 5380
2024-06-15 14:59:34,250 INFO:Total games: 5390
2024-06-15 15:01:13,024 INFO:Total games: 5400
2024-06-15 15:02:42,991 INFO:Total games: 5410
2024-06-15 15:04:05,381 INFO:Total games: 5420
2024-06-15 15:05:25,831 INFO:Total games: 5430
2024-06-15 15:07:03,209 INFO:Total games: 5440
2024-06-15 15:08:34,137 INFO:Total games: 5450
2024-06-15 15:10:27,384 INFO:Total games: 5460
2024-06-15 15:12:03,644 INFO:Total games: 5470
2024-06-15 15:13:37,939 INFO:Total games: 5480
2024-06-15 15:15:25,660 INFO:Total games: 5490
2024-06-15 15:16:52,529 INFO:Total games: 5500
2024-06-15 15:18:06,172 INFO:Total games: 5510
2024-06-15 15:19:33,722 INFO:Total games: 5520
2024-06-15 15:20:59,468 INFO:Total games: 5530
2024-06-15 15:22:46,835 INFO:Total games: 5540
2024-06-15 15:24:18,814 INFO:Total games: 5550
2024-06-15 15:25:55,710 INFO:Total games: 5560
2024-06-15 15:27:29,700 INFO:Total games: 5570
2024-06-15 15:29:18,114 INFO:Total games: 5580
2024-06-15 15:30:30,579 INFO:Total games: 5590
2024-06-15 15:32:28,212 INFO:Total games: 5600
2024-06-15 15:34:27,916 INFO:Total games: 5610
2024-06-15 15:36:00,018 INFO:Total games: 5620
2024-06-15 15:37:40,116 INFO:Total games: 5630
2024-06-15 15:39:10,630 INFO:Total games: 5640
2024-06-15 15:40:54,185 INFO:Total games: 5650
2024-06-15 15:42:28,601 INFO:Total games: 5660
2024-06-15 15:43:53,674 INFO:Total games: 5670
2024-06-15 15:45:23,982 INFO:Total games: 5680
2024-06-15 15:47:18,992 INFO:Total games: 5690
2024-06-15 15:49:18,154 INFO:Total games: 5700
2024-06-15 15:51:06,968 INFO:Total games: 5710
2024-06-15 15:52:42,948 INFO:Total games: 5720
2024-06-15 15:53:41,724 INFO:Total games: 5730
2024-06-15 15:59:53,790 INFO:Total games: 5740
2024-06-15 16:01:11,024 INFO:Total games: 5750
2024-06-15 16:02:26,412 INFO:Total games: 5760
2024-06-15 16:04:12,614 INFO:Total games: 5770
2024-06-15 16:05:48,565 INFO:Total games: 5780
2024-06-15 16:07:31,487 INFO:Total games: 5790
2024-06-15 16:09:13,924 INFO:Total games: 5800
2024-06-15 16:10:56,675 INFO:Total games: 5810
2024-06-15 16:12:45,810 INFO:Total games: 5820
2024-06-15 16:14:19,983 INFO:Total games: 5830
2024-06-15 16:15:44,274 INFO:Total games: 5840
2024-06-15 16:17:20,671 INFO:Total games: 5850
2024-06-15 16:18:52,259 INFO:Total games: 5860
2024-06-15 16:20:14,158 INFO:Total games: 5870
2024-06-15 16:21:55,681 INFO:Total games: 5880
2024-06-15 16:23:21,291 INFO:Total games: 5890
2024-06-15 16:25:03,402 INFO:Total games: 5900
2024-06-15 16:26:46,314 INFO:Total games: 5910
2024-06-15 16:28:37,254 INFO:Total games: 5920
2024-06-15 16:30:06,645 INFO:Total games: 5930
2024-06-15 16:32:05,391 INFO:Total games: 5940
2024-06-15 16:33:55,087 INFO:Total games: 5950
2024-06-15 16:35:33,278 INFO:Total games: 5960
2024-06-15 16:37:06,730 INFO:Total games: 5970
2024-06-15 16:38:42,885 INFO:Total games: 5980
2024-06-15 16:40:31,439 INFO:Total games: 5990
2024-06-15 16:42:17,926 INFO:Total games: 6000
2024-06-15 16:43:53,817 INFO:Total games: 6010
2024-06-15 16:45:13,295 INFO:Total games: 6020
2024-06-15 16:46:55,944 INFO:Total games: 6030
2024-06-15 16:48:21,646 INFO:Total games: 6040
2024-06-15 16:50:08,365 INFO:Total games: 6050
2024-06-15 16:51:43,897 INFO:Total games: 6060
2024-06-15 16:53:18,782 INFO:Total games: 6070
2024-06-15 16:54:51,178 INFO:Total games: 6080
2024-06-15 16:56:27,422 INFO:Total games: 6090
2024-06-15 16:58:13,128 INFO:Total games: 6100
2024-06-15 16:59:41,503 INFO:Total games: 6110
2024-06-15 17:00:54,186 INFO:Total games: 6120
2024-06-15 17:07:10,158 INFO:Total games: 6130
2024-06-15 22:09:42,336 INFO:Total games: 6140
2024-06-16 02:39:21,562 INFO:Total games: 6150
2024-06-16 06:57:58,345 INFO:Total games: 6160
2024-06-16 08:17:08,093 INFO:Total games: 6170
2024-06-16 10:29:58,517 INFO:Total games: 6180
2024-06-16 10:43:53,104 INFO:Total games: 6190
2024-06-16 10:45:31,033 INFO:Total games: 6200
2024-06-16 10:46:55,471 INFO:Total games: 6210
2024-06-16 10:48:55,579 INFO:Total games: 6220
2024-06-16 10:50:54,079 INFO:Total games: 6230
2024-06-16 10:52:39,493 INFO:Total games: 6240
2024-06-16 10:54:38,396 INFO:Total games: 6250
2024-06-16 10:56:50,822 INFO:Total games: 6260
2024-06-16 10:57:50,473 INFO:Total games: 6270
2024-06-16 11:03:58,951 INFO:Total games: 6280
2024-06-16 11:05:34,123 INFO:Total games: 6290
2024-06-16 11:06:59,376 INFO:Total games: 6300
2024-06-16 11:08:24,909 INFO:Total games: 6310
2024-06-16 11:09:40,512 INFO:Total games: 6320
2024-06-16 11:11:15,610 INFO:Total games: 6330
2024-06-16 11:12:53,782 INFO:Total games: 6340
2024-06-16 11:14:37,112 INFO:Total games: 6350
2024-06-16 11:16:38,594 INFO:Total games: 6360
2024-06-16 11:17:56,291 INFO:Total games: 6370
2024-06-16 11:19:33,978 INFO:Total games: 6380
2024-06-16 11:21:02,680 INFO:Total games: 6390
2024-06-16 11:22:36,222 INFO:Total games: 6400
2024-06-16 11:24:14,460 INFO:Total games: 6410
2024-06-16 11:25:49,370 INFO:Total games: 6420
2024-06-16 11:27:26,973 INFO:Total games: 6430
2024-06-16 11:29:16,766 INFO:Total games: 6440
2024-06-16 11:30:56,382 INFO:Total games: 6450
2024-06-16 11:32:34,345 INFO:Total games: 6460
2024-06-16 11:34:05,275 INFO:Total games: 6470
2024-06-16 11:35:44,464 INFO:Total games: 6480
2024-06-16 11:37:24,572 INFO:Total games: 6490
2024-06-16 11:39:26,448 INFO:Total games: 6500
2024-06-16 11:41:07,304 INFO:Total games: 6510
2024-06-16 11:42:56,525 INFO:Total games: 6520
2024-06-16 11:44:03,751 INFO:Total games: 6530
2024-06-16 11:45:50,347 INFO:Total games: 6540
2024-06-16 11:47:23,708 INFO:Total games: 6550
2024-06-16 11:48:58,659 INFO:Total games: 6560
2024-06-16 11:50:43,362 INFO:Total games: 6570
2024-06-16 11:52:22,956 INFO:Total games: 6580
2024-06-16 11:54:09,915 INFO:Total games: 6590
2024-06-16 11:55:44,503 INFO:Total games: 6600
2024-06-16 11:57:14,823 INFO:Total games: 6610
2024-06-16 11:58:57,229 INFO:Total games: 6620
2024-06-16 12:00:48,697 INFO:Total games: 6630
2024-06-16 12:02:27,581 INFO:Total games: 6640
2024-06-16 12:04:31,064 INFO:Total games: 6650
2024-06-16 12:06:32,132 INFO:Total games: 6660
2024-06-16 12:07:58,723 INFO:Total games: 6670
2024-06-16 12:09:11,577 INFO:Total games: 6680
2024-06-16 12:10:55,318 INFO:Total games: 6690
2024-06-16 12:12:56,194 INFO:Total games: 6700
2024-06-16 12:15:10,705 INFO:Total games: 6710
2024-06-16 12:17:08,720 INFO:Total games: 6720
2024-06-16 12:18:59,003 INFO:Total games: 6730
2024-06-16 12:20:22,091 INFO:Total games: 6740
2024-06-16 12:21:59,283 INFO:Total games: 6750
2024-06-16 12:23:27,143 INFO:Total games: 6760
2024-06-16 12:25:35,505 INFO:Total games: 6770
2024-06-16 12:27:24,003 INFO:Total games: 6780
2024-06-16 12:28:38,750 INFO:Total games: 6790
2024-06-16 12:35:03,401 INFO:Total games: 6800
2024-06-16 12:36:28,058 INFO:Total games: 6810
2024-06-16 12:38:08,928 INFO:Total games: 6820
2024-06-16 12:39:32,125 INFO:Total games: 6830
2024-06-16 12:41:08,461 INFO:Total games: 6840
2024-06-16 12:42:33,412 INFO:Total games: 6850
2024-06-16 12:44:14,164 INFO:Total games: 6860
2024-06-16 12:45:28,239 INFO:Total games: 6870
2024-06-16 12:46:57,872 INFO:Total games: 6880
2024-06-16 12:48:29,172 INFO:Total games: 6890
2024-06-16 12:50:26,149 INFO:Total games: 6900
2024-06-16 12:52:21,481 INFO:Total games: 6910
2024-06-16 12:54:10,155 INFO:Total games: 6920
2024-06-16 12:56:06,718 INFO:Total games: 6930
2024-06-16 12:57:28,252 INFO:Total games: 6940
2024-06-16 12:59:19,434 INFO:Total games: 6950
2024-06-16 13:01:06,077 INFO:Total games: 6960
2024-06-16 13:02:34,978 INFO:Total games: 6970
2024-06-16 13:04:17,156 INFO:Total games: 6980
2024-06-16 13:06:07,284 INFO:Total games: 6990
2024-06-16 13:07:45,997 INFO:Total games: 7000
2024-06-16 13:09:08,834 INFO:Total games: 7010
2024-06-16 13:10:49,405 INFO:Total games: 7020
2024-06-16 13:12:44,021 INFO:Total games: 7030
2024-06-16 13:14:16,528 INFO:Total games: 7040
2024-06-16 13:15:42,559 INFO:Total games: 7050
2024-06-16 13:17:20,274 INFO:Total games: 7060
2024-06-16 13:18:46,333 INFO:Total games: 7070
2024-06-16 13:20:26,034 INFO:Total games: 7080
2024-06-16 13:22:22,079 INFO:Total games: 7090
2024-06-16 13:23:47,930 INFO:Total games: 7100
2024-06-16 13:26:03,476 INFO:Total games: 7110
2024-06-16 13:27:53,055 INFO:Total games: 7120
2024-06-16 13:29:11,650 INFO:Total games: 7130
2024-06-16 13:30:41,547 INFO:Total games: 7140
2024-06-16 13:32:14,625 INFO:Total games: 7150
2024-06-16 13:33:43,675 INFO:Total games: 7160
2024-06-16 13:35:18,081 INFO:Total games: 7170
2024-06-16 13:36:41,488 INFO:Total games: 7180
2024-06-16 13:38:27,542 INFO:Total games: 7190
2024-06-16 13:40:10,996 INFO:Total games: 7200
2024-06-16 13:41:49,716 INFO:Total games: 7210
2024-06-16 13:43:46,264 INFO:Total games: 7220
2024-06-16 13:45:16,987 INFO:Total games: 7230
2024-06-16 13:46:53,931 INFO:Total games: 7240
2024-06-16 13:48:34,397 INFO:Total games: 7250
2024-06-16 13:50:02,266 INFO:Total games: 7260
2024-06-16 13:51:41,019 INFO:Total games: 7270
2024-06-16 13:53:47,904 INFO:Total games: 7280
2024-06-16 13:55:36,552 INFO:Total games: 7290
2024-06-16 13:57:53,222 INFO:Total games: 7300
2024-06-16 13:59:27,020 INFO:Total games: 7310
2024-06-16 14:05:49,049 INFO:Loaded new best model
2024-06-16 14:07:20,518 INFO:Total games: 7320
2024-06-16 14:09:02,282 INFO:Total games: 7330
2024-06-16 14:10:29,890 INFO:Total games: 7340
2024-06-16 14:11:55,832 INFO:Total games: 7350
2024-06-16 14:13:25,247 INFO:Total games: 7360
2024-06-16 14:15:01,657 INFO:Total games: 7370
2024-06-16 14:16:28,555 INFO:Total games: 7380
2024-06-16 14:17:58,525 INFO:Total games: 7390
2024-06-16 14:19:32,888 INFO:Total games: 7400
2024-06-16 14:20:44,018 INFO:Total games: 7410
2024-06-16 14:22:13,126 INFO:Total games: 7420
2024-06-16 14:23:44,217 INFO:Total games: 7430
2024-06-16 14:25:08,301 INFO:Total games: 7440
2024-06-16 14:26:45,777 INFO:Total games: 7450
2024-06-16 14:28:15,965 INFO:Total games: 7460
2024-06-16 14:30:02,843 INFO:Total games: 7470
2024-06-16 14:31:38,573 INFO:Total games: 7480
2024-06-16 14:32:59,725 INFO:Total games: 7490
2024-06-16 14:34:26,802 INFO:Total games: 7500
2024-06-16 14:36:17,412 INFO:Total games: 7510
2024-06-16 14:37:46,741 INFO:Total games: 7520
2024-06-16 14:39:11,562 INFO:Total games: 7530
2024-06-16 14:40:29,976 INFO:Total games: 7540
2024-06-16 14:42:19,677 INFO:Total games: 7550
2024-06-16 14:43:59,052 INFO:Total games: 7560
2024-06-16 14:45:40,237 INFO:Total games: 7570
2024-06-16 14:47:11,367 INFO:Total games: 7580
2024-06-16 14:48:38,302 INFO:Total games: 7590
2024-06-16 14:50:10,659 INFO:Total games: 7600
2024-06-16 14:51:38,229 INFO:Total games: 7610
2024-06-16 14:53:21,562 INFO:Total games: 7620
2024-06-16 14:55:14,880 INFO:Total games: 7630
2024-06-16 14:56:50,671 INFO:Total games: 7640
2024-06-16 14:59:25,099 INFO:Total games: 7650
2024-06-16 15:00:53,886 INFO:Total games: 7660
2024-06-16 15:02:29,415 INFO:Total games: 7670
2024-06-16 15:04:09,111 INFO:Total games: 7680
2024-06-16 15:05:34,351 INFO:Total games: 7690
2024-06-16 15:07:24,680 INFO:Total games: 7700
2024-06-16 15:08:45,527 INFO:Total games: 7710
2024-06-16 15:10:42,617 INFO:Total games: 7720
2024-06-16 15:12:19,002 INFO:Total games: 7730
2024-06-16 15:13:45,833 INFO:Total games: 7740
2024-06-16 15:15:25,206 INFO:Total games: 7750
2024-06-16 15:17:09,684 INFO:Total games: 7760
2024-06-16 15:18:58,317 INFO:Total games: 7770
2024-06-16 15:20:27,512 INFO:Total games: 7780
2024-06-16 15:21:48,545 INFO:Total games: 7790
2024-06-16 15:23:14,616 INFO:Total games: 7800
2024-06-16 15:24:56,557 INFO:Total games: 7810
2024-06-16 15:26:40,146 INFO:Total games: 7820
2024-06-16 15:28:25,312 INFO:Total games: 7830
2024-06-16 15:30:25,235 INFO:Total games: 7840
2024-06-16 15:32:21,024 INFO:Total games: 7850
2024-06-16 15:33:25,192 INFO:Total games: 7860
2024-06-16 15:39:22,935 INFO:Total games: 7870
2024-06-16 15:41:13,496 INFO:Total games: 7880
2024-06-16 15:42:53,610 INFO:Total games: 7890
2024-06-16 15:44:21,011 INFO:Total games: 7900
2024-06-16 15:45:57,074 INFO:Total games: 7910
2024-06-16 15:47:53,342 INFO:Total games: 7920
2024-06-16 15:49:08,920 INFO:Total games: 7930
2024-06-16 15:50:50,147 INFO:Total games: 7940
2024-06-16 15:52:33,971 INFO:Total games: 7950
2024-06-16 15:54:17,707 INFO:Total games: 7960
2024-06-16 15:55:54,840 INFO:Total games: 7970
2024-06-16 15:57:34,823 INFO:Total games: 7980
2024-06-16 15:59:30,511 INFO:Total games: 7990
2024-06-16 16:01:01,956 INFO:Total games: 8000
2024-06-16 16:02:23,899 INFO:Total games: 8010
2024-06-16 16:04:19,545 INFO:Total games: 8020
2024-06-16 16:05:43,389 INFO:Total games: 8030
2024-06-16 16:07:43,122 INFO:Total games: 8040
2024-06-16 16:09:24,825 INFO:Total games: 8050
2024-06-16 16:10:48,426 INFO:Total games: 8060
2024-06-16 16:12:17,154 INFO:Total games: 8070
2024-06-16 16:14:05,392 INFO:Total games: 8080
2024-06-16 16:15:56,304 INFO:Total games: 8090
2024-06-16 16:17:50,260 INFO:Total games: 8100
2024-06-16 16:19:34,700 INFO:Total games: 8110
2024-06-16 16:21:03,187 INFO:Total games: 8120
2024-06-16 16:22:30,009 INFO:Total games: 8130
2024-06-16 16:23:48,470 INFO:Total games: 8140
2024-06-16 16:25:29,182 INFO:Total games: 8150
2024-06-16 16:27:26,760 INFO:Total games: 8160
2024-06-16 16:29:10,328 INFO:Total games: 8170
2024-06-16 16:30:36,279 INFO:Total games: 8180
2024-06-16 16:32:01,643 INFO:Total games: 8190
2024-06-16 16:33:47,735 INFO:Total games: 8200
2024-06-16 16:35:22,709 INFO:Total games: 8210
2024-06-16 16:36:50,919 INFO:Total games: 8220
2024-06-16 16:38:09,721 INFO:Total games: 8230
2024-06-16 16:39:31,023 INFO:Total games: 8240
2024-06-16 16:41:06,275 INFO:Total games: 8250
2024-06-16 16:43:14,504 INFO:Total games: 8260
2024-06-16 16:44:43,343 INFO:Total games: 8270
2024-06-16 16:46:03,217 INFO:Total games: 8280
2024-06-16 16:47:21,500 INFO:Total games: 8290
2024-06-16 16:48:49,409 INFO:Total games: 8300
2024-06-16 16:50:04,922 INFO:Total games: 8310
2024-06-16 16:51:46,493 INFO:Total games: 8320
2024-06-16 16:53:27,196 INFO:Total games: 8330
2024-06-16 16:54:58,354 INFO:Total games: 8340
2024-06-16 16:56:36,127 INFO:Total games: 8350
2024-06-16 16:58:15,695 INFO:Total games: 8360
2024-06-16 17:00:11,912 INFO:Total games: 8370
2024-06-16 17:01:42,791 INFO:Total games: 8380
2024-06-16 17:03:44,393 INFO:Total games: 8390
2024-06-16 17:05:25,514 INFO:Total games: 8400
2024-06-16 17:06:27,127 INFO:Total games: 8410
2024-06-16 17:12:36,147 INFO:Total games: 8420
2024-06-16 17:14:05,884 INFO:Total games: 8430
2024-06-16 17:15:25,253 INFO:Total games: 8440
2024-06-16 17:16:45,549 INFO:Total games: 8450
2024-06-16 17:18:30,248 INFO:Total games: 8460
2024-06-16 17:19:59,258 INFO:Total games: 8470
2024-06-16 17:21:46,548 INFO:Total games: 8480
2024-06-16 17:23:38,685 INFO:Total games: 8490
2024-06-16 17:25:22,527 INFO:Total games: 8500
2024-06-16 17:27:02,615 INFO:Total games: 8510
2024-06-16 17:28:39,169 INFO:Total games: 8520
2024-06-16 17:30:07,118 INFO:Total games: 8530
2024-06-16 17:31:50,846 INFO:Total games: 8540
2024-06-16 17:33:30,384 INFO:Total games: 8550
2024-06-16 17:35:14,709 INFO:Total games: 8560
2024-06-16 17:36:49,659 INFO:Total games: 8570
2024-06-16 17:38:29,529 INFO:Total games: 8580
2024-06-16 17:40:13,147 INFO:Total games: 8590
2024-06-16 17:41:44,208 INFO:Total games: 8600
2024-06-16 17:43:31,565 INFO:Total games: 8610
2024-06-16 17:45:08,864 INFO:Total games: 8620
2024-06-16 17:46:37,767 INFO:Total games: 8630
2024-06-16 17:48:07,961 INFO:Total games: 8640
2024-06-16 17:49:34,799 INFO:Total games: 8650
2024-06-16 17:51:31,427 INFO:Total games: 8660
2024-06-16 17:52:58,318 INFO:Total games: 8670
2024-06-16 17:54:30,833 INFO:Total games: 8680
2024-06-16 17:55:59,843 INFO:Total games: 8690
2024-06-16 17:57:24,449 INFO:Total games: 8700
2024-06-16 17:58:41,367 INFO:Total games: 8710
2024-06-16 18:00:18,700 INFO:Total games: 8720
2024-06-16 18:01:57,427 INFO:Total games: 8730
2024-06-16 18:03:25,610 INFO:Total games: 8740
2024-06-16 18:05:03,986 INFO:Total games: 8750
2024-06-16 18:06:27,457 INFO:Total games: 8760
2024-06-16 18:08:10,289 INFO:Total games: 8770
2024-06-16 18:09:57,763 INFO:Total games: 8780
2024-06-16 18:11:25,955 INFO:Total games: 8790
2024-06-16 18:13:06,504 INFO:Total games: 8800
2024-06-16 18:14:36,602 INFO:Total games: 8810
2024-06-16 18:16:21,700 INFO:Total games: 8820
2024-06-16 18:18:14,299 INFO:Total games: 8830
2024-06-16 18:20:00,077 INFO:Total games: 8840
2024-06-16 18:21:46,530 INFO:Total games: 8850
2024-06-16 18:23:08,004 INFO:Total games: 8860
2024-06-16 18:24:51,857 INFO:Total games: 8870
2024-06-16 18:26:21,382 INFO:Total games: 8880
2024-06-16 18:27:42,000 INFO:Total games: 8890
2024-06-16 18:29:10,600 INFO:Total games: 8900
2024-06-16 18:30:48,691 INFO:Total games: 8910
2024-06-16 18:32:36,079 INFO:Total games: 8920
2024-06-16 18:34:11,801 INFO:Total games: 8930
2024-06-16 18:35:47,128 INFO:Total games: 8940
2024-06-16 18:37:09,570 INFO:Total games: 8950
2024-06-16 18:44:11,008 INFO:Total games: 8960
2024-06-16 18:45:53,057 INFO:Total games: 8970
2024-06-16 18:47:40,596 INFO:Total games: 8980
2024-06-16 18:49:07,621 INFO:Total games: 8990
2024-06-16 18:50:15,855 INFO:Total games: 9000
2024-06-16 18:51:38,942 INFO:Total games: 9010
2024-06-16 18:53:24,321 INFO:Total games: 9020
2024-06-16 18:54:40,590 INFO:Total games: 9030
2024-06-16 18:56:22,682 INFO:Total games: 9040
2024-06-16 18:57:56,307 INFO:Total games: 9050
2024-06-16 18:59:19,623 INFO:Total games: 9060
2024-06-16 19:01:02,186 INFO:Total games: 9070
2024-06-16 19:02:44,873 INFO:Total games: 9080
2024-06-16 19:04:29,080 INFO:Total games: 9090
2024-06-16 19:06:04,147 INFO:Total games: 9100
2024-06-16 19:07:48,612 INFO:Total games: 9110
2024-06-16 19:09:15,515 INFO:Total games: 9120
2024-06-16 19:10:30,392 INFO:Total games: 9130
2024-06-16 19:11:53,586 INFO:Total games: 9140
2024-06-16 19:13:22,526 INFO:Total games: 9150
2024-06-16 19:15:03,136 INFO:Total games: 9160
2024-06-16 19:16:23,958 INFO:Total games: 9170
2024-06-16 19:17:58,359 INFO:Total games: 9180
2024-06-16 19:19:37,908 INFO:Total games: 9190
2024-06-16 19:21:12,578 INFO:Total games: 9200
2024-06-16 19:22:40,436 INFO:Total games: 9210
2024-06-16 19:24:25,920 INFO:Total games: 9220
2024-06-16 19:26:00,896 INFO:Total games: 9230
2024-06-16 19:27:46,568 INFO:Total games: 9240
2024-06-16 19:29:21,583 INFO:Total games: 9250
2024-06-16 19:30:59,024 INFO:Total games: 9260
2024-06-16 19:32:40,879 INFO:Total games: 9270
2024-06-16 19:34:15,919 INFO:Total games: 9280
2024-06-16 19:36:06,064 INFO:Total games: 9290
2024-06-16 19:37:44,207 INFO:Total games: 9300
2024-06-16 19:39:05,764 INFO:Total games: 9310
2024-06-16 19:40:32,777 INFO:Total games: 9320
2024-06-16 19:42:01,788 INFO:Total games: 9330
2024-06-16 19:43:31,559 INFO:Total games: 9340
2024-06-16 19:45:10,180 INFO:Total games: 9350
2024-06-16 19:46:52,305 INFO:Total games: 9360
2024-06-16 19:48:37,429 INFO:Total games: 9370
2024-06-16 19:50:30,199 INFO:Total games: 9380
2024-06-16 19:52:13,842 INFO:Total games: 9390
2024-06-16 19:54:05,073 INFO:Total games: 9400
2024-06-16 19:55:58,102 INFO:Total games: 9410
2024-06-16 19:57:49,249 INFO:Total games: 9420
2024-06-16 19:59:36,130 INFO:Total games: 9430
2024-06-16 20:01:22,383 INFO:Total games: 9440
2024-06-16 20:03:15,821 INFO:Total games: 9450
2024-06-16 20:04:53,513 INFO:Total games: 9460
2024-06-16 20:06:43,906 INFO:Total games: 9470
2024-06-16 20:08:28,944 INFO:Total games: 9480
2024-06-16 20:16:29,804 INFO:Total games: 9490
2024-06-16 20:17:51,746 INFO:Total games: 9500
2024-06-16 20:19:35,710 INFO:Total games: 9510
2024-06-16 20:20:58,833 INFO:Total games: 9520
2024-06-16 20:22:34,911 INFO:Total games: 9530
2024-06-16 20:24:34,839 INFO:Total games: 9540
2024-06-16 20:26:01,801 INFO:Total games: 9550
2024-06-16 20:27:26,959 INFO:Total games: 9560
2024-06-16 20:29:24,538 INFO:Total games: 9570
2024-06-16 20:31:12,360 INFO:Total games: 9580
2024-06-16 20:32:43,463 INFO:Total games: 9590
2024-06-16 20:34:18,350 INFO:Total games: 9600
2024-06-16 20:35:58,286 INFO:Total games: 9610
2024-06-16 20:37:35,232 INFO:Total games: 9620
2024-06-16 20:39:27,118 INFO:Total games: 9630
2024-06-16 20:40:52,467 INFO:Total games: 9640
2024-06-16 20:42:34,316 INFO:Total games: 9650
2024-06-16 20:43:53,444 INFO:Total games: 9660
2024-06-16 20:45:13,081 INFO:Total games: 9670
2024-06-16 20:46:52,395 INFO:Total games: 9680
2024-06-16 20:48:25,163 INFO:Total games: 9690
2024-06-16 20:50:02,812 INFO:Total games: 9700
2024-06-16 20:51:32,386 INFO:Total games: 9710
2024-06-16 20:53:12,735 INFO:Total games: 9720
2024-06-16 20:54:57,226 INFO:Total games: 9730
2024-06-16 20:56:36,216 INFO:Total games: 9740
2024-06-16 20:57:54,536 INFO:Total games: 9750
2024-06-16 20:59:22,881 INFO:Total games: 9760
2024-06-16 21:01:11,887 INFO:Total games: 9770
2024-06-16 21:02:58,098 INFO:Total games: 9780
2024-06-16 21:04:47,953 INFO:Total games: 9790
2024-06-16 21:06:11,894 INFO:Total games: 9800
2024-06-16 21:07:41,866 INFO:Total games: 9810
2024-06-16 21:09:07,312 INFO:Total games: 9820
2024-06-16 21:10:34,970 INFO:Total games: 9830
2024-06-16 21:12:02,922 INFO:Total games: 9840
2024-06-16 21:13:34,502 INFO:Total games: 9850
2024-06-16 21:15:17,754 INFO:Total games: 9860
2024-06-16 21:16:50,160 INFO:Total games: 9870
2024-06-16 21:18:15,991 INFO:Total games: 9880
2024-06-16 21:19:41,134 INFO:Total games: 9890
2024-06-16 21:21:14,301 INFO:Total games: 9900
2024-06-16 21:22:48,203 INFO:Total games: 9910
2024-06-16 21:24:17,630 INFO:Total games: 9920
2024-06-16 21:25:49,832 INFO:Total games: 9930
2024-06-16 21:27:12,841 INFO:Total games: 9940
2024-06-16 21:28:48,743 INFO:Total games: 9950
2024-06-16 21:30:20,417 INFO:Total games: 9960
2024-06-16 21:31:37,283 INFO:Total games: 9970
2024-06-16 21:33:30,722 INFO:Total games: 9980
2024-06-16 21:35:17,281 INFO:Total games: 9990
2024-06-16 21:36:52,488 INFO:Total games: 10000
2024-06-16 21:38:41,076 INFO:Total games: 10010
2024-06-16 21:40:03,493 INFO:Total games: 10020
2024-06-16 21:40:58,591 INFO:Total games: 10030
2024-06-16 21:47:33,712 INFO:Total games: 10040
2024-06-16 21:49:13,875 INFO:Total games: 10050
2024-06-16 21:51:02,847 INFO:Total games: 10060
2024-06-16 21:52:42,717 INFO:Total games: 10070
2024-06-16 21:54:30,808 INFO:Total games: 10080
2024-06-16 21:56:10,524 INFO:Total games: 10090
2024-06-16 21:58:04,497 INFO:Total games: 10100
2024-06-16 21:59:36,592 INFO:Total games: 10110
2024-06-16 22:01:01,851 INFO:Total games: 10120
2024-06-16 22:02:38,445 INFO:Total games: 10130
2024-06-16 22:04:33,406 INFO:Total games: 10140
2024-06-16 22:06:10,056 INFO:Total games: 10150
2024-06-16 22:08:02,937 INFO:Total games: 10160
2024-06-16 22:09:20,785 INFO:Total games: 10170
2024-06-16 22:10:47,749 INFO:Total games: 10180
2024-06-16 22:12:22,930 INFO:Total games: 10190
2024-06-16 22:13:43,928 INFO:Total games: 10200
2024-06-16 22:15:08,265 INFO:Total games: 10210
2024-06-16 22:16:54,616 INFO:Total games: 10220
2024-06-16 22:18:50,033 INFO:Total games: 10230
2024-06-16 22:20:55,593 INFO:Total games: 10240
2024-06-16 22:22:40,007 INFO:Total games: 10250
2024-06-16 22:24:26,489 INFO:Total games: 10260
2024-06-16 22:26:21,509 INFO:Total games: 10270
2024-06-16 22:28:14,933 INFO:Total games: 10280
2024-06-16 22:29:41,894 INFO:Total games: 10290
2024-06-16 22:31:10,637 INFO:Total games: 10300
2024-06-16 22:32:28,964 INFO:Total games: 10310
2024-06-16 22:33:51,910 INFO:Total games: 10320
2024-06-16 22:35:33,809 INFO:Total games: 10330
2024-06-16 22:37:28,173 INFO:Total games: 10340
2024-06-16 22:39:05,672 INFO:Total games: 10350
2024-06-16 22:40:31,057 INFO:Total games: 10360
2024-06-16 22:42:28,025 INFO:Total games: 10370
2024-06-16 22:44:03,207 INFO:Total games: 10380
2024-06-16 22:45:38,165 INFO:Total games: 10390
2024-06-16 22:47:40,137 INFO:Total games: 10400
2024-06-16 22:49:12,256 INFO:Total games: 10410
2024-06-16 22:50:29,265 INFO:Total games: 10420
2024-06-16 22:51:45,440 INFO:Total games: 10430
2024-06-16 22:53:29,394 INFO:Total games: 10440
2024-06-16 22:54:50,838 INFO:Total games: 10450
2024-06-16 22:56:38,712 INFO:Total games: 10460
2024-06-16 22:58:16,400 INFO:Total games: 10470
2024-06-16 22:59:58,888 INFO:Total games: 10480
2024-06-16 23:01:45,359 INFO:Total games: 10490
2024-06-16 23:03:53,825 INFO:Total games: 10500
2024-06-16 23:05:55,928 INFO:Total games: 10510
2024-06-16 23:07:32,910 INFO:Total games: 10520
2024-06-16 23:09:12,114 INFO:Total games: 10530
2024-06-16 23:10:28,939 INFO:Total games: 10540
2024-06-16 23:17:16,547 INFO:Total games: 10550
2024-06-16 23:18:39,637 INFO:Total games: 10560
2024-06-16 23:20:22,827 INFO:Total games: 10570
2024-06-16 23:21:39,544 INFO:Total games: 10580
2024-06-16 23:23:05,441 INFO:Total games: 10590
2024-06-16 23:24:46,210 INFO:Total games: 10600
2024-06-16 23:26:45,329 INFO:Total games: 10610
2024-06-16 23:28:20,001 INFO:Total games: 10620
2024-06-16 23:29:45,909 INFO:Total games: 10630
2024-06-16 23:31:30,285 INFO:Total games: 10640
2024-06-16 23:33:17,670 INFO:Total games: 10650
2024-06-16 23:35:03,202 INFO:Total games: 10660
2024-06-16 23:36:41,936 INFO:Total games: 10670
2024-06-16 23:38:23,977 INFO:Total games: 10680
2024-06-16 23:39:59,059 INFO:Total games: 10690
2024-06-16 23:41:35,676 INFO:Total games: 10700
2024-06-16 23:43:01,779 INFO:Total games: 10710
2024-06-16 23:44:25,522 INFO:Total games: 10720
2024-06-16 23:46:14,626 INFO:Total games: 10730
2024-06-16 23:47:52,941 INFO:Total games: 10740
2024-06-16 23:49:35,536 INFO:Total games: 10750
2024-06-16 23:51:09,954 INFO:Total games: 10760
2024-06-16 23:52:31,719 INFO:Total games: 10770
2024-06-16 23:54:15,634 INFO:Total games: 10780
2024-06-16 23:56:02,575 INFO:Total games: 10790
2024-06-16 23:57:40,972 INFO:Total games: 10800
2024-06-16 23:59:33,251 INFO:Total games: 10810
2024-06-17 00:01:24,893 INFO:Total games: 10820
2024-06-17 00:03:03,417 INFO:Total games: 10830
2024-06-17 00:04:56,485 INFO:Total games: 10840
2024-06-17 00:06:54,603 INFO:Total games: 10850
2024-06-17 00:08:52,378 INFO:Total games: 10860
2024-06-17 00:10:28,044 INFO:Total games: 10870
2024-06-17 00:11:46,087 INFO:Total games: 10880
2024-06-17 00:12:58,777 INFO:Total games: 10890
2024-06-17 00:14:38,728 INFO:Total games: 10900
2024-06-17 00:16:33,715 INFO:Total games: 10910
2024-06-17 00:18:22,050 INFO:Total games: 10920
2024-06-17 00:19:51,917 INFO:Total games: 10930
2024-06-17 00:21:31,779 INFO:Total games: 10940
2024-06-17 00:23:11,205 INFO:Total games: 10950
2024-06-17 00:24:54,336 INFO:Total games: 10960
2024-06-17 00:26:43,363 INFO:Total games: 10970
2024-06-17 00:28:33,255 INFO:Total games: 10980
2024-06-17 00:30:16,856 INFO:Total games: 10990
2024-06-17 00:31:32,870 INFO:Total games: 11000
2024-06-17 00:32:50,099 INFO:Total games: 11010
2024-06-17 00:34:12,950 INFO:Total games: 11020
2024-06-17 00:36:06,068 INFO:Total games: 11030
2024-06-17 00:38:12,596 INFO:Total games: 11040
2024-06-17 00:39:54,938 INFO:Total games: 11050
2024-06-17 00:41:15,470 INFO:Total games: 11060
2024-06-17 00:47:55,405 INFO:Total games: 11070
2024-06-17 00:49:46,072 INFO:Total games: 11080
2024-06-17 00:51:39,677 INFO:Total games: 11090
2024-06-17 00:53:03,896 INFO:Total games: 11100
2024-06-17 00:54:50,445 INFO:Total games: 11110
2024-06-17 00:56:22,547 INFO:Total games: 11120
2024-06-17 00:58:07,512 INFO:Total games: 11130
2024-06-17 00:59:30,490 INFO:Total games: 11140
2024-06-17 01:00:40,855 INFO:Total games: 11150
2024-06-17 01:01:50,966 INFO:Total games: 11160
2024-06-17 01:03:14,776 INFO:Total games: 11170
2024-06-17 01:05:00,785 INFO:Total games: 11180
2024-06-17 01:06:43,240 INFO:Total games: 11190
2024-06-17 01:08:26,966 INFO:Total games: 11200
2024-06-17 01:09:49,740 INFO:Total games: 11210
2024-06-17 01:11:38,744 INFO:Total games: 11220
2024-06-17 01:13:22,353 INFO:Total games: 11230
2024-06-17 01:15:03,641 INFO:Total games: 11240
2024-06-17 01:16:33,653 INFO:Total games: 11250
2024-06-17 01:18:15,746 INFO:Total games: 11260
2024-06-17 01:20:04,426 INFO:Total games: 11270
2024-06-17 01:21:23,896 INFO:Total games: 11280
2024-06-17 01:23:06,275 INFO:Total games: 11290
2024-06-17 01:24:32,961 INFO:Total games: 11300
2024-06-17 01:25:53,750 INFO:Total games: 11310
2024-06-17 01:27:29,186 INFO:Total games: 11320
2024-06-17 01:29:10,137 INFO:Total games: 11330
2024-06-17 01:30:40,705 INFO:Total games: 11340
2024-06-17 01:32:11,996 INFO:Total games: 11350
2024-06-17 01:33:46,188 INFO:Total games: 11360
2024-06-17 01:35:34,501 INFO:Total games: 11370
2024-06-17 01:37:01,111 INFO:Total games: 11380
2024-06-17 01:38:57,421 INFO:Total games: 11390
2024-06-17 01:40:32,424 INFO:Total games: 11400
2024-06-17 01:42:04,954 INFO:Total games: 11410
2024-06-17 01:43:48,691 INFO:Total games: 11420
2024-06-17 01:45:49,981 INFO:Total games: 11430
2024-06-17 01:47:27,818 INFO:Total games: 11440
2024-06-17 01:48:48,642 INFO:Total games: 11450
2024-06-17 01:50:17,522 INFO:Total games: 11460
2024-06-17 01:51:37,718 INFO:Total games: 11470
2024-06-17 01:53:13,612 INFO:Total games: 11480
2024-06-17 01:54:58,801 INFO:Total games: 11490
2024-06-17 01:56:25,532 INFO:Total games: 11500
2024-06-17 01:57:33,695 INFO:Total games: 11510
2024-06-17 01:59:06,355 INFO:Total games: 11520
2024-06-17 02:00:40,055 INFO:Total games: 11530
2024-06-17 02:02:27,729 INFO:Total games: 11540
2024-06-17 02:03:55,197 INFO:Total games: 11550
2024-06-17 02:06:09,587 INFO:Total games: 11560
2024-06-17 02:07:26,484 INFO:Total games: 11570
2024-06-17 02:09:05,615 INFO:Total games: 11580
2024-06-17 02:10:41,276 INFO:Total games: 11590
2024-06-17 02:12:25,822 INFO:Total games: 11600
2024-06-17 02:13:45,311 INFO:Total games: 11610
2024-06-17 02:19:36,454 INFO:Total games: 11620
2024-06-17 02:21:06,420 INFO:Total games: 11630
2024-06-17 02:22:57,621 INFO:Total games: 11640
2024-06-17 02:24:45,511 INFO:Total games: 11650
2024-06-17 02:26:23,176 INFO:Total games: 11660
2024-06-17 02:27:58,520 INFO:Total games: 11670
2024-06-17 02:29:13,309 INFO:Total games: 11680
2024-06-17 02:31:00,822 INFO:Total games: 11690
2024-06-17 02:32:20,999 INFO:Total games: 11700
2024-06-17 02:33:33,189 INFO:Total games: 11710
2024-06-17 02:35:00,127 INFO:Total games: 11720
2024-06-17 02:36:22,174 INFO:Total games: 11730
2024-06-17 02:37:55,093 INFO:Total games: 11740
2024-06-17 02:39:15,466 INFO:Total games: 11750
2024-06-17 02:40:39,406 INFO:Total games: 11760
2024-06-17 02:42:20,176 INFO:Total games: 11770
2024-06-17 02:43:57,898 INFO:Total games: 11780
2024-06-17 02:45:32,108 INFO:Total games: 11790
2024-06-17 02:47:12,346 INFO:Total games: 11800
2024-06-17 02:48:39,128 INFO:Total games: 11810
2024-06-17 02:50:15,914 INFO:Total games: 11820
2024-06-17 02:52:04,821 INFO:Total games: 11830
2024-06-17 02:53:35,244 INFO:Total games: 11840
2024-06-17 02:55:26,992 INFO:Total games: 11850
2024-06-17 02:57:13,043 INFO:Total games: 11860
2024-06-17 02:59:04,304 INFO:Total games: 11870
2024-06-17 03:00:23,763 INFO:Total games: 11880
2024-06-17 03:01:49,078 INFO:Total games: 11890
2024-06-17 03:03:43,812 INFO:Total games: 11900
2024-06-17 03:04:59,650 INFO:Total games: 11910
2024-06-17 03:06:24,981 INFO:Total games: 11920
2024-06-17 03:07:55,808 INFO:Total games: 11930
2024-06-17 03:09:23,486 INFO:Total games: 11940
2024-06-17 03:10:51,056 INFO:Total games: 11950
2024-06-17 03:12:08,035 INFO:Total games: 11960
2024-06-17 03:14:06,109 INFO:Total games: 11970
2024-06-17 03:15:52,928 INFO:Total games: 11980
2024-06-17 03:17:35,497 INFO:Total games: 11990
2024-06-17 03:19:08,423 INFO:Total games: 12000
2024-06-17 03:20:48,416 INFO:Total games: 12010
2024-06-17 03:22:39,038 INFO:Total games: 12020
2024-06-17 03:24:25,774 INFO:Total games: 12030
2024-06-17 03:26:00,171 INFO:Total games: 12040
2024-06-17 03:27:32,798 INFO:Total games: 12050
2024-06-17 03:29:15,040 INFO:Total games: 12060
2024-06-17 03:30:54,484 INFO:Total games: 12070
2024-06-17 03:32:35,656 INFO:Total games: 12080
2024-06-17 03:34:01,577 INFO:Total games: 12090
2024-06-17 03:35:24,803 INFO:Total games: 12100
2024-06-17 03:36:58,628 INFO:Total games: 12110
2024-06-17 03:38:37,307 INFO:Total games: 12120
2024-06-17 03:40:35,386 INFO:Total games: 12130
2024-06-17 03:42:42,111 INFO:Total games: 12140
2024-06-17 03:44:06,650 INFO:Total games: 12150
2024-06-17 03:45:05,497 INFO:Total games: 12160
2024-06-17 03:51:08,908 INFO:Total games: 12170
2024-06-17 03:52:53,553 INFO:Total games: 12180
2024-06-17 03:54:11,533 INFO:Total games: 12190
2024-06-17 03:55:37,441 INFO:Total games: 12200
2024-06-17 03:56:42,487 INFO:Total games: 12210
2024-06-17 03:58:15,019 INFO:Total games: 12220
2024-06-17 03:59:48,088 INFO:Total games: 12230
2024-06-17 04:01:15,799 INFO:Total games: 12240
2024-06-17 04:02:40,379 INFO:Total games: 12250
2024-06-17 04:04:32,350 INFO:Total games: 12260
2024-06-17 04:06:15,522 INFO:Total games: 12270
2024-06-17 04:08:03,431 INFO:Total games: 12280
2024-06-17 04:10:12,957 INFO:Total games: 12290
2024-06-17 04:11:29,501 INFO:Total games: 12300
2024-06-17 04:13:21,154 INFO:Total games: 12310
2024-06-17 04:15:06,474 INFO:Total games: 12320
2024-06-17 04:16:34,463 INFO:Total games: 12330
2024-06-17 04:17:55,222 INFO:Total games: 12340
2024-06-17 04:19:40,560 INFO:Total games: 12350
2024-06-17 04:20:47,973 INFO:Total games: 12360
2024-06-17 04:22:21,293 INFO:Total games: 12370
2024-06-17 04:23:58,239 INFO:Total games: 12380
2024-06-17 04:25:36,210 INFO:Total games: 12390
2024-06-17 04:27:14,858 INFO:Total games: 12400
2024-06-17 04:29:08,261 INFO:Total games: 12410
2024-06-17 04:30:47,069 INFO:Total games: 12420
2024-06-17 04:32:36,025 INFO:Total games: 12430
2024-06-17 04:33:46,970 INFO:Total games: 12440
2024-06-17 04:35:32,443 INFO:Total games: 12450
2024-06-17 04:37:19,327 INFO:Total games: 12460
2024-06-17 04:38:48,187 INFO:Total games: 12470
2024-06-17 04:40:12,900 INFO:Total games: 12480
2024-06-17 04:41:39,987 INFO:Total games: 12490
2024-06-17 04:43:23,286 INFO:Total games: 12500
2024-06-17 04:44:59,551 INFO:Total games: 12510
2024-06-17 04:46:36,052 INFO:Total games: 12520
2024-06-17 04:48:40,470 INFO:Total games: 12530
2024-06-17 04:50:18,571 INFO:Total games: 12540
2024-06-17 04:51:51,641 INFO:Total games: 12550
2024-06-17 04:53:29,461 INFO:Total games: 12560
2024-06-17 04:54:59,291 INFO:Total games: 12570
2024-06-17 04:56:46,712 INFO:Total games: 12580
2024-06-17 04:58:19,136 INFO:Total games: 12590
2024-06-17 04:59:53,457 INFO:Total games: 12600
2024-06-17 05:01:17,010 INFO:Total games: 12610
2024-06-17 05:02:40,661 INFO:Total games: 12620
2024-06-17 05:04:25,904 INFO:Total games: 12630
2024-06-17 05:06:10,475 INFO:Total games: 12640
2024-06-17 05:07:56,651 INFO:Total games: 12650
2024-06-17 05:09:24,577 INFO:Total games: 12660
2024-06-17 05:11:18,588 INFO:Total games: 12670
2024-06-17 05:12:47,972 INFO:Total games: 12680
2024-06-17 05:14:41,350 INFO:Total games: 12690
2024-06-17 05:16:01,459 INFO:Total games: 12700
2024-06-17 05:17:12,271 INFO:Total games: 12710
2024-06-17 05:22:50,863 INFO:Total games: 12720
2024-06-17 05:24:34,710 INFO:Total games: 12730
2024-06-17 05:26:03,042 INFO:Total games: 12740
2024-06-17 05:27:41,405 INFO:Total games: 12750
2024-06-17 05:29:29,900 INFO:Total games: 12760
2024-06-17 05:30:59,396 INFO:Total games: 12770
2024-06-17 05:32:40,940 INFO:Total games: 12780
2024-06-17 05:34:13,854 INFO:Total games: 12790
2024-06-17 05:35:33,524 INFO:Total games: 12800
2024-06-17 05:36:50,695 INFO:Total games: 12810
2024-06-17 05:38:23,480 INFO:Total games: 12820
2024-06-17 05:40:16,250 INFO:Total games: 12830
2024-06-17 05:42:04,792 INFO:Total games: 12840
2024-06-17 05:43:27,746 INFO:Total games: 12850
2024-06-17 05:44:42,807 INFO:Total games: 12860
2024-06-17 05:46:21,010 INFO:Total games: 12870
2024-06-17 05:47:54,435 INFO:Total games: 12880
2024-06-17 05:49:24,696 INFO:Total games: 12890
2024-06-17 05:51:05,162 INFO:Total games: 12900
2024-06-17 05:52:39,563 INFO:Total games: 12910
2024-06-17 05:54:15,167 INFO:Total games: 12920
2024-06-17 05:55:48,121 INFO:Total games: 12930
2024-06-17 05:57:36,036 INFO:Total games: 12940
2024-06-17 05:59:12,583 INFO:Total games: 12950
2024-06-17 06:00:55,262 INFO:Total games: 12960
2024-06-17 06:02:36,923 INFO:Total games: 12970
2024-06-17 06:04:36,850 INFO:Total games: 12980
2024-06-17 06:05:50,879 INFO:Total games: 12990
2024-06-17 06:07:35,441 INFO:Total games: 13000
2024-06-17 06:09:07,404 INFO:Total games: 13010
2024-06-17 06:10:44,829 INFO:Total games: 13020
2024-06-17 06:12:24,280 INFO:Total games: 13030
2024-06-17 06:13:58,027 INFO:Total games: 13040
2024-06-17 06:15:52,303 INFO:Total games: 13050
2024-06-17 06:17:31,539 INFO:Total games: 13060
2024-06-17 06:19:03,693 INFO:Total games: 13070
2024-06-17 06:20:51,914 INFO:Total games: 13080
2024-06-17 06:22:33,827 INFO:Total games: 13090
2024-06-17 06:24:09,291 INFO:Total games: 13100
2024-06-17 06:25:47,120 INFO:Total games: 13110
2024-06-17 06:27:35,465 INFO:Total games: 13120
2024-06-17 06:29:15,065 INFO:Total games: 13130
2024-06-17 06:30:34,672 INFO:Total games: 13140
2024-06-17 06:32:15,673 INFO:Total games: 13150
2024-06-17 06:33:39,062 INFO:Total games: 13160
2024-06-17 06:35:06,787 INFO:Total games: 13170
2024-06-17 06:36:35,015 INFO:Total games: 13180
2024-06-17 06:38:14,436 INFO:Total games: 13190
2024-06-17 06:39:45,196 INFO:Total games: 13200
2024-06-17 06:41:32,014 INFO:Total games: 13210
2024-06-17 06:43:00,807 INFO:Total games: 13220
2024-06-17 06:44:58,566 INFO:Total games: 13230
2024-06-17 06:46:33,476 INFO:Total games: 13240
2024-06-17 06:47:53,811 INFO:Total games: 13250
2024-06-17 06:49:13,602 INFO:Total games: 13260
2024-06-17 06:55:26,628 INFO:Total games: 13270
2024-06-17 06:57:12,339 INFO:Total games: 13280
2024-06-17 06:58:28,670 INFO:Total games: 13290
2024-06-17 07:00:07,715 INFO:Total games: 13300
2024-06-17 07:01:43,884 INFO:Total games: 13310
2024-06-17 07:03:41,711 INFO:Total games: 13320
2024-06-17 07:05:16,681 INFO:Total games: 13330
2024-06-17 07:06:43,513 INFO:Total games: 13340
2024-06-17 07:08:33,687 INFO:Total games: 13350
2024-06-17 07:09:52,951 INFO:Total games: 13360
2024-06-17 07:11:37,395 INFO:Total games: 13370
2024-06-17 07:13:11,477 INFO:Total games: 13380
2024-06-17 07:14:35,004 INFO:Total games: 13390
2024-06-17 07:16:35,429 INFO:Total games: 13400
2024-06-17 07:18:25,319 INFO:Total games: 13410
2024-06-17 07:20:05,548 INFO:Total games: 13420
2024-06-17 07:22:15,723 INFO:Total games: 13430
2024-06-17 07:23:52,958 INFO:Total games: 13440
2024-06-17 07:25:52,669 INFO:Total games: 13450
2024-06-17 07:27:14,367 INFO:Total games: 13460
2024-06-17 07:28:56,249 INFO:Total games: 13470
2024-06-17 07:30:32,647 INFO:Total games: 13480
2024-06-17 07:32:12,669 INFO:Total games: 13490
2024-06-17 07:33:53,799 INFO:Total games: 13500
2024-06-17 07:35:28,192 INFO:Total games: 13510
2024-06-17 07:37:15,308 INFO:Total games: 13520
2024-06-17 07:38:43,289 INFO:Total games: 13530
2024-06-17 07:40:07,671 INFO:Total games: 13540
2024-06-17 07:41:40,697 INFO:Total games: 13550
2024-06-17 07:43:11,121 INFO:Total games: 13560
2024-06-17 07:44:50,881 INFO:Total games: 13570
2024-06-17 07:46:10,647 INFO:Total games: 13580
2024-06-17 07:48:06,346 INFO:Total games: 13590
2024-06-17 07:49:52,497 INFO:Total games: 13600
2024-06-17 07:51:42,992 INFO:Total games: 13610
2024-06-17 07:53:29,015 INFO:Total games: 13620
2024-06-17 07:54:47,601 INFO:Total games: 13630
2024-06-17 07:56:32,436 INFO:Total games: 13640
2024-06-17 07:58:09,437 INFO:Total games: 13650
2024-06-17 07:59:30,239 INFO:Total games: 13660
2024-06-17 08:01:06,749 INFO:Total games: 13670
2024-06-17 08:02:58,077 INFO:Total games: 13680
2024-06-17 08:04:45,319 INFO:Total games: 13690
2024-06-17 08:06:27,793 INFO:Total games: 13700
2024-06-17 08:07:56,388 INFO:Total games: 13710
2024-06-17 08:09:34,886 INFO:Total games: 13720
2024-06-17 08:11:18,200 INFO:Total games: 13730
2024-06-17 08:12:50,002 INFO:Total games: 13740
2024-06-17 08:14:38,568 INFO:Total games: 13750
2024-06-17 08:16:28,048 INFO:Total games: 13760
2024-06-17 08:18:17,576 INFO:Total games: 13770
2024-06-17 08:19:54,477 INFO:Total games: 13780
2024-06-17 08:21:02,516 INFO:Total games: 13790
2024-06-17 08:27:40,325 INFO:Total games: 13800
2024-06-17 08:29:43,063 INFO:Total games: 13810
2024-06-17 08:31:24,076 INFO:Total games: 13820
2024-06-17 08:33:17,139 INFO:Total games: 13830
2024-06-17 08:34:33,724 INFO:Total games: 13840
2024-06-17 08:36:16,983 INFO:Total games: 13850
2024-06-17 08:37:48,810 INFO:Total games: 13860
2024-06-17 08:39:17,416 INFO:Total games: 13870
2024-06-17 08:40:44,671 INFO:Total games: 13880
2024-06-17 08:42:06,969 INFO:Total games: 13890
2024-06-17 08:43:41,682 INFO:Total games: 13900
2024-06-17 08:45:24,284 INFO:Total games: 13910
2024-06-17 08:47:19,738 INFO:Total games: 13920
2024-06-17 08:48:54,014 INFO:Total games: 13930
2024-06-17 08:50:23,668 INFO:Total games: 13940
2024-06-17 08:52:01,392 INFO:Total games: 13950
2024-06-17 08:53:39,914 INFO:Total games: 13960
2024-06-17 08:55:26,200 INFO:Total games: 13970
2024-06-17 08:57:11,369 INFO:Total games: 13980
2024-06-17 08:58:40,095 INFO:Total games: 13990
2024-06-17 09:00:16,953 INFO:Total games: 14000
2024-06-17 09:01:44,579 INFO:Total games: 14010
2024-06-17 09:03:25,011 INFO:Total games: 14020
2024-06-17 09:04:42,976 INFO:Total games: 14030
2024-06-17 09:06:14,537 INFO:Total games: 14040
2024-06-17 09:07:47,623 INFO:Total games: 14050
2024-06-17 09:09:41,089 INFO:Total games: 14060
2024-06-17 09:11:10,774 INFO:Total games: 14070
2024-06-17 09:12:49,376 INFO:Total games: 14080
2024-06-17 09:14:09,109 INFO:Total games: 14090
2024-06-17 09:15:39,968 INFO:Total games: 14100
2024-06-17 09:17:19,332 INFO:Total games: 14110
2024-06-17 09:18:51,952 INFO:Total games: 14120
2024-06-17 09:20:34,656 INFO:Total games: 14130
2024-06-17 09:22:18,171 INFO:Total games: 14140
2024-06-17 09:23:45,423 INFO:Total games: 14150
2024-06-17 09:25:12,177 INFO:Total games: 14160
2024-06-17 09:26:54,670 INFO:Total games: 14170
2024-06-17 09:28:18,956 INFO:Total games: 14180
2024-06-17 09:29:51,281 INFO:Total games: 14190
2024-06-17 09:31:24,310 INFO:Total games: 14200
2024-06-17 09:32:58,946 INFO:Total games: 14210
2024-06-17 09:34:55,597 INFO:Total games: 14220
2024-06-17 09:36:30,063 INFO:Total games: 14230
2024-06-17 09:37:54,696 INFO:Total games: 14240
2024-06-17 09:39:46,459 INFO:Total games: 14250
2024-06-17 09:40:57,293 INFO:Total games: 14260
2024-06-17 09:42:31,730 INFO:Total games: 14270
2024-06-17 09:44:06,931 INFO:Total games: 14280
2024-06-17 09:46:17,985 INFO:Total games: 14290
2024-06-17 09:48:16,789 INFO:Total games: 14300
2024-06-17 09:49:52,919 INFO:Total games: 14310
2024-06-17 09:51:53,041 INFO:Total games: 14320
2024-06-17 09:52:46,452 INFO:Total games: 14330
2024-06-17 09:53:43,552 INFO:Total games: 14340
2024-06-17 09:58:54,323 INFO:Total games: 14350
2024-06-17 10:00:40,016 INFO:Total games: 14360
2024-06-17 10:02:15,710 INFO:Total games: 14370
2024-06-17 10:03:27,224 INFO:Total games: 14380
2024-06-17 10:05:04,916 INFO:Total games: 14390
2024-06-17 10:06:36,279 INFO:Total games: 14400
2024-06-17 10:08:02,599 INFO:Total games: 14410
2024-06-17 10:09:30,755 INFO:Total games: 14420
2024-06-17 10:11:11,169 INFO:Total games: 14430
2024-06-17 10:12:45,338 INFO:Total games: 14440
2024-06-17 10:14:18,662 INFO:Total games: 14450
2024-06-17 10:15:50,706 INFO:Total games: 14460
2024-06-17 10:17:43,787 INFO:Total games: 14470
2024-06-17 10:19:01,912 INFO:Total games: 14480
2024-06-17 10:20:33,691 INFO:Total games: 14490
2024-06-17 10:22:19,737 INFO:Total games: 14500
2024-06-17 10:23:48,491 INFO:Total games: 14510
2024-06-17 10:25:44,838 INFO:Total games: 14520
2024-06-17 10:27:38,287 INFO:Total games: 14530
2024-06-17 10:29:19,822 INFO:Total games: 14540
2024-06-17 10:31:03,181 INFO:Total games: 14550
2024-06-17 10:32:37,349 INFO:Total games: 14560
2024-06-17 10:34:04,440 INFO:Total games: 14570
2024-06-17 10:35:38,049 INFO:Total games: 14580
2024-06-17 10:37:26,546 INFO:Total games: 14590
2024-06-17 10:38:53,556 INFO:Total games: 14600
2024-06-17 10:41:33,021 INFO:Total games: 14610
2024-06-17 10:43:30,474 INFO:Total games: 14620
2024-06-17 10:45:02,950 INFO:Total games: 14630
2024-06-17 10:46:24,549 INFO:Total games: 14640
2024-06-17 10:48:03,106 INFO:Total games: 14650
2024-06-17 10:49:28,072 INFO:Total games: 14660
2024-06-17 10:51:04,652 INFO:Total games: 14670
2024-06-17 10:52:40,214 INFO:Total games: 14680
2024-06-17 10:54:19,885 INFO:Total games: 14690
2024-06-17 10:56:04,628 INFO:Total games: 14700
2024-06-17 10:57:39,101 INFO:Total games: 14710
2024-06-17 10:59:02,348 INFO:Total games: 14720
2024-06-17 11:00:40,424 INFO:Total games: 14730
2024-06-17 11:02:17,715 INFO:Total games: 14740
2024-06-17 11:04:11,786 INFO:Total games: 14750
2024-06-17 11:05:53,496 INFO:Total games: 14760
2024-06-17 11:07:34,467 INFO:Total games: 14770
2024-06-17 11:09:31,818 INFO:Total games: 14780
2024-06-17 11:11:06,666 INFO:Total games: 14790
2024-06-17 11:12:53,497 INFO:Total games: 14800
2024-06-17 11:14:36,572 INFO:Total games: 14810
2024-06-17 11:16:26,644 INFO:Total games: 14820
2024-06-17 11:18:20,587 INFO:Total games: 14830
2024-06-17 11:20:08,258 INFO:Total games: 14840
2024-06-17 11:22:03,657 INFO:Total games: 14850
2024-06-17 11:23:40,157 INFO:Total games: 14860
2024-06-17 11:25:03,358 INFO:Total games: 14870
2024-06-17 11:26:02,654 INFO:Total games: 14880
2024-06-17 11:32:48,541 INFO:Total games: 14890
2024-06-17 11:34:10,098 INFO:Total games: 14900
2024-06-17 11:35:42,213 INFO:Total games: 14910
2024-06-17 11:37:13,625 INFO:Total games: 14920
2024-06-17 11:38:45,324 INFO:Total games: 14930
2024-06-17 11:40:09,740 INFO:Total games: 14940
2024-06-17 11:41:26,491 INFO:Total games: 14950
2024-06-17 11:43:03,216 INFO:Total games: 14960
2024-06-17 11:44:24,957 INFO:Total games: 14970
2024-06-17 11:46:16,127 INFO:Total games: 14980
2024-06-17 11:48:09,339 INFO:Total games: 14990
2024-06-17 11:49:34,780 INFO:Total games: 15000
2024-06-17 11:51:31,235 INFO:Total games: 15010
2024-06-17 11:53:00,420 INFO:Total games: 15020
2024-06-17 11:54:38,253 INFO:Total games: 15030
2024-06-17 11:56:13,757 INFO:Total games: 15040
2024-06-17 11:57:44,123 INFO:Total games: 15050
2024-06-17 11:59:05,591 INFO:Total games: 15060
2024-06-17 12:00:34,269 INFO:Total games: 15070
2024-06-17 12:02:23,404 INFO:Total games: 15080
2024-06-17 12:03:55,579 INFO:Total games: 15090
2024-06-17 12:05:19,955 INFO:Total games: 15100
2024-06-17 12:06:47,768 INFO:Total games: 15110
2024-06-17 12:08:34,128 INFO:Total games: 15120
2024-06-17 12:10:24,121 INFO:Total games: 15130
2024-06-17 12:11:49,091 INFO:Total games: 15140
2024-06-17 12:13:23,864 INFO:Total games: 15150
2024-06-17 12:14:55,894 INFO:Total games: 15160
2024-06-17 12:16:58,189 INFO:Total games: 15170
2024-06-17 12:18:17,665 INFO:Total games: 15180
2024-06-17 12:20:04,735 INFO:Total games: 15190
2024-06-17 12:21:23,418 INFO:Total games: 15200
2024-06-17 12:23:09,088 INFO:Total games: 15210
2024-06-17 12:24:59,320 INFO:Total games: 15220
2024-06-17 12:26:39,319 INFO:Total games: 15230
2024-06-17 12:28:31,784 INFO:Total games: 15240
2024-06-17 12:30:16,917 INFO:Total games: 15250
2024-06-17 12:31:44,394 INFO:Total games: 15260
2024-06-17 12:33:19,740 INFO:Total games: 15270
2024-06-17 12:36:37,661 INFO:Total games: 15280
2024-06-17 12:38:20,547 INFO:Total games: 15290
2024-06-17 12:39:50,049 INFO:Total games: 15300
2024-06-17 12:41:39,046 INFO:Total games: 15310
2024-06-17 12:43:09,116 INFO:Total games: 15320
2024-06-17 12:44:39,761 INFO:Total games: 15330
2024-06-17 12:46:04,372 INFO:Total games: 15340
2024-06-17 12:47:45,320 INFO:Total games: 15350
2024-06-17 12:49:40,945 INFO:Total games: 15360
2024-06-17 12:51:11,547 INFO:Total games: 15370
2024-06-17 12:52:54,912 INFO:Total games: 15380
2024-06-17 12:54:34,469 INFO:Total games: 15390
2024-06-17 12:56:21,896 INFO:Total games: 15400
2024-06-17 12:58:13,508 INFO:Total games: 15410
2024-06-17 12:59:46,518 INFO:Total games: 15420
2024-06-17 13:00:58,480 INFO:Total games: 15430
2024-06-17 13:07:02,231 INFO:Total games: 15440
2024-06-17 13:08:26,843 INFO:Total games: 15450
2024-06-17 13:10:03,608 INFO:Total games: 15460
2024-06-17 13:11:50,646 INFO:Total games: 15470
2024-06-17 13:13:37,931 INFO:Total games: 15480
2024-06-17 13:15:09,465 INFO:Total games: 15490
2024-06-17 13:16:58,171 INFO:Total games: 15500
2024-06-17 13:19:02,969 INFO:Total games: 15510
2024-06-17 13:20:49,083 INFO:Total games: 15520
2024-06-17 13:22:53,922 INFO:Total games: 15530
2024-06-17 13:25:04,215 INFO:Total games: 15540
2024-06-17 13:26:45,814 INFO:Total games: 15550
2024-06-17 13:28:19,217 INFO:Total games: 15560
2024-06-17 13:29:41,895 INFO:Ending
2024-06-17 13:29:41,896 INFO:Duration: 2 days, 13 hours, 42 minutes, 4 seconds
2024-06-17 13:31:36,103 INFO:Starting
2024-06-17 13:33:27,455 INFO:Total games: 10
2024-06-17 13:34:56,674 INFO:Total games: 20
2024-06-17 13:36:35,315 INFO:Total games: 30
2024-06-17 13:37:19,483 INFO:Ending
2024-06-17 13:37:19,483 INFO:Duration: 0 days, 0 hours, 5 minutes, 43 seconds
2024-06-17 13:38:19,229 INFO:Starting
2024-06-17 13:40:01,210 INFO:Total games: 10
2024-06-17 13:41:45,050 INFO:Total games: 20
2024-06-17 13:43:08,600 INFO:Total games: 30
2024-06-17 13:45:00,929 INFO:Total games: 40
2024-06-17 13:46:45,614 INFO:Total games: 50
2024-06-17 13:47:42,940 INFO:Total games: 60
2024-06-17 13:56:18,588 INFO:Total games: 70
2024-06-17 13:57:53,204 INFO:Total games: 80
2024-06-17 13:59:18,587 INFO:Total games: 90
2024-06-17 14:00:54,931 INFO:Total games: 100
2024-06-17 14:02:15,890 INFO:Total games: 110
2024-06-17 14:03:48,665 INFO:Total games: 120
2024-06-17 14:05:13,774 INFO:Total games: 130
2024-06-17 14:06:31,571 INFO:Total games: 140
2024-06-17 14:07:58,876 INFO:Total games: 150
2024-06-17 14:09:28,469 INFO:Total games: 160
2024-06-17 14:11:11,754 INFO:Total games: 170
2024-06-17 14:12:33,846 INFO:Total games: 180
2024-06-17 14:14:10,042 INFO:Total games: 190
2024-06-17 14:15:42,400 INFO:Total games: 200
2024-06-17 14:17:15,422 INFO:Total games: 210
2024-06-17 14:18:55,934 INFO:Total games: 220
2024-06-17 14:20:32,663 INFO:Total games: 230
2024-06-17 14:22:05,860 INFO:Total games: 240
2024-06-17 14:23:35,408 INFO:Total games: 250
2024-06-17 14:24:51,966 INFO:Total games: 260
2024-06-17 14:26:27,279 INFO:Total games: 270
2024-06-17 14:27:35,586 INFO:Total games: 280
2024-06-17 14:29:02,055 INFO:Total games: 290
2024-06-17 14:30:44,939 INFO:Total games: 300
2024-06-17 14:32:26,665 INFO:Total games: 310
2024-06-17 14:33:38,694 INFO:Total games: 320
2024-06-17 14:35:21,823 INFO:Total games: 330
2024-06-17 14:37:00,701 INFO:Total games: 340
2024-06-17 14:38:38,298 INFO:Total games: 350
2024-06-17 14:40:15,050 INFO:Total games: 360
2024-06-17 14:41:53,016 INFO:Total games: 370
2024-06-17 14:43:19,708 INFO:Total games: 380
2024-06-17 14:44:41,822 INFO:Total games: 390
2024-06-17 14:46:32,107 INFO:Total games: 400
2024-06-17 14:48:16,184 INFO:Total games: 410
2024-06-17 14:49:43,446 INFO:Total games: 420
2024-06-17 14:51:23,370 INFO:Total games: 430
2024-06-17 14:53:28,713 INFO:Total games: 440
2024-06-17 14:55:05,307 INFO:Total games: 450
2024-06-17 14:56:45,467 INFO:Total games: 460
2024-06-17 14:58:26,292 INFO:Total games: 470
2024-06-17 14:59:42,121 INFO:Total games: 480
2024-06-17 15:07:25,948 INFO:Total games: 490
2024-06-17 15:08:55,168 INFO:Total games: 500
2024-06-17 15:10:37,108 INFO:Total games: 510
2024-06-17 15:12:27,331 INFO:Total games: 520
2024-06-17 15:13:49,257 INFO:Total games: 530
2024-06-17 15:15:09,646 INFO:Total games: 540
2024-06-17 15:16:47,722 INFO:Total games: 550
2024-06-17 15:18:23,100 INFO:Total games: 560
2024-06-17 15:19:53,008 INFO:Total games: 570
2024-06-17 15:21:19,125 INFO:Total games: 580
2024-06-17 15:23:11,034 INFO:Total games: 590
2024-06-17 15:25:01,039 INFO:Total games: 600
2024-06-17 15:26:51,903 INFO:Total games: 610
2024-06-17 15:28:28,405 INFO:Total games: 620
2024-06-17 15:30:12,184 INFO:Total games: 630
2024-06-17 15:32:37,623 INFO:Total games: 640
2024-06-17 15:34:02,718 INFO:Total games: 650
2024-06-17 15:35:46,551 INFO:Total games: 660
2024-06-17 15:37:19,473 INFO:Total games: 670
2024-06-17 15:38:36,568 INFO:Total games: 680
2024-06-17 15:39:54,058 INFO:Total games: 690
2024-06-17 15:41:16,119 INFO:Total games: 700
2024-06-17 15:42:38,698 INFO:Total games: 710
2024-06-17 15:44:11,340 INFO:Total games: 720
2024-06-17 15:45:31,833 INFO:Total games: 730
2024-06-17 15:47:06,868 INFO:Total games: 740
2024-06-17 15:48:51,575 INFO:Total games: 750
2024-06-17 15:50:31,894 INFO:Total games: 760
2024-06-17 15:52:06,424 INFO:Total games: 770
2024-06-17 15:53:27,657 INFO:Total games: 780
2024-06-17 15:55:06,835 INFO:Total games: 790
2024-06-17 15:56:57,144 INFO:Total games: 800
2024-06-17 15:58:22,787 INFO:Total games: 810
2024-06-17 16:00:00,543 INFO:Total games: 820
2024-06-17 16:01:25,818 INFO:Total games: 830
2024-06-17 16:03:13,636 INFO:Total games: 840
2024-06-17 16:05:02,334 INFO:Total games: 850
2024-06-17 16:06:30,946 INFO:Total games: 860
2024-06-17 16:08:14,310 INFO:Total games: 870
2024-06-17 16:10:02,703 INFO:Total games: 880
2024-06-17 16:11:46,111 INFO:Total games: 890
2024-06-17 16:12:41,744 INFO:Total games: 900
2024-06-17 16:14:11,802 INFO:Total games: 910
2024-06-17 16:15:56,990 INFO:Total games: 920
2024-06-17 16:17:32,106 INFO:Total games: 930
2024-06-17 16:18:59,995 INFO:Total games: 940
2024-06-17 16:20:42,706 INFO:Total games: 950
2024-06-17 16:22:26,923 INFO:Total games: 960
2024-06-17 16:24:07,131 INFO:Total games: 970
2024-06-17 16:25:42,156 INFO:Total games: 980
2024-06-17 16:27:26,946 INFO:Total games: 990
2024-06-17 16:29:41,863 INFO:Total games: 1000
2024-06-17 16:31:24,662 INFO:Total games: 1010
2024-06-17 16:32:46,465 INFO:Total games: 1020
2024-06-17 16:34:25,110 INFO:Total games: 1030
2024-06-17 16:41:48,664 INFO:Total games: 1040
2024-06-17 16:43:28,584 INFO:Total games: 1050
2024-06-17 16:45:09,315 INFO:Total games: 1060
2024-06-17 16:46:45,160 INFO:Total games: 1070
2024-06-17 16:48:23,137 INFO:Total games: 1080
2024-06-17 16:50:14,205 INFO:Total games: 1090
2024-06-17 16:51:51,918 INFO:Total games: 1100
2024-06-17 16:53:21,404 INFO:Total games: 1110
2024-06-17 16:54:45,871 INFO:Total games: 1120
2024-06-17 16:56:39,518 INFO:Total games: 1130
2024-06-17 16:57:55,767 INFO:Total games: 1140
2024-06-17 16:59:32,022 INFO:Total games: 1150
2024-06-17 17:00:44,606 INFO:Total games: 1160
2024-06-17 17:02:19,587 INFO:Total games: 1170
2024-06-17 17:03:57,933 INFO:Total games: 1180
2024-06-17 17:05:37,540 INFO:Total games: 1190
2024-06-17 17:07:21,894 INFO:Total games: 1200
2024-06-17 17:09:04,207 INFO:Total games: 1210
2024-06-17 17:10:33,308 INFO:Total games: 1220
2024-06-17 17:12:04,502 INFO:Total games: 1230
2024-06-17 17:13:46,918 INFO:Total games: 1240
2024-06-17 17:15:48,301 INFO:Total games: 1250
2024-06-17 17:17:25,534 INFO:Total games: 1260
2024-06-17 17:19:12,154 INFO:Total games: 1270
2024-06-17 17:20:38,755 INFO:Total games: 1280
2024-06-17 17:22:12,384 INFO:Total games: 1290
2024-06-17 17:23:41,058 INFO:Total games: 1300
2024-06-17 17:25:19,943 INFO:Total games: 1310
2024-06-17 17:26:59,209 INFO:Total games: 1320
2024-06-17 17:28:50,927 INFO:Total games: 1330
2024-06-17 17:30:38,119 INFO:Total games: 1340
2024-06-17 17:32:16,779 INFO:Total games: 1350
2024-06-17 17:33:52,202 INFO:Total games: 1360
2024-06-17 17:35:40,847 INFO:Total games: 1370
2024-06-17 17:37:22,145 INFO:Total games: 1380
2024-06-17 17:38:49,647 INFO:Total games: 1390
2024-06-17 17:40:33,199 INFO:Total games: 1400
2024-06-17 17:42:19,607 INFO:Total games: 1410
2024-06-17 17:43:51,966 INFO:Total games: 1420
2024-06-17 17:45:33,429 INFO:Total games: 1430
2024-06-17 17:47:13,203 INFO:Total games: 1440
2024-06-17 17:48:42,000 INFO:Total games: 1450
2024-06-17 17:49:51,772 INFO:Total games: 1460
2024-06-17 17:51:35,145 INFO:Total games: 1470
2024-06-17 17:53:17,249 INFO:Total games: 1480
2024-06-17 17:54:57,222 INFO:Total games: 1490
2024-06-17 17:56:33,357 INFO:Total games: 1500
2024-06-17 17:58:18,509 INFO:Total games: 1510
2024-06-17 18:00:22,932 INFO:Total games: 1520
2024-06-17 18:02:28,015 INFO:Total games: 1530
2024-06-17 18:04:30,396 INFO:Total games: 1540
2024-06-17 18:06:07,060 INFO:Total games: 1550
2024-06-17 18:07:44,305 INFO:Total games: 1560
2024-06-17 18:08:54,480 INFO:Total games: 1570
2024-06-17 18:16:06,326 INFO:Total games: 1580
2024-06-17 18:18:03,087 INFO:Total games: 1590
2024-06-17 18:19:35,712 INFO:Total games: 1600
2024-06-17 18:21:03,978 INFO:Total games: 1610
2024-06-17 18:22:33,713 INFO:Total games: 1620
2024-06-17 18:24:01,140 INFO:Total games: 1630
2024-06-17 18:25:23,085 INFO:Total games: 1640
2024-06-17 18:27:17,045 INFO:Total games: 1650
2024-06-17 18:29:02,066 INFO:Total games: 1660
2024-06-17 18:30:35,385 INFO:Total games: 1670
2024-06-17 18:32:19,783 INFO:Total games: 1680
2024-06-17 18:34:17,081 INFO:Total games: 1690
2024-06-17 18:35:37,154 INFO:Total games: 1700
2024-06-17 18:37:12,512 INFO:Total games: 1710
2024-06-17 18:38:35,769 INFO:Total games: 1720
2024-06-17 18:40:12,071 INFO:Total games: 1730
2024-06-17 18:41:56,042 INFO:Total games: 1740
2024-06-17 18:43:34,943 INFO:Total games: 1750
2024-06-17 18:45:18,922 INFO:Total games: 1760
2024-06-17 18:47:09,591 INFO:Total games: 1770
2024-06-17 18:48:36,617 INFO:Total games: 1780
2024-06-17 18:50:08,522 INFO:Total games: 1790
2024-06-17 18:51:51,653 INFO:Total games: 1800
2024-06-17 18:53:37,343 INFO:Total games: 1810
2024-06-17 18:55:04,883 INFO:Total games: 1820
2024-06-17 18:57:00,679 INFO:Total games: 1830
2024-06-17 18:58:40,690 INFO:Total games: 1840
2024-06-17 19:00:16,325 INFO:Total games: 1850
2024-06-17 19:01:55,725 INFO:Total games: 1860
2024-06-17 19:03:33,025 INFO:Total games: 1870
2024-06-17 19:05:12,456 INFO:Total games: 1880
2024-06-17 19:06:34,432 INFO:Total games: 1890
2024-06-17 19:08:16,287 INFO:Total games: 1900
2024-06-17 19:09:41,808 INFO:Total games: 1910
2024-06-17 19:11:19,340 INFO:Total games: 1920
2024-06-17 19:12:35,831 INFO:Total games: 1930
2024-06-17 19:14:16,186 INFO:Total games: 1940
2024-06-17 19:15:35,781 INFO:Total games: 1950
2024-06-17 19:17:17,714 INFO:Total games: 1960
2024-06-17 19:18:58,146 INFO:Total games: 1970
2024-06-17 19:20:29,671 INFO:Total games: 1980
2024-06-17 19:21:59,928 INFO:Total games: 1990
2024-06-17 19:23:24,251 INFO:Total games: 2000
2024-06-17 19:25:07,012 INFO:Total games: 2010
2024-06-17 19:26:36,981 INFO:Total games: 2020
2024-06-17 19:28:10,009 INFO:Total games: 2030
2024-06-17 19:29:45,040 INFO:Total games: 2040
2024-06-17 19:31:37,005 INFO:Total games: 2050
2024-06-17 19:33:06,744 INFO:Total games: 2060
2024-06-17 19:34:50,597 INFO:Total games: 2070
2024-06-17 19:36:17,204 INFO:Total games: 2080
2024-06-17 19:38:03,233 INFO:Total games: 2090
2024-06-17 19:40:00,729 INFO:Total games: 2100
2024-06-17 19:41:43,605 INFO:Total games: 2110
2024-06-17 19:43:18,156 INFO:Total games: 2120
2024-06-17 19:44:22,334 INFO:Total games: 2130
2024-06-17 19:52:09,342 INFO:Total games: 2140
2024-06-17 19:53:48,524 INFO:Total games: 2150
2024-06-17 19:55:47,152 INFO:Total games: 2160
2024-06-17 19:57:26,889 INFO:Total games: 2170
2024-06-17 19:59:15,139 INFO:Total games: 2180
2024-06-17 20:00:41,108 INFO:Total games: 2190
2024-06-17 20:02:25,405 INFO:Total games: 2200
2024-06-17 20:03:56,483 INFO:Total games: 2210
2024-06-17 20:05:06,520 INFO:Total games: 2220
2024-06-17 20:06:41,777 INFO:Total games: 2230
2024-06-17 20:08:31,118 INFO:Total games: 2240
2024-06-17 20:10:06,184 INFO:Total games: 2250
2024-06-17 20:11:46,421 INFO:Total games: 2260
2024-06-17 20:13:15,888 INFO:Total games: 2270
2024-06-17 20:14:51,083 INFO:Total games: 2280
2024-06-17 20:16:11,985 INFO:Total games: 2290
2024-06-17 20:18:09,222 INFO:Total games: 2300
2024-06-17 20:19:48,743 INFO:Total games: 2310
2024-06-17 20:21:20,228 INFO:Total games: 2320
2024-06-17 20:23:07,952 INFO:Total games: 2330
2024-06-17 20:24:47,241 INFO:Total games: 2340
2024-06-17 20:26:19,270 INFO:Total games: 2350
2024-06-17 20:27:46,250 INFO:Total games: 2360
2024-06-17 20:29:20,647 INFO:Total games: 2370
2024-06-17 20:30:51,534 INFO:Total games: 2380
2024-06-17 20:32:22,586 INFO:Total games: 2390
2024-06-17 20:34:01,254 INFO:Total games: 2400
2024-06-17 20:35:41,429 INFO:Total games: 2410
2024-06-17 20:37:38,093 INFO:Total games: 2420
2024-06-17 20:39:13,518 INFO:Total games: 2430
2024-06-17 20:40:33,573 INFO:Total games: 2440
2024-06-17 20:42:50,857 INFO:Total games: 2450
2024-06-17 20:44:37,638 INFO:Total games: 2460
2024-06-17 20:46:01,302 INFO:Total games: 2470
2024-06-17 20:47:17,734 INFO:Total games: 2480
2024-06-17 20:48:50,992 INFO:Total games: 2490
2024-06-17 20:50:41,911 INFO:Total games: 2500
2024-06-17 20:52:29,475 INFO:Total games: 2510
2024-06-17 20:53:58,927 INFO:Total games: 2520
2024-06-17 20:55:43,826 INFO:Total games: 2530
2024-06-17 20:57:20,307 INFO:Total games: 2540
2024-06-17 20:58:59,604 INFO:Total games: 2550
2024-06-17 21:00:31,843 INFO:Total games: 2560
2024-06-17 21:02:18,054 INFO:Total games: 2570
2024-06-17 21:03:55,790 INFO:Total games: 2580
2024-06-17 21:05:54,608 INFO:Total games: 2590
2024-06-17 21:07:33,642 INFO:Total games: 2600
2024-06-17 21:09:03,203 INFO:Total games: 2610
2024-06-17 21:10:39,250 INFO:Total games: 2620
2024-06-17 21:12:49,615 INFO:Total games: 2630
2024-06-17 21:14:24,799 INFO:Total games: 2640
2024-06-17 21:16:12,244 INFO:Total games: 2650
2024-06-17 21:17:52,842 INFO:Total games: 2660
2024-06-17 21:19:03,794 INFO:Total games: 2670
2024-06-17 21:26:49,606 INFO:Total games: 2680
2024-06-17 21:28:38,396 INFO:Total games: 2690
2024-06-17 21:30:27,293 INFO:Total games: 2700
2024-06-17 21:31:51,590 INFO:Total games: 2710
2024-06-17 21:33:31,661 INFO:Total games: 2720
2024-06-17 21:35:25,418 INFO:Total games: 2730
2024-06-17 21:36:45,697 INFO:Total games: 2740
2024-06-17 21:38:24,600 INFO:Total games: 2750
2024-06-17 21:39:55,686 INFO:Total games: 2760
2024-06-17 21:41:33,372 INFO:Total games: 2770
2024-06-17 21:43:17,113 INFO:Total games: 2780
2024-06-17 21:44:44,073 INFO:Total games: 2790
2024-06-17 21:46:42,971 INFO:Total games: 2800
2024-06-17 21:48:31,861 INFO:Total games: 2810
2024-06-17 21:50:14,348 INFO:Total games: 2820
2024-06-17 21:51:48,994 INFO:Total games: 2830
2024-06-17 21:53:06,758 INFO:Total games: 2840
2024-06-17 21:54:40,693 INFO:Total games: 2850
2024-06-17 21:56:37,508 INFO:Total games: 2860
2024-06-17 21:58:16,218 INFO:Total games: 2870
2024-06-17 21:59:40,775 INFO:Total games: 2880
2024-06-17 22:01:04,019 INFO:Total games: 2890
2024-06-17 22:02:38,879 INFO:Total games: 2900
2024-06-17 22:04:18,342 INFO:Total games: 2910
2024-06-17 22:06:07,125 INFO:Total games: 2920
2024-06-17 22:07:29,911 INFO:Total games: 2930
2024-06-17 22:09:02,740 INFO:Total games: 2940
2024-06-17 22:10:45,257 INFO:Total games: 2950
2024-06-17 22:12:22,625 INFO:Total games: 2960
2024-06-17 22:13:54,226 INFO:Total games: 2970
2024-06-17 22:15:34,252 INFO:Total games: 2980
2024-06-17 22:17:04,592 INFO:Total games: 2990
2024-06-17 22:18:40,632 INFO:Total games: 3000
2024-06-17 22:20:21,371 INFO:Total games: 3010
2024-06-17 22:21:55,466 INFO:Total games: 3020
2024-06-17 22:23:23,783 INFO:Total games: 3030
2024-06-17 22:24:42,614 INFO:Total games: 3040
2024-06-17 22:25:54,812 INFO:Total games: 3050
2024-06-17 22:27:29,466 INFO:Total games: 3060
2024-06-17 22:29:08,081 INFO:Total games: 3070
2024-06-17 22:30:56,633 INFO:Total games: 3080
2024-06-17 22:32:11,912 INFO:Total games: 3090
2024-06-17 22:33:31,878 INFO:Total games: 3100
2024-06-17 22:34:49,800 INFO:Total games: 3110
2024-06-17 22:36:15,015 INFO:Total games: 3120
2024-06-17 22:37:49,791 INFO:Total games: 3130
2024-06-17 22:39:24,868 INFO:Total games: 3140
2024-06-17 22:41:00,665 INFO:Total games: 3150
2024-06-17 22:42:34,661 INFO:Total games: 3160
2024-06-17 22:44:01,003 INFO:Total games: 3170
2024-06-17 22:45:46,782 INFO:Total games: 3180
2024-06-17 22:47:35,200 INFO:Total games: 3190
2024-06-17 22:49:25,439 INFO:Total games: 3200
2024-06-17 22:51:12,582 INFO:Total games: 3210
2024-06-17 22:52:47,550 INFO:Total games: 3220
2024-06-17 22:53:44,589 INFO:Total games: 3230
2024-06-17 23:01:15,937 INFO:Total games: 3240
2024-06-17 23:02:49,213 INFO:Total games: 3250
2024-06-17 23:04:30,132 INFO:Total games: 3260
2024-06-17 23:06:23,606 INFO:Total games: 3270
2024-06-17 23:07:54,902 INFO:Total games: 3280
2024-06-17 23:09:39,717 INFO:Total games: 3290
2024-06-17 23:11:26,289 INFO:Total games: 3300
2024-06-17 23:13:01,243 INFO:Total games: 3310
2024-06-17 23:14:41,667 INFO:Total games: 3320
2024-06-17 23:15:54,265 INFO:Total games: 3330
2024-06-17 23:17:46,671 INFO:Total games: 3340
2024-06-17 23:19:18,342 INFO:Total games: 3350
2024-06-17 23:21:05,900 INFO:Total games: 3360
2024-06-17 23:22:43,956 INFO:Total games: 3370
2024-06-17 23:24:36,865 INFO:Total games: 3380
2024-06-17 23:26:12,746 INFO:Total games: 3390
2024-06-17 23:27:49,959 INFO:Total games: 3400
2024-06-17 23:29:33,620 INFO:Total games: 3410
2024-06-17 23:31:20,144 INFO:Total games: 3420
2024-06-17 23:32:51,250 INFO:Total games: 3430
2024-06-17 23:34:35,589 INFO:Total games: 3440
2024-06-17 23:36:01,702 INFO:Total games: 3450
2024-06-17 23:37:39,820 INFO:Total games: 3460
2024-06-17 23:38:59,807 INFO:Total games: 3470
2024-06-17 23:40:43,291 INFO:Total games: 3480
2024-06-17 23:42:22,180 INFO:Total games: 3490
2024-06-17 23:43:47,906 INFO:Total games: 3500
2024-06-17 23:45:16,959 INFO:Total games: 3510
2024-06-17 23:46:33,009 INFO:Total games: 3520
2024-06-17 23:48:04,852 INFO:Total games: 3530
2024-06-17 23:49:53,875 INFO:Total games: 3540
2024-06-17 23:51:39,000 INFO:Total games: 3550
2024-06-17 23:53:31,282 INFO:Total games: 3560
2024-06-17 23:55:06,194 INFO:Total games: 3570
2024-06-17 23:56:50,603 INFO:Total games: 3580
2024-06-17 23:58:24,062 INFO:Total games: 3590
2024-06-18 00:00:05,184 INFO:Total games: 3600
2024-06-18 00:01:46,098 INFO:Total games: 3610
2024-06-18 00:03:22,261 INFO:Total games: 3620
2024-06-18 00:04:48,749 INFO:Total games: 3630
2024-06-18 00:06:16,106 INFO:Total games: 3640
2024-06-18 00:07:54,296 INFO:Total games: 3650
2024-06-18 00:09:47,989 INFO:Total games: 3660
2024-06-18 00:11:17,152 INFO:Total games: 3670
2024-06-18 00:12:32,783 INFO:Total games: 3680
2024-06-18 00:14:26,430 INFO:Total games: 3690
2024-06-18 00:16:15,906 INFO:Total games: 3700
2024-06-18 00:17:50,311 INFO:Total games: 3710
2024-06-18 00:19:29,432 INFO:Total games: 3720
2024-06-18 00:21:40,918 INFO:Total games: 3730
2024-06-18 00:24:07,512 INFO:Total games: 3740
2024-06-18 00:26:06,674 INFO:Total games: 3750
2024-06-18 00:28:01,070 INFO:Total games: 3760
2024-06-18 00:30:18,656 INFO:Total games: 3770
2024-06-18 00:32:18,604 INFO:Total games: 3780
2024-06-18 00:39:40,541 INFO:Total games: 3790
2024-06-18 00:41:28,090 INFO:Total games: 3800
2024-06-18 00:42:54,454 INFO:Total games: 3810
2024-06-18 00:44:13,318 INFO:Total games: 3820
2024-06-18 00:45:37,550 INFO:Total games: 3830
2024-06-18 00:47:34,316 INFO:Total games: 3840
2024-06-18 00:49:03,298 INFO:Total games: 3850
2024-06-18 00:50:56,920 INFO:Total games: 3860
2024-06-18 00:52:21,126 INFO:Total games: 3870
2024-06-18 00:53:53,206 INFO:Total games: 3880
2024-06-18 00:55:25,332 INFO:Total games: 3890
2024-06-18 00:56:54,275 INFO:Total games: 3900
2024-06-18 00:58:18,782 INFO:Total games: 3910
2024-06-18 00:59:54,480 INFO:Total games: 3920
2024-06-18 01:01:24,087 INFO:Total games: 3930
2024-06-18 01:02:40,754 INFO:Total games: 3940
2024-06-18 01:04:10,617 INFO:Total games: 3950
2024-06-18 01:05:46,915 INFO:Total games: 3960
2024-06-18 01:07:29,888 INFO:Total games: 3970
2024-06-18 01:09:10,522 INFO:Total games: 3980
2024-06-18 01:10:50,728 INFO:Total games: 3990
2024-06-18 01:12:31,301 INFO:Total games: 4000
2024-06-18 01:14:04,003 INFO:Total games: 4010
2024-06-18 01:15:46,063 INFO:Total games: 4020
2024-06-18 01:17:14,254 INFO:Total games: 4030
2024-06-18 01:19:00,282 INFO:Total games: 4040
2024-06-18 01:20:37,753 INFO:Total games: 4050
2024-06-18 01:22:21,044 INFO:Total games: 4060
2024-06-18 01:23:54,397 INFO:Total games: 4070
2024-06-18 01:25:25,824 INFO:Total games: 4080
2024-06-18 01:26:56,396 INFO:Total games: 4090
2024-06-18 01:28:32,149 INFO:Total games: 4100
2024-06-18 01:29:45,919 INFO:Total games: 4110
2024-06-18 01:30:57,973 INFO:Total games: 4120
2024-06-18 01:32:36,920 INFO:Total games: 4130
2024-06-18 01:34:32,192 INFO:Total games: 4140
2024-06-18 01:36:27,633 INFO:Total games: 4150
2024-06-18 01:37:55,264 INFO:Total games: 4160
2024-06-18 01:39:14,647 INFO:Total games: 4170
2024-06-18 01:40:44,397 INFO:Total games: 4180
2024-06-18 01:42:01,597 INFO:Total games: 4190
2024-06-18 01:43:31,974 INFO:Total games: 4200
2024-06-18 01:44:36,213 INFO:Total games: 4210
2024-06-18 01:46:07,825 INFO:Total games: 4220
2024-06-18 01:47:37,409 INFO:Total games: 4230
2024-06-18 01:49:18,416 INFO:Total games: 4240
2024-06-18 01:50:57,547 INFO:Total games: 4250
2024-06-18 01:52:31,941 INFO:Total games: 4260
2024-06-18 01:54:15,402 INFO:Total games: 4270
2024-06-18 01:55:55,781 INFO:Total games: 4280
2024-06-18 01:57:31,211 INFO:Total games: 4290
2024-06-18 01:59:17,452 INFO:Total games: 4300
2024-06-18 02:00:59,339 INFO:Total games: 4310
2024-06-18 02:02:27,416 INFO:Total games: 4320
2024-06-18 02:04:08,817 INFO:Total games: 4330
2024-06-18 02:05:13,964 INFO:Total games: 4340
2024-06-18 02:12:29,004 INFO:Total games: 4350
2024-06-18 02:14:10,003 INFO:Total games: 4360
2024-06-18 02:15:53,483 INFO:Total games: 4370
2024-06-18 02:17:29,890 INFO:Total games: 4380
2024-06-18 02:19:08,222 INFO:Total games: 4390
2024-06-18 02:20:27,863 INFO:Total games: 4400
2024-06-18 02:21:59,682 INFO:Total games: 4410
2024-06-18 02:23:47,739 INFO:Total games: 4420
2024-06-18 02:25:29,541 INFO:Total games: 4430
2024-06-18 02:27:00,258 INFO:Total games: 4440
2024-06-18 02:28:41,862 INFO:Total games: 4450
2024-06-18 02:30:36,233 INFO:Total games: 4460
2024-06-18 02:32:03,389 INFO:Total games: 4470
2024-06-18 02:33:40,366 INFO:Total games: 4480
2024-06-18 02:35:20,594 INFO:Total games: 4490
2024-06-18 02:36:47,319 INFO:Total games: 4500
2024-06-18 02:38:27,331 INFO:Total games: 4510
2024-06-18 02:40:12,204 INFO:Total games: 4520
2024-06-18 02:41:50,208 INFO:Total games: 4530
2024-06-18 02:42:55,013 INFO:Total games: 4540
2024-06-18 02:44:26,106 INFO:Total games: 4550
2024-06-18 02:46:03,208 INFO:Total games: 4560
2024-06-18 02:47:51,914 INFO:Total games: 4570
2024-06-18 02:49:34,218 INFO:Total games: 4580
2024-06-18 02:51:21,244 INFO:Total games: 4590
2024-06-18 02:52:55,499 INFO:Total games: 4600
2024-06-18 02:54:09,469 INFO:Total games: 4610
2024-06-18 02:55:31,979 INFO:Total games: 4620
2024-06-18 02:57:24,884 INFO:Total games: 4630
2024-06-18 02:58:56,563 INFO:Total games: 4640
2024-06-18 03:00:32,442 INFO:Total games: 4650
2024-06-18 03:02:01,617 INFO:Total games: 4660
2024-06-18 03:03:54,416 INFO:Total games: 4670
2024-06-18 03:05:31,848 INFO:Total games: 4680
2024-06-18 03:07:09,458 INFO:Total games: 4690
2024-06-18 03:09:12,922 INFO:Total games: 4700
2024-06-18 03:10:33,115 INFO:Total games: 4710
2024-06-18 03:12:01,297 INFO:Total games: 4720
2024-06-18 03:13:33,426 INFO:Total games: 4730
2024-06-18 03:15:14,854 INFO:Total games: 4740
2024-06-18 03:16:43,389 INFO:Total games: 4750
2024-06-18 03:18:24,481 INFO:Total games: 4760
2024-06-18 03:19:50,054 INFO:Total games: 4770
2024-06-18 03:21:36,449 INFO:Total games: 4780
2024-06-18 03:22:54,368 INFO:Total games: 4790
2024-06-18 03:24:24,604 INFO:Total games: 4800
2024-06-18 03:25:50,287 INFO:Total games: 4810
2024-06-18 03:27:34,359 INFO:Total games: 4820
2024-06-18 03:29:17,881 INFO:Total games: 4830
2024-06-18 03:31:19,618 INFO:Total games: 4840
2024-06-18 03:33:18,803 INFO:Total games: 4850
2024-06-18 03:35:22,356 INFO:Total games: 4860
2024-06-18 03:36:46,517 INFO:Total games: 4870
2024-06-18 03:44:39,627 INFO:Total games: 4880
2024-06-18 03:46:15,556 INFO:Total games: 4890
2024-06-18 03:48:18,029 INFO:Total games: 4900
2024-06-18 03:49:45,695 INFO:Total games: 4910
2024-06-18 03:51:16,274 INFO:Total games: 4920
2024-06-18 03:52:52,110 INFO:Total games: 4930
2024-06-18 03:54:19,192 INFO:Total games: 4940
2024-06-18 03:55:32,890 INFO:Total games: 4950
2024-06-18 03:56:58,610 INFO:Total games: 4960
2024-06-18 03:57:58,626 INFO:Total games: 4970
2024-06-18 03:59:17,236 INFO:Total games: 4980
2024-06-18 04:00:59,893 INFO:Total games: 4990
2024-06-18 04:02:49,138 INFO:Total games: 5000
2024-06-18 04:04:23,264 INFO:Total games: 5010
2024-06-18 04:05:41,641 INFO:Total games: 5020
2024-06-18 04:07:25,865 INFO:Total games: 5030
2024-06-18 04:08:56,826 INFO:Total games: 5040
2024-06-18 04:10:46,418 INFO:Total games: 5050
2024-06-18 04:12:44,793 INFO:Total games: 5060
2024-06-18 04:14:30,112 INFO:Total games: 5070
2024-06-18 04:16:04,371 INFO:Total games: 5080
2024-06-18 04:17:36,591 INFO:Total games: 5090
2024-06-18 04:19:09,212 INFO:Total games: 5100
2024-06-18 04:20:39,476 INFO:Total games: 5110
2024-06-18 04:22:11,833 INFO:Total games: 5120
2024-06-18 04:24:06,304 INFO:Total games: 5130
2024-06-18 04:25:52,350 INFO:Total games: 5140
2024-06-18 04:27:38,550 INFO:Total games: 5150
2024-06-18 04:29:10,764 INFO:Total games: 5160
2024-06-18 04:30:41,079 INFO:Total games: 5170
2024-06-18 04:32:18,977 INFO:Total games: 5180
2024-06-18 04:34:07,769 INFO:Total games: 5190
2024-06-18 04:35:59,441 INFO:Total games: 5200
2024-06-18 04:37:54,432 INFO:Total games: 5210
2024-06-18 04:39:10,148 INFO:Total games: 5220
2024-06-18 04:40:38,735 INFO:Total games: 5230
2024-06-18 04:42:11,345 INFO:Total games: 5240
2024-06-18 04:43:46,743 INFO:Total games: 5250
2024-06-18 04:45:27,452 INFO:Total games: 5260
2024-06-18 04:47:15,493 INFO:Total games: 5270
2024-06-18 04:48:50,789 INFO:Total games: 5280
2024-06-18 04:50:25,823 INFO:Total games: 5290
2024-06-18 04:52:01,957 INFO:Total games: 5300
2024-06-18 04:53:45,226 INFO:Total games: 5310
2024-06-18 04:55:26,052 INFO:Total games: 5320
2024-06-18 04:57:03,416 INFO:Total games: 5330
2024-06-18 04:58:53,401 INFO:Total games: 5340
2024-06-18 05:00:32,324 INFO:Total games: 5350
2024-06-18 05:02:11,039 INFO:Total games: 5360
2024-06-18 05:03:36,710 INFO:Total games: 5370
2024-06-18 05:05:17,002 INFO:Total games: 5380
2024-06-18 05:07:37,978 INFO:Total games: 5390
2024-06-18 05:09:05,988 INFO:Total games: 5400
2024-06-18 05:10:22,808 INFO:Total games: 5410
2024-06-18 05:17:40,473 INFO:Total games: 5420
2024-06-18 05:19:08,192 INFO:Total games: 5430
2024-06-18 05:20:52,683 INFO:Total games: 5440
2024-06-18 05:22:33,259 INFO:Total games: 5450
2024-06-18 05:24:08,461 INFO:Total games: 5460
2024-06-18 05:25:26,051 INFO:Total games: 5470
2024-06-18 05:27:08,238 INFO:Total games: 5480
2024-06-18 05:29:04,116 INFO:Total games: 5490
2024-06-18 05:30:32,546 INFO:Total games: 5500
2024-06-18 05:32:23,036 INFO:Total games: 5510
2024-06-18 05:33:56,131 INFO:Total games: 5520
2024-06-18 05:35:31,178 INFO:Total games: 5530
2024-06-18 05:37:25,913 INFO:Total games: 5540
2024-06-18 05:39:03,511 INFO:Total games: 5550
2024-06-18 05:40:42,411 INFO:Total games: 5560
2024-06-18 05:42:36,599 INFO:Total games: 5570
2024-06-18 05:44:16,110 INFO:Total games: 5580
2024-06-18 05:46:06,157 INFO:Total games: 5590
2024-06-18 05:47:46,508 INFO:Total games: 5600
2024-06-18 05:49:16,868 INFO:Total games: 5610
2024-06-18 05:51:09,293 INFO:Total games: 5620
2024-06-18 05:52:47,170 INFO:Total games: 5630
2024-06-18 05:54:39,272 INFO:Total games: 5640
2024-06-18 05:56:15,455 INFO:Total games: 5650
2024-06-18 05:57:56,396 INFO:Total games: 5660
2024-06-18 06:00:09,047 INFO:Total games: 5670
2024-06-18 06:02:11,161 INFO:Total games: 5680
2024-06-18 06:03:56,962 INFO:Total games: 5690
2024-06-18 06:05:27,464 INFO:Total games: 5700
2024-06-18 06:07:05,000 INFO:Total games: 5710
2024-06-18 06:08:42,826 INFO:Total games: 5720
2024-06-18 06:10:19,688 INFO:Total games: 5730
2024-06-18 06:11:51,368 INFO:Total games: 5740
2024-06-18 06:13:22,911 INFO:Total games: 5750
2024-06-18 06:14:55,916 INFO:Total games: 5760
2024-06-18 06:17:01,241 INFO:Total games: 5770
2024-06-18 06:18:27,882 INFO:Total games: 5780
2024-06-18 06:19:54,885 INFO:Total games: 5790
2024-06-18 06:21:19,361 INFO:Total games: 5800
2024-06-18 06:22:58,209 INFO:Total games: 5810
2024-06-18 06:24:24,931 INFO:Total games: 5820
2024-06-18 06:26:12,381 INFO:Total games: 5830
2024-06-18 06:27:51,975 INFO:Total games: 5840
2024-06-18 06:29:21,789 INFO:Total games: 5850
2024-06-18 06:30:57,745 INFO:Total games: 5860
2024-06-18 06:32:19,430 INFO:Total games: 5870
2024-06-18 06:34:03,973 INFO:Total games: 5880
2024-06-18 06:35:46,253 INFO:Total games: 5890
2024-06-18 06:38:00,896 INFO:Total games: 5900
2024-06-18 06:40:02,556 INFO:Total games: 5910
2024-06-18 06:41:29,259 INFO:Total games: 5920
2024-06-18 06:42:52,265 INFO:Total games: 5930
2024-06-18 06:43:50,554 INFO:Total games: 5940
2024-06-18 06:50:41,886 INFO:Total games: 5950
2024-06-18 06:52:12,836 INFO:Total games: 5960
2024-06-18 06:54:15,150 INFO:Total games: 5970
2024-06-18 06:55:46,719 INFO:Total games: 5980
2024-06-18 06:57:07,244 INFO:Total games: 5990
2024-06-18 06:58:28,151 INFO:Total games: 6000
2024-06-18 07:00:19,263 INFO:Total games: 6010
2024-06-18 07:01:53,303 INFO:Total games: 6020
2024-06-18 07:03:21,133 INFO:Total games: 6030
2024-06-18 07:04:53,926 INFO:Total games: 6040
2024-06-18 07:06:45,171 INFO:Total games: 6050
2024-06-18 07:08:38,171 INFO:Total games: 6060
2024-06-18 07:09:56,605 INFO:Total games: 6070
2024-06-18 07:11:50,406 INFO:Total games: 6080
2024-06-18 07:13:42,057 INFO:Total games: 6090
2024-06-18 07:15:11,662 INFO:Total games: 6100
2024-06-18 07:16:41,268 INFO:Total games: 6110
2024-06-18 07:18:07,161 INFO:Total games: 6120
2024-06-18 07:20:03,254 INFO:Total games: 6130
2024-06-18 07:21:40,250 INFO:Total games: 6140
2024-06-18 07:23:40,064 INFO:Total games: 6150
2024-06-18 07:25:22,865 INFO:Total games: 6160
2024-06-18 07:27:12,709 INFO:Total games: 6170
2024-06-18 07:28:43,339 INFO:Total games: 6180
2024-06-18 07:30:05,321 INFO:Total games: 6190
2024-06-18 07:31:52,114 INFO:Total games: 6200
2024-06-18 07:33:30,940 INFO:Total games: 6210
2024-06-18 07:35:17,147 INFO:Total games: 6220
2024-06-18 07:36:46,765 INFO:Total games: 6230
2024-06-18 07:38:16,533 INFO:Total games: 6240
2024-06-18 07:40:00,728 INFO:Total games: 6250
2024-06-18 07:41:36,277 INFO:Total games: 6260
2024-06-18 07:43:14,364 INFO:Total games: 6270
2024-06-18 07:44:46,791 INFO:Total games: 6280
2024-06-18 07:46:48,756 INFO:Total games: 6290
2024-06-18 07:48:32,128 INFO:Total games: 6300
2024-06-18 07:50:27,308 INFO:Total games: 6310
2024-06-18 07:52:07,185 INFO:Total games: 6320
2024-06-18 07:54:01,996 INFO:Total games: 6330
2024-06-18 07:55:53,712 INFO:Total games: 6340
2024-06-18 07:57:23,927 INFO:Total games: 6350
2024-06-18 07:58:49,730 INFO:Total games: 6360
2024-06-18 08:00:26,501 INFO:Total games: 6370
2024-06-18 08:02:20,008 INFO:Total games: 6380
2024-06-18 08:03:57,359 INFO:Total games: 6390
2024-06-18 08:05:39,656 INFO:Total games: 6400
2024-06-18 08:07:10,197 INFO:Total games: 6410
2024-06-18 08:09:10,595 INFO:Total games: 6420
2024-06-18 08:10:42,153 INFO:Total games: 6430
2024-06-18 08:12:13,951 INFO:Total games: 6440
2024-06-18 08:14:07,520 INFO:Total games: 6450
2024-06-18 08:15:39,536 INFO:Total games: 6460
2024-06-18 08:16:48,938 INFO:Total games: 6470
2024-06-18 08:24:07,113 INFO:Total games: 6480
2024-06-18 08:25:49,297 INFO:Total games: 6490
2024-06-18 08:27:22,827 INFO:Total games: 6500
2024-06-18 08:29:16,284 INFO:Total games: 6510
2024-06-18 08:30:54,922 INFO:Total games: 6520
2024-06-18 08:32:19,381 INFO:Total games: 6530
2024-06-18 08:33:51,060 INFO:Total games: 6540
2024-06-18 08:35:29,445 INFO:Total games: 6550
2024-06-18 08:37:02,041 INFO:Total games: 6560
2024-06-18 08:38:37,718 INFO:Total games: 6570
2024-06-18 08:40:17,426 INFO:Total games: 6580
2024-06-18 08:42:07,262 INFO:Total games: 6590
2024-06-18 08:43:02,895 INFO:Total games: 6600
2024-06-18 08:44:53,868 INFO:Total games: 6610
2024-06-18 08:46:22,944 INFO:Total games: 6620
2024-06-18 08:48:09,840 INFO:Total games: 6630
2024-06-18 08:49:54,489 INFO:Total games: 6640
2024-06-18 08:51:38,493 INFO:Total games: 6650
2024-06-18 08:53:16,509 INFO:Total games: 6660
2024-06-18 08:55:03,304 INFO:Total games: 6670
2024-06-18 08:56:36,646 INFO:Total games: 6680
2024-06-18 08:58:25,491 INFO:Total games: 6690
2024-06-18 08:59:40,302 INFO:Total games: 6700
2024-06-18 09:01:21,737 INFO:Total games: 6710
2024-06-18 09:02:45,847 INFO:Total games: 6720
2024-06-18 09:04:34,932 INFO:Total games: 6730
2024-06-18 09:06:04,804 INFO:Total games: 6740
2024-06-18 09:07:33,181 INFO:Total games: 6750
2024-06-18 09:09:16,917 INFO:Total games: 6760
2024-06-18 09:10:59,088 INFO:Total games: 6770
2024-06-18 09:12:17,460 INFO:Total games: 6780
2024-06-18 09:13:52,775 INFO:Total games: 6790
2024-06-18 09:15:35,314 INFO:Total games: 6800
2024-06-18 09:17:12,626 INFO:Total games: 6810
2024-06-18 09:18:31,301 INFO:Total games: 6820
2024-06-18 09:20:03,961 INFO:Total games: 6830
2024-06-18 09:22:28,056 INFO:Total games: 6840
2024-06-18 09:24:02,971 INFO:Total games: 6850
2024-06-18 09:25:37,930 INFO:Total games: 6860
2024-06-18 09:27:28,087 INFO:Total games: 6870
2024-06-18 09:29:02,713 INFO:Total games: 6880
2024-06-18 09:30:32,832 INFO:Total games: 6890
2024-06-18 09:32:21,844 INFO:Total games: 6900
2024-06-18 09:33:57,882 INFO:Total games: 6910
2024-06-18 09:35:15,562 INFO:Total games: 6920
2024-06-18 09:36:55,871 INFO:Total games: 6930
2024-06-18 09:38:47,363 INFO:Total games: 6940
2024-06-18 09:39:51,333 INFO:Total games: 6950
2024-06-18 09:41:44,775 INFO:Total games: 6960
2024-06-18 09:43:39,700 INFO:Total games: 6970
2024-06-18 09:45:18,779 INFO:Total games: 6980
2024-06-18 09:47:19,614 INFO:Total games: 6990
2024-06-18 09:48:57,602 INFO:Total games: 7000
2024-06-18 09:50:02,210 INFO:Total games: 7010
2024-06-18 09:57:35,541 INFO:Total games: 7020
2024-06-18 09:59:05,629 INFO:Total games: 7030
2024-06-18 10:00:47,419 INFO:Total games: 7040
2024-06-18 10:02:42,786 INFO:Total games: 7050
2024-06-18 10:04:20,963 INFO:Total games: 7060
2024-06-18 10:05:37,534 INFO:Total games: 7070
2024-06-18 10:07:26,817 INFO:Total games: 7080
2024-06-18 10:08:53,727 INFO:Total games: 7090
2024-06-18 10:10:18,923 INFO:Total games: 7100
2024-06-18 10:12:26,994 INFO:Total games: 7110
2024-06-18 10:14:10,005 INFO:Total games: 7120
2024-06-18 10:15:16,386 INFO:Total games: 7130
2024-06-18 10:16:57,679 INFO:Total games: 7140
2024-06-18 10:18:40,258 INFO:Total games: 7150
2024-06-18 10:20:06,833 INFO:Total games: 7160
2024-06-18 10:21:47,732 INFO:Total games: 7170
2024-06-18 10:23:24,180 INFO:Total games: 7180
2024-06-18 10:24:49,705 INFO:Total games: 7190
2024-06-18 10:26:42,907 INFO:Total games: 7200
2024-06-18 10:28:38,052 INFO:Total games: 7210
2024-06-18 10:30:16,017 INFO:Total games: 7220
2024-06-18 10:31:53,349 INFO:Total games: 7230
2024-06-18 10:33:28,014 INFO:Total games: 7240
2024-06-18 10:35:21,327 INFO:Total games: 7250
2024-06-18 10:36:51,552 INFO:Total games: 7260
2024-06-18 10:38:32,774 INFO:Total games: 7270
2024-06-18 10:40:08,654 INFO:Total games: 7280
2024-06-18 10:41:09,782 INFO:Total games: 7290
2024-06-18 10:42:58,966 INFO:Total games: 7300
2024-06-18 10:44:31,277 INFO:Total games: 7310
2024-06-18 10:46:07,779 INFO:Total games: 7320
2024-06-18 10:47:50,736 INFO:Total games: 7330
2024-06-18 10:49:41,900 INFO:Total games: 7340
2024-06-18 10:51:23,408 INFO:Total games: 7350
2024-06-18 10:53:01,742 INFO:Total games: 7360
2024-06-18 10:54:26,863 INFO:Total games: 7370
2024-06-18 10:56:02,286 INFO:Total games: 7380
2024-06-18 10:57:32,499 INFO:Total games: 7390
2024-06-18 10:59:25,489 INFO:Total games: 7400
2024-06-18 11:01:08,348 INFO:Total games: 7410
2024-06-18 11:03:25,814 INFO:Total games: 7420
2024-06-18 11:05:05,987 INFO:Total games: 7430
2024-06-18 11:06:38,498 INFO:Total games: 7440
2024-06-18 11:08:38,950 INFO:Total games: 7450
2024-06-18 11:10:22,577 INFO:Total games: 7460
2024-06-18 11:11:52,397 INFO:Total games: 7470
2024-06-18 11:13:12,145 INFO:Total games: 7480
2024-06-18 11:15:01,668 INFO:Total games: 7490
2024-06-18 11:16:44,307 INFO:Total games: 7500
2024-06-18 11:18:33,791 INFO:Total games: 7510
2024-06-18 11:20:35,681 INFO:Total games: 7520
2024-06-18 11:21:58,305 INFO:Total games: 7530
2024-06-18 11:22:55,437 INFO:Total games: 7540
2024-06-18 11:30:54,607 INFO:Total games: 7550
2024-06-18 11:32:45,948 INFO:Total games: 7560
2024-06-18 11:34:35,299 INFO:Total games: 7570
2024-06-18 11:36:26,341 INFO:Total games: 7580
2024-06-18 11:38:09,633 INFO:Total games: 7590
2024-06-18 11:39:43,603 INFO:Total games: 7600
2024-06-18 11:41:33,574 INFO:Total games: 7610
2024-06-18 11:43:17,578 INFO:Total games: 7620
2024-06-18 11:44:27,531 INFO:Total games: 7630
2024-06-18 11:46:17,793 INFO:Total games: 7640
2024-06-18 11:48:06,272 INFO:Total games: 7650
2024-06-18 11:50:02,458 INFO:Total games: 7660
2024-06-18 11:51:33,130 INFO:Total games: 7670
2024-06-18 11:53:22,554 INFO:Total games: 7680
2024-06-18 11:55:11,809 INFO:Total games: 7690
2024-06-18 11:56:33,430 INFO:Total games: 7700
2024-06-18 11:58:02,860 INFO:Total games: 7710
2024-06-18 11:59:22,832 INFO:Total games: 7720
2024-06-18 12:00:48,024 INFO:Total games: 7730
2024-06-18 12:02:34,297 INFO:Total games: 7740
2024-06-18 12:04:38,687 INFO:Total games: 7750
2024-06-18 12:06:27,118 INFO:Total games: 7760
2024-06-18 12:07:50,617 INFO:Total games: 7770
2024-06-18 12:09:32,763 INFO:Total games: 7780
2024-06-18 12:10:49,040 INFO:Total games: 7790
2024-06-18 12:12:18,309 INFO:Total games: 7800
2024-06-18 12:14:13,474 INFO:Total games: 7810
2024-06-18 12:15:56,791 INFO:Total games: 7820
2024-06-18 12:17:17,746 INFO:Total games: 7830
2024-06-18 12:18:55,121 INFO:Total games: 7840
2024-06-18 12:20:38,047 INFO:Total games: 7850
2024-06-18 12:22:10,384 INFO:Total games: 7860
2024-06-18 12:23:46,217 INFO:Total games: 7870
2024-06-18 12:25:00,670 INFO:Total games: 7880
2024-06-18 12:26:18,517 INFO:Total games: 7890
2024-06-18 12:28:03,320 INFO:Total games: 7900
2024-06-18 12:29:49,742 INFO:Total games: 7910
2024-06-18 12:31:29,250 INFO:Total games: 7920
2024-06-18 12:33:25,955 INFO:Total games: 7930
2024-06-18 12:35:11,030 INFO:Total games: 7940
2024-06-18 12:36:51,203 INFO:Total games: 7950
2024-06-18 12:38:36,806 INFO:Total games: 7960
2024-06-18 12:40:21,867 INFO:Total games: 7970
2024-06-18 12:42:09,371 INFO:Total games: 7980
2024-06-18 12:43:39,199 INFO:Total games: 7990
2024-06-18 12:45:16,877 INFO:Total games: 8000
2024-06-18 12:46:50,065 INFO:Total games: 8010
2024-06-18 12:48:27,005 INFO:Total games: 8020
2024-06-18 12:49:48,468 INFO:Total games: 8030
2024-06-18 12:51:27,303 INFO:Total games: 8040
2024-06-18 12:53:12,255 INFO:Total games: 8050
2024-06-18 12:54:45,656 INFO:Total games: 8060
2024-06-18 12:56:04,211 INFO:Total games: 8070
2024-06-18 13:04:06,733 INFO:Total games: 8080
2024-06-18 13:05:34,091 INFO:Total games: 8090
2024-06-18 13:07:25,240 INFO:Total games: 8100
2024-06-18 13:09:10,211 INFO:Total games: 8110
2024-06-18 13:10:43,862 INFO:Total games: 8120
2024-06-18 13:12:33,127 INFO:Total games: 8130
2024-06-18 13:14:18,008 INFO:Total games: 8140
2024-06-18 13:16:10,113 INFO:Total games: 8150
2024-06-18 13:17:35,923 INFO:Total games: 8160
2024-06-18 13:19:04,746 INFO:Total games: 8170
2024-06-18 13:20:59,361 INFO:Total games: 8180
2024-06-18 13:22:24,287 INFO:Total games: 8190
2024-06-18 13:24:06,225 INFO:Total games: 8200
2024-06-18 13:25:26,764 INFO:Total games: 8210
2024-06-18 13:26:53,130 INFO:Total games: 8220
2024-06-18 13:28:43,107 INFO:Total games: 8230
2024-06-18 13:30:22,852 INFO:Total games: 8240
2024-06-18 13:32:02,370 INFO:Total games: 8250
2024-06-18 13:33:34,028 INFO:Total games: 8260
2024-06-18 13:35:08,437 INFO:Total games: 8270
2024-06-18 13:36:47,156 INFO:Total games: 8280
2024-06-18 13:38:23,373 INFO:Total games: 8290
2024-06-18 13:40:05,563 INFO:Total games: 8300
2024-06-18 13:41:48,962 INFO:Total games: 8310
2024-06-18 13:43:24,849 INFO:Total games: 8320
2024-06-18 13:45:19,736 INFO:Total games: 8330
2024-06-18 13:47:05,087 INFO:Total games: 8340
2024-06-18 13:48:44,910 INFO:Total games: 8350
2024-06-18 13:50:32,976 INFO:Total games: 8360
2024-06-18 13:52:22,055 INFO:Total games: 8370
2024-06-18 13:54:05,888 INFO:Total games: 8380
2024-06-18 13:55:41,187 INFO:Total games: 8390
2024-06-18 13:57:05,435 INFO:Total games: 8400
2024-06-18 13:59:31,048 INFO:Total games: 8410
2024-06-18 14:01:26,860 INFO:Total games: 8420
2024-06-18 14:02:58,695 INFO:Total games: 8430
2024-06-18 14:04:17,358 INFO:Total games: 8440
2024-06-18 14:05:44,309 INFO:Total games: 8450
2024-06-18 14:07:32,560 INFO:Total games: 8460
2024-06-18 14:09:13,284 INFO:Total games: 8470
2024-06-18 14:10:43,136 INFO:Total games: 8480
2024-06-18 14:12:28,829 INFO:Total games: 8490
2024-06-18 14:13:49,587 INFO:Total games: 8500
2024-06-18 14:15:26,178 INFO:Total games: 8510
2024-06-18 14:17:07,430 INFO:Total games: 8520
2024-06-18 14:19:04,263 INFO:Total games: 8530
2024-06-18 14:20:35,322 INFO:Total games: 8540
2024-06-18 14:22:00,735 INFO:Total games: 8550
2024-06-18 14:23:44,548 INFO:Total games: 8560
2024-06-18 14:25:34,678 INFO:Total games: 8570
2024-06-18 14:27:28,477 INFO:Total games: 8580
2024-06-18 14:29:40,144 INFO:Total games: 8590
2024-06-18 14:30:50,050 INFO:Total games: 8600
2024-06-18 14:31:41,151 INFO:Total games: 8610
2024-06-18 14:38:56,749 INFO:Total games: 8620
2024-06-18 14:40:28,778 INFO:Total games: 8630
2024-06-18 14:42:22,065 INFO:Total games: 8640
2024-06-18 14:43:56,076 INFO:Total games: 8650
2024-06-18 14:45:37,410 INFO:Total games: 8660
2024-06-18 14:47:04,512 INFO:Total games: 8670
2024-06-18 14:48:37,963 INFO:Total games: 8680
2024-06-18 14:50:05,398 INFO:Total games: 8690
2024-06-18 14:51:35,913 INFO:Total games: 8700
2024-06-18 14:53:25,319 INFO:Total games: 8710
2024-06-18 14:54:54,340 INFO:Total games: 8720
2024-06-18 14:56:31,554 INFO:Total games: 8730
2024-06-18 14:58:11,833 INFO:Total games: 8740
2024-06-18 14:59:46,227 INFO:Total games: 8750
2024-06-18 15:01:12,748 INFO:Total games: 8760
2024-06-18 15:02:51,156 INFO:Total games: 8770
2024-06-18 15:04:37,264 INFO:Total games: 8780
2024-06-18 15:05:54,090 INFO:Total games: 8790
2024-06-18 15:07:29,124 INFO:Total games: 8800
2024-06-18 15:09:00,005 INFO:Total games: 8810
2024-06-18 15:10:33,549 INFO:Total games: 8820
2024-06-18 15:12:03,130 INFO:Total games: 8830
2024-06-18 15:13:30,903 INFO:Total games: 8840
2024-06-18 15:14:42,710 INFO:Total games: 8850
2024-06-18 15:16:02,398 INFO:Total games: 8860
2024-06-18 15:17:39,398 INFO:Total games: 8870
2024-06-18 15:19:08,959 INFO:Total games: 8880
2024-06-18 15:20:50,024 INFO:Total games: 8890
2024-06-18 15:22:19,047 INFO:Total games: 8900
2024-06-18 15:23:32,252 INFO:Total games: 8910
2024-06-18 15:24:44,992 INFO:Total games: 8920
2024-06-18 15:26:12,642 INFO:Total games: 8930
2024-06-18 15:27:58,772 INFO:Total games: 8940
2024-06-18 15:29:40,453 INFO:Total games: 8950
2024-06-18 15:31:12,339 INFO:Total games: 8960
2024-06-18 15:33:11,315 INFO:Total games: 8970
2024-06-18 15:34:27,309 INFO:Total games: 8980
2024-06-18 15:36:07,496 INFO:Total games: 8990
2024-06-18 15:37:32,137 INFO:Total games: 9000
2024-06-18 15:38:53,611 INFO:Total games: 9010
2024-06-18 15:40:14,128 INFO:Total games: 9020
2024-06-18 15:41:59,070 INFO:Total games: 9030
2024-06-18 15:43:33,709 INFO:Total games: 9040
2024-06-18 15:44:58,495 INFO:Total games: 9050
2024-06-18 15:46:31,055 INFO:Total games: 9060
2024-06-18 15:48:33,803 INFO:Total games: 9070
2024-06-18 15:50:00,418 INFO:Total games: 9080
2024-06-18 15:51:37,505 INFO:Total games: 9090
2024-06-18 15:53:17,387 INFO:Total games: 9100
2024-06-18 15:54:51,923 INFO:Total games: 9110
2024-06-18 15:56:24,254 INFO:Total games: 9120
2024-06-18 15:58:22,168 INFO:Total games: 9130
2024-06-18 16:00:09,376 INFO:Total games: 9140
2024-06-18 16:01:54,550 INFO:Total games: 9150
2024-06-18 16:03:46,425 INFO:Total games: 9160
2024-06-18 16:05:14,474 INFO:Total games: 9170
2024-06-18 16:12:10,977 INFO:Total games: 9180
2024-06-18 16:13:33,955 INFO:Total games: 9190
2024-06-18 16:15:07,423 INFO:Total games: 9200
2024-06-18 16:17:05,534 INFO:Total games: 9210
2024-06-18 16:18:40,058 INFO:Total games: 9220
2024-06-18 16:20:24,484 INFO:Total games: 9230
2024-06-18 16:21:53,864 INFO:Total games: 9240
2024-06-18 16:23:24,541 INFO:Total games: 9250
2024-06-18 16:24:51,191 INFO:Total games: 9260
2024-06-18 16:26:23,742 INFO:Total games: 9270
2024-06-18 16:28:37,417 INFO:Total games: 9280
2024-06-18 16:30:10,676 INFO:Total games: 9290
2024-06-18 16:31:42,816 INFO:Total games: 9300
2024-06-18 16:33:26,475 INFO:Total games: 9310
2024-06-18 16:35:17,494 INFO:Total games: 9320
2024-06-18 16:36:52,611 INFO:Total games: 9330
2024-06-18 16:38:18,564 INFO:Total games: 9340
2024-06-18 16:39:55,882 INFO:Total games: 9350
2024-06-18 16:41:07,366 INFO:Ending
2024-06-18 16:41:07,366 INFO:Duration: 1 days, 3 hours, 2 minutes, 48 seconds
