2024-06-13 22:29:40,209 INFO:Starting
2024-06-13 22:31:16,262 INFO:Total games: 10
2024-06-13 22:32:41,487 INFO:Total games: 20
2024-06-13 22:34:34,433 INFO:Total games: 30
2024-06-13 22:36:26,578 INFO:Total games: 40
2024-06-13 22:37:59,047 INFO:Total games: 50
2024-06-13 22:39:11,719 INFO:Total games: 60
2024-06-13 22:45:54,686 INFO:Total games: 70
2024-06-13 22:47:16,289 INFO:Total games: 80
2024-06-13 22:48:43,392 INFO:Total games: 90
2024-06-13 22:50:09,161 INFO:Total games: 100
2024-06-13 22:51:34,824 INFO:Total games: 110
2024-06-13 22:52:39,611 INFO:Total games: 120
2024-06-13 22:54:19,839 INFO:Total games: 130
2024-06-13 22:55:54,410 INFO:Total games: 140
2024-06-13 22:57:22,449 INFO:Total games: 150
2024-06-13 22:58:52,617 INFO:Total games: 160
2024-06-13 23:00:13,423 INFO:Total games: 170
2024-06-13 23:01:25,239 INFO:Total games: 180
2024-06-13 23:03:00,116 INFO:Total games: 190
2024-06-13 23:04:23,834 INFO:Total games: 200
2024-06-13 23:05:47,690 INFO:Total games: 210
2024-06-13 23:07:15,147 INFO:Total games: 220
2024-06-13 23:08:56,395 INFO:Total games: 230
2024-06-13 23:10:10,115 INFO:Total games: 240
2024-06-13 23:11:33,845 INFO:Total games: 250
2024-06-13 23:13:03,544 INFO:Total games: 260
2024-06-13 23:14:19,443 INFO:Total games: 270
2024-06-13 23:15:42,150 INFO:Total games: 280
2024-06-13 23:17:06,908 INFO:Total games: 290
2024-06-13 23:18:46,434 INFO:Total games: 300
2024-06-13 23:20:15,338 INFO:Total games: 310
2024-06-13 23:22:01,155 INFO:Total games: 320
2024-06-13 23:23:57,980 INFO:Total games: 330
2024-06-13 23:25:50,298 INFO:Total games: 340
2024-06-13 23:27:25,915 INFO:Total games: 350
2024-06-13 23:29:14,987 INFO:Total games: 360
2024-06-13 23:30:58,729 INFO:Total games: 370
2024-06-13 23:32:30,406 INFO:Total games: 380
2024-06-13 23:33:55,263 INFO:Total games: 390
2024-06-13 23:35:53,615 INFO:Total games: 400
2024-06-13 23:37:21,281 INFO:Total games: 410
2024-06-13 23:38:36,906 INFO:Total games: 420
2024-06-13 23:40:09,663 INFO:Total games: 430
2024-06-13 23:41:43,968 INFO:Total games: 440
2024-06-13 23:42:55,358 INFO:Total games: 450
2024-06-13 23:44:18,191 INFO:Total games: 460
2024-06-13 23:45:51,039 INFO:Total games: 470
2024-06-13 23:47:37,795 INFO:Total games: 480
2024-06-13 23:49:04,339 INFO:Total games: 490
2024-06-13 23:50:28,308 INFO:Total games: 500
2024-06-13 23:51:50,474 INFO:Total games: 510
2024-06-13 23:53:07,104 INFO:Total games: 520
2024-06-13 23:54:28,570 INFO:Total games: 530
2024-06-13 23:55:57,919 INFO:Total games: 540
2024-06-13 23:57:35,152 INFO:Total games: 550
2024-06-13 23:59:08,109 INFO:Total games: 560
2024-06-14 00:01:01,367 INFO:Total games: 570
2024-06-14 00:02:30,895 INFO:Total games: 580
2024-06-14 00:04:09,307 INFO:Total games: 590
2024-06-14 00:05:29,391 INFO:Total games: 600
2024-06-14 00:07:43,185 INFO:Total games: 610
2024-06-14 00:09:19,591 INFO:Total games: 620
2024-06-14 00:11:05,594 INFO:Total games: 630
2024-06-14 00:13:09,749 INFO:Total games: 640
2024-06-14 00:14:47,649 INFO:Total games: 650
2024-06-14 00:16:04,547 INFO:Total games: 660
2024-06-14 00:20:54,168 INFO:Loaded new best model
2024-06-14 00:21:08,465 INFO:Total games: 670
2024-06-14 00:22:34,648 INFO:Total games: 680
2024-06-14 00:24:24,475 INFO:Total games: 690
2024-06-14 00:25:42,684 INFO:Total games: 700
2024-06-14 00:27:18,509 INFO:Total games: 710
2024-06-14 00:28:42,978 INFO:Total games: 720
2024-06-14 00:30:12,504 INFO:Total games: 730
2024-06-14 00:31:43,904 INFO:Total games: 740
2024-06-14 00:33:15,545 INFO:Total games: 750
2024-06-14 00:34:37,943 INFO:Total games: 760
2024-06-14 00:35:51,795 INFO:Total games: 770
2024-06-14 00:37:15,992 INFO:Total games: 780
2024-06-14 00:38:42,931 INFO:Total games: 790
2024-06-14 00:40:08,086 INFO:Total games: 800
2024-06-14 00:41:59,724 INFO:Total games: 810
2024-06-14 00:43:35,443 INFO:Total games: 820
2024-06-14 00:44:58,350 INFO:Total games: 830
2024-06-14 00:46:39,123 INFO:Total games: 840
2024-06-14 00:48:09,137 INFO:Total games: 850
2024-06-14 00:49:28,975 INFO:Total games: 860
2024-06-14 00:50:53,966 INFO:Total games: 870
2024-06-14 00:52:31,323 INFO:Total games: 880
2024-06-14 00:53:54,092 INFO:Total games: 890
2024-06-14 00:55:19,538 INFO:Total games: 900
2024-06-14 00:56:40,258 INFO:Total games: 910
2024-06-14 00:58:26,497 INFO:Total games: 920
2024-06-14 00:59:49,108 INFO:Total games: 930
2024-06-14 01:01:13,047 INFO:Total games: 940
2024-06-14 01:02:48,897 INFO:Total games: 950
2024-06-14 01:03:54,859 INFO:Total games: 960
2024-06-14 01:05:19,343 INFO:Total games: 970
2024-06-14 01:07:03,060 INFO:Total games: 980
2024-06-14 01:08:19,806 INFO:Total games: 990
2024-06-14 01:09:45,588 INFO:Total games: 1000
2024-06-14 01:11:10,483 INFO:Total games: 1010
2024-06-14 01:12:34,984 INFO:Total games: 1020
2024-06-14 01:13:51,417 INFO:Total games: 1030
2024-06-14 01:15:20,061 INFO:Total games: 1040
2024-06-14 01:16:40,165 INFO:Total games: 1050
2024-06-14 01:18:10,659 INFO:Total games: 1060
2024-06-14 01:19:57,740 INFO:Total games: 1070
2024-06-14 01:21:27,466 INFO:Total games: 1080
2024-06-14 01:22:45,187 INFO:Total games: 1090
2024-06-14 01:24:03,925 INFO:Total games: 1100
2024-06-14 01:25:34,360 INFO:Total games: 1110
2024-06-14 01:27:22,627 INFO:Total games: 1120
2024-06-14 01:29:08,409 INFO:Total games: 1130
2024-06-14 01:30:34,060 INFO:Total games: 1140
2024-06-14 01:32:08,708 INFO:Total games: 1150
2024-06-14 01:33:34,855 INFO:Total games: 1160
2024-06-14 01:35:11,625 INFO:Total games: 1170
2024-06-14 01:36:50,696 INFO:Total games: 1180
2024-06-14 01:38:19,160 INFO:Total games: 1190
2024-06-14 01:40:14,924 INFO:Total games: 1200
2024-06-14 01:41:58,425 INFO:Total games: 1210
2024-06-14 01:43:59,829 INFO:Total games: 1220
2024-06-14 01:45:44,463 INFO:Total games: 1230
2024-06-14 01:51:51,891 INFO:Total games: 1240
2024-06-14 01:52:59,004 INFO:Loaded new best model
2024-06-14 01:53:39,586 INFO:Total games: 1250
2024-06-14 01:55:02,984 INFO:Total games: 1260
2024-06-14 01:56:32,961 INFO:Total games: 1270
2024-06-14 01:57:58,946 INFO:Total games: 1280
2024-06-14 01:59:37,470 INFO:Total games: 1290
2024-06-14 02:01:26,851 INFO:Total games: 1300
2024-06-14 02:02:49,998 INFO:Total games: 1310
2024-06-14 02:04:42,083 INFO:Total games: 1320
2024-06-14 02:06:20,170 INFO:Total games: 1330
2024-06-14 02:07:49,592 INFO:Total games: 1340
2024-06-14 02:09:28,572 INFO:Total games: 1350
2024-06-14 02:10:52,721 INFO:Total games: 1360
2024-06-14 02:12:24,475 INFO:Total games: 1370
2024-06-14 02:13:47,978 INFO:Total games: 1380
2024-06-14 02:15:29,930 INFO:Total games: 1390
2024-06-14 02:16:51,750 INFO:Total games: 1400
2024-06-14 02:18:10,150 INFO:Total games: 1410
2024-06-14 02:20:06,226 INFO:Total games: 1420
2024-06-14 02:21:54,018 INFO:Total games: 1430
2024-06-14 02:23:13,915 INFO:Total games: 1440
2024-06-14 02:25:01,598 INFO:Total games: 1450
2024-06-14 02:26:32,085 INFO:Total games: 1460
2024-06-14 02:27:54,724 INFO:Total games: 1470
2024-06-14 02:29:41,531 INFO:Total games: 1480
2024-06-14 02:31:14,151 INFO:Total games: 1490
2024-06-14 02:32:34,746 INFO:Total games: 1500
2024-06-14 02:33:54,467 INFO:Total games: 1510
2024-06-14 02:36:00,691 INFO:Total games: 1520
2024-06-14 02:37:41,966 INFO:Total games: 1530
2024-06-14 02:39:29,009 INFO:Total games: 1540
2024-06-14 02:41:13,715 INFO:Total games: 1550
2024-06-14 02:42:42,182 INFO:Total games: 1560
2024-06-14 02:44:02,545 INFO:Total games: 1570
2024-06-14 02:45:19,524 INFO:Total games: 1580
2024-06-14 02:47:25,042 INFO:Total games: 1590
2024-06-14 02:48:53,487 INFO:Total games: 1600
2024-06-14 02:50:30,509 INFO:Total games: 1610
2024-06-14 02:52:02,374 INFO:Total games: 1620
2024-06-14 02:53:28,185 INFO:Total games: 1630
2024-06-14 02:55:21,559 INFO:Total games: 1640
2024-06-14 02:56:43,935 INFO:Total games: 1650
2024-06-14 02:58:25,023 INFO:Total games: 1660
2024-06-14 02:59:58,008 INFO:Total games: 1670
2024-06-14 03:01:40,041 INFO:Total games: 1680
2024-06-14 03:02:59,857 INFO:Total games: 1690
2024-06-14 03:04:41,183 INFO:Total games: 1700
2024-06-14 03:05:58,335 INFO:Total games: 1710
2024-06-14 03:07:48,921 INFO:Total games: 1720
2024-06-14 03:09:37,181 INFO:Total games: 1730
2024-06-14 03:10:59,259 INFO:Total games: 1740
2024-06-14 03:12:38,455 INFO:Total games: 1750
2024-06-14 03:14:05,128 INFO:Total games: 1760
2024-06-14 03:15:59,562 INFO:Total games: 1770
2024-06-14 03:17:29,449 INFO:Total games: 1780
2024-06-14 03:19:15,621 INFO:Total games: 1790
2024-06-14 03:20:53,988 INFO:Total games: 1800
2024-06-14 03:22:55,807 INFO:Total games: 1810
2024-06-14 03:24:55,171 INFO:Total games: 1820
2024-06-14 03:26:16,834 INFO:Total games: 1830
2024-06-14 03:32:46,988 INFO:Total games: 1840
2024-06-14 03:34:22,180 INFO:Total games: 1850
2024-06-14 03:35:45,395 INFO:Total games: 1860
2024-06-14 03:37:24,847 INFO:Total games: 1870
2024-06-14 03:38:57,692 INFO:Total games: 1880
2024-06-14 03:40:30,455 INFO:Total games: 1890
2024-06-14 03:41:41,575 INFO:Total games: 1900
2024-06-14 03:42:58,027 INFO:Total games: 1910
2024-06-14 03:44:19,832 INFO:Total games: 1920
2024-06-14 03:45:21,364 INFO:Total games: 1930
2024-06-14 03:46:57,838 INFO:Total games: 1940
2024-06-14 03:48:17,113 INFO:Total games: 1950
2024-06-14 03:49:56,600 INFO:Total games: 1960
2024-06-14 03:51:31,608 INFO:Total games: 1970
2024-06-14 03:53:02,099 INFO:Total games: 1980
2024-06-14 03:54:09,452 INFO:Total games: 1990
2024-06-14 03:55:45,098 INFO:Total games: 2000
2024-06-14 03:57:30,811 INFO:Total games: 2010
2024-06-14 03:59:05,459 INFO:Total games: 2020
2024-06-14 04:00:28,724 INFO:Total games: 2030
2024-06-14 04:02:08,695 INFO:Total games: 2040
2024-06-14 04:03:40,366 INFO:Total games: 2050
2024-06-14 04:05:00,692 INFO:Total games: 2060
2024-06-14 04:06:46,410 INFO:Total games: 2070
2024-06-14 04:08:10,806 INFO:Total games: 2080
2024-06-14 04:09:38,294 INFO:Total games: 2090
2024-06-14 04:10:55,938 INFO:Total games: 2100
2024-06-14 04:12:21,601 INFO:Total games: 2110
2024-06-14 04:14:03,212 INFO:Total games: 2120
2024-06-14 04:15:19,584 INFO:Total games: 2130
2024-06-14 04:16:44,805 INFO:Total games: 2140
2024-06-14 04:18:29,337 INFO:Total games: 2150
2024-06-14 04:20:15,793 INFO:Total games: 2160
2024-06-14 04:21:40,282 INFO:Total games: 2170
2024-06-14 04:23:10,142 INFO:Total games: 2180
2024-06-14 04:24:32,839 INFO:Total games: 2190
2024-06-14 04:26:32,747 INFO:Total games: 2200
2024-06-14 04:28:03,187 INFO:Total games: 2210
2024-06-14 04:29:30,007 INFO:Total games: 2220
2024-06-14 04:31:01,620 INFO:Total games: 2230
2024-06-14 04:32:03,496 INFO:Total games: 2240
2024-06-14 04:33:33,657 INFO:Total games: 2250
2024-06-14 04:35:08,243 INFO:Total games: 2260
2024-06-14 04:36:40,757 INFO:Total games: 2270
2024-06-14 04:38:16,549 INFO:Total games: 2280
2024-06-14 04:39:49,242 INFO:Total games: 2290
2024-06-14 04:41:26,061 INFO:Total games: 2300
2024-06-14 04:42:54,101 INFO:Total games: 2310
2024-06-14 04:44:20,778 INFO:Total games: 2320
2024-06-14 04:45:33,683 INFO:Total games: 2330
2024-06-14 04:46:51,854 INFO:Total games: 2340
2024-06-14 04:48:20,890 INFO:Total games: 2350
2024-06-14 04:50:08,155 INFO:Total games: 2360
2024-06-14 04:52:05,472 INFO:Total games: 2370
2024-06-14 04:53:52,942 INFO:Total games: 2380
2024-06-14 04:55:33,588 INFO:Total games: 2390
2024-06-14 04:57:00,145 INFO:Total games: 2400
2024-06-14 05:02:50,153 INFO:Total games: 2410
2024-06-14 05:04:15,159 INFO:Total games: 2420
2024-06-14 05:05:47,142 INFO:Total games: 2430
2024-06-14 05:07:14,417 INFO:Total games: 2440
2024-06-14 05:08:47,103 INFO:Total games: 2450
2024-06-14 05:10:06,846 INFO:Total games: 2460
2024-06-14 05:11:52,294 INFO:Total games: 2470
2024-06-14 05:13:18,940 INFO:Total games: 2480
2024-06-14 05:14:46,024 INFO:Total games: 2490
2024-06-14 05:16:10,291 INFO:Total games: 2500
2024-06-14 05:17:29,107 INFO:Total games: 2510
2024-06-14 05:18:43,311 INFO:Total games: 2520
2024-06-14 05:20:03,901 INFO:Total games: 2530
2024-06-14 05:21:27,833 INFO:Total games: 2540
2024-06-14 05:22:58,264 INFO:Total games: 2550
2024-06-14 05:24:28,093 INFO:Total games: 2560
2024-06-14 05:25:55,661 INFO:Total games: 2570
2024-06-14 05:27:20,117 INFO:Total games: 2580
2024-06-14 05:28:45,014 INFO:Total games: 2590
2024-06-14 05:30:14,432 INFO:Total games: 2600
2024-06-14 05:31:42,381 INFO:Total games: 2610
2024-06-14 05:33:11,344 INFO:Total games: 2620
2024-06-14 05:34:29,532 INFO:Total games: 2630
2024-06-14 05:35:50,016 INFO:Total games: 2640
2024-06-14 05:37:23,148 INFO:Total games: 2650
2024-06-14 05:38:54,330 INFO:Total games: 2660
2024-06-14 05:40:21,365 INFO:Total games: 2670
2024-06-14 05:41:59,489 INFO:Total games: 2680
2024-06-14 05:43:28,502 INFO:Total games: 2690
2024-06-14 05:44:40,366 INFO:Total games: 2700
2024-06-14 05:46:24,872 INFO:Total games: 2710
2024-06-14 05:47:40,798 INFO:Total games: 2720
2024-06-14 05:49:31,190 INFO:Total games: 2730
2024-06-14 05:51:12,759 INFO:Total games: 2740
2024-06-14 05:52:15,131 INFO:Total games: 2750
2024-06-14 05:53:35,156 INFO:Total games: 2760
2024-06-14 05:55:04,747 INFO:Total games: 2770
2024-06-14 05:56:31,931 INFO:Total games: 2780
2024-06-14 05:57:54,569 INFO:Total games: 2790
2024-06-14 05:59:36,983 INFO:Total games: 2800
2024-06-14 06:01:08,904 INFO:Total games: 2810
2024-06-14 06:02:33,296 INFO:Total games: 2820
2024-06-14 06:04:10,111 INFO:Total games: 2830
2024-06-14 06:05:43,238 INFO:Total games: 2840
2024-06-14 06:07:21,020 INFO:Total games: 2850
2024-06-14 06:09:04,191 INFO:Total games: 2860
2024-06-14 06:10:47,311 INFO:Total games: 2870
2024-06-14 06:12:24,240 INFO:Total games: 2880
2024-06-14 06:13:41,791 INFO:Total games: 2890
2024-06-14 06:15:18,805 INFO:Total games: 2900
2024-06-14 06:17:13,517 INFO:Total games: 2910
2024-06-14 06:18:50,808 INFO:Total games: 2920
2024-06-14 06:20:28,112 INFO:Total games: 2930
2024-06-14 06:22:01,866 INFO:Total games: 2940
2024-06-14 06:23:40,964 INFO:Total games: 2950
2024-06-14 06:25:32,293 INFO:Total games: 2960
2024-06-14 06:26:56,168 INFO:Total games: 2970
2024-06-14 06:32:17,559 INFO:Total games: 2980
2024-06-14 06:33:50,233 INFO:Total games: 2990
2024-06-14 06:35:37,019 INFO:Total games: 3000
2024-06-14 06:37:07,484 INFO:Total games: 3010
2024-06-14 06:38:39,115 INFO:Total games: 3020
2024-06-14 06:40:21,330 INFO:Total games: 3030
2024-06-14 06:41:47,044 INFO:Total games: 3040
2024-06-14 06:43:04,041 INFO:Total games: 3050
2024-06-14 06:44:35,062 INFO:Total games: 3060
2024-06-14 06:46:17,079 INFO:Total games: 3070
2024-06-14 06:47:33,738 INFO:Total games: 3080
2024-06-14 06:49:01,842 INFO:Total games: 3090
2024-06-14 06:50:45,408 INFO:Total games: 3100
2024-06-14 06:52:08,866 INFO:Total games: 3110
2024-06-14 06:53:48,817 INFO:Total games: 3120
2024-06-14 06:55:26,683 INFO:Total games: 3130
2024-06-14 06:56:36,415 INFO:Total games: 3140
2024-06-14 06:58:09,586 INFO:Total games: 3150
2024-06-14 06:59:47,869 INFO:Total games: 3160
2024-06-14 07:00:57,308 INFO:Total games: 3170
2024-06-14 07:02:17,332 INFO:Total games: 3180
2024-06-14 07:03:27,838 INFO:Total games: 3190
2024-06-14 07:04:46,362 INFO:Total games: 3200
2024-06-14 07:06:36,297 INFO:Total games: 3210
2024-06-14 07:08:14,466 INFO:Total games: 3220
2024-06-14 07:09:59,144 INFO:Total games: 3230
2024-06-14 07:11:22,535 INFO:Total games: 3240
2024-06-14 07:12:51,047 INFO:Total games: 3250
2024-06-14 07:14:37,199 INFO:Total games: 3260
2024-06-14 07:16:10,957 INFO:Total games: 3270
2024-06-14 07:17:43,158 INFO:Total games: 3280
2024-06-14 07:19:07,763 INFO:Total games: 3290
2024-06-14 07:20:33,548 INFO:Total games: 3300
2024-06-14 07:21:54,572 INFO:Total games: 3310
2024-06-14 07:23:14,655 INFO:Total games: 3320
2024-06-14 07:24:49,664 INFO:Total games: 3330
2024-06-14 07:26:11,145 INFO:Total games: 3340
2024-06-14 07:27:25,247 INFO:Total games: 3350
2024-06-14 07:28:46,750 INFO:Total games: 3360
2024-06-14 07:29:57,795 INFO:Total games: 3370
2024-06-14 07:31:20,350 INFO:Total games: 3380
2024-06-14 07:32:48,546 INFO:Total games: 3390
2024-06-14 07:34:17,705 INFO:Total games: 3400
2024-06-14 07:35:43,461 INFO:Total games: 3410
2024-06-14 07:37:25,426 INFO:Total games: 3420
2024-06-14 07:38:51,681 INFO:Total games: 3430
2024-06-14 07:40:42,529 INFO:Total games: 3440
2024-06-14 07:42:07,009 INFO:Total games: 3450
2024-06-14 07:43:53,498 INFO:Total games: 3460
2024-06-14 07:45:24,812 INFO:Total games: 3470
2024-06-14 07:47:25,210 INFO:Total games: 3480
2024-06-14 07:48:54,542 INFO:Total games: 3490
2024-06-14 07:50:54,195 INFO:Total games: 3500
2024-06-14 07:52:26,611 INFO:Total games: 3510
2024-06-14 07:53:58,786 INFO:Total games: 3520
2024-06-14 07:55:10,033 INFO:Total games: 3530
2024-06-14 07:55:10,034 INFO:FULL
2024-06-14 07:57:10,034 INFO:FULL
2024-06-14 07:59:10,036 INFO:FULL
2024-06-14 08:02:45,122 INFO:Total games: 3540
2024-06-14 08:04:17,753 INFO:Total games: 3550
2024-06-14 08:05:54,845 INFO:Total games: 3560
2024-06-14 08:07:09,029 INFO:Total games: 3570
2024-06-14 08:08:40,107 INFO:Total games: 3580
2024-06-14 08:10:04,281 INFO:Total games: 3590
2024-06-14 08:11:41,448 INFO:Total games: 3600
2024-06-14 08:12:57,088 INFO:Total games: 3610
2024-06-14 08:14:33,047 INFO:Total games: 3620
2024-06-14 08:16:14,151 INFO:Total games: 3630
2024-06-14 08:18:51,658 INFO:Total games: 3640
2024-06-14 08:20:29,345 INFO:Total games: 3650
2024-06-14 08:22:21,341 INFO:Total games: 3660
2024-06-14 08:23:46,334 INFO:Total games: 3670
2024-06-14 08:25:09,047 INFO:Total games: 3680
2024-06-14 08:26:49,313 INFO:Total games: 3690
2024-06-14 08:28:06,550 INFO:Total games: 3700
2024-06-14 08:29:23,747 INFO:Total games: 3710
2024-06-14 08:30:45,356 INFO:Total games: 3720
2024-06-14 08:32:26,875 INFO:Total games: 3730
2024-06-14 08:34:07,365 INFO:Total games: 3740
2024-06-14 08:35:33,119 INFO:Total games: 3750
2024-06-14 08:36:57,441 INFO:Total games: 3760
2024-06-14 08:38:36,426 INFO:Total games: 3770
2024-06-14 08:40:00,918 INFO:Total games: 3780
2024-06-14 08:41:18,683 INFO:Total games: 3790
2024-06-14 08:43:09,245 INFO:Total games: 3800
2024-06-14 08:44:22,489 INFO:Total games: 3810
2024-06-14 08:45:51,532 INFO:Total games: 3820
2024-06-14 08:47:17,677 INFO:Total games: 3830
2024-06-14 08:48:48,962 INFO:Total games: 3840
2024-06-14 08:50:24,348 INFO:Total games: 3850
2024-06-14 08:51:57,189 INFO:Total games: 3860
2024-06-14 08:53:34,676 INFO:Total games: 3870
2024-06-14 08:55:12,461 INFO:Total games: 3880
2024-06-14 08:56:22,940 INFO:Total games: 3890
2024-06-14 08:57:42,543 INFO:Total games: 3900
2024-06-14 08:59:30,211 INFO:Total games: 3910
2024-06-14 09:00:50,877 INFO:Total games: 3920
2024-06-14 09:02:27,989 INFO:Total games: 3930
2024-06-14 09:03:49,793 INFO:Total games: 3940
2024-06-14 09:05:12,285 INFO:Total games: 3950
2024-06-14 09:06:48,583 INFO:Total games: 3960
2024-06-14 09:07:55,348 INFO:Total games: 3970
2024-06-14 09:09:24,413 INFO:Total games: 3980
2024-06-14 09:10:41,798 INFO:Total games: 3990
2024-06-14 09:12:20,708 INFO:Total games: 4000
2024-06-14 09:13:50,843 INFO:Total games: 4010
2024-06-14 09:15:10,912 INFO:Total games: 4020
2024-06-14 09:16:41,324 INFO:Total games: 4030
2024-06-14 09:18:44,382 INFO:Total games: 4040
2024-06-14 09:20:27,002 INFO:Total games: 4050
2024-06-14 09:21:59,738 INFO:Total games: 4060
2024-06-14 09:23:39,947 INFO:Total games: 4070
2024-06-14 09:24:55,763 INFO:Total games: 4080
2024-06-14 09:30:10,771 INFO:Total games: 4090
2024-06-14 09:31:44,279 INFO:Total games: 4100
2024-06-14 09:33:07,055 INFO:Total games: 4110
2024-06-14 09:34:35,204 INFO:Total games: 4120
2024-06-14 09:36:05,988 INFO:Total games: 4130
2024-06-14 09:37:35,295 INFO:Total games: 4140
2024-06-14 09:39:00,591 INFO:Total games: 4150
2024-06-14 09:40:30,791 INFO:Total games: 4160
2024-06-14 09:42:09,214 INFO:Total games: 4170
2024-06-14 09:43:42,106 INFO:Total games: 4180
2024-06-14 09:45:19,024 INFO:Total games: 4190
2024-06-14 09:46:50,304 INFO:Total games: 4200
2024-06-14 09:48:30,319 INFO:Total games: 4210
2024-06-14 09:50:16,578 INFO:Total games: 4220
2024-06-14 09:52:07,016 INFO:Total games: 4230
2024-06-14 09:53:36,220 INFO:Total games: 4240
2024-06-14 09:55:05,629 INFO:Total games: 4250
2024-06-14 09:56:34,859 INFO:Total games: 4260
2024-06-14 09:58:28,079 INFO:Total games: 4270
2024-06-14 10:00:09,197 INFO:Total games: 4280
2024-06-14 10:01:19,860 INFO:Total games: 4290
2024-06-14 10:02:45,029 INFO:Total games: 4300
2024-06-14 10:04:28,900 INFO:Total games: 4310
2024-06-14 10:05:33,995 INFO:Total games: 4320
2024-06-14 10:07:05,948 INFO:Total games: 4330
2024-06-14 10:08:44,804 INFO:Total games: 4340
2024-06-14 10:10:25,019 INFO:Total games: 4350
2024-06-14 10:11:47,498 INFO:Total games: 4360
2024-06-14 10:13:31,315 INFO:Total games: 4370
2024-06-14 10:14:59,461 INFO:Total games: 4380
2024-06-14 10:16:46,057 INFO:Total games: 4390
2024-06-14 10:18:01,541 INFO:Total games: 4400
2024-06-14 10:19:33,422 INFO:Total games: 4410
2024-06-14 10:21:06,337 INFO:Total games: 4420
2024-06-14 10:22:34,408 INFO:Total games: 4430
2024-06-14 10:24:15,203 INFO:Total games: 4440
2024-06-14 10:25:44,193 INFO:Total games: 4450
2024-06-14 10:27:14,348 INFO:Total games: 4460
2024-06-14 10:28:43,089 INFO:Total games: 4470
2024-06-14 10:30:18,801 INFO:Total games: 4480
2024-06-14 10:31:54,022 INFO:Total games: 4490
2024-06-14 10:33:21,039 INFO:Total games: 4500
2024-06-14 10:34:54,135 INFO:Total games: 4510
2024-06-14 10:36:29,601 INFO:Total games: 4520
2024-06-14 10:38:11,897 INFO:Total games: 4530
2024-06-14 10:39:49,078 INFO:Total games: 4540
2024-06-14 10:41:32,702 INFO:Total games: 4550
2024-06-14 10:43:01,110 INFO:Total games: 4560
2024-06-14 10:44:54,983 INFO:Total games: 4570
2024-06-14 10:46:39,542 INFO:Total games: 4580
2024-06-14 10:48:27,983 INFO:Total games: 4590
2024-06-14 10:50:25,947 INFO:Total games: 4600
2024-06-14 10:51:58,108 INFO:Total games: 4610
2024-06-14 10:58:23,902 INFO:Total games: 4620
2024-06-14 10:59:59,647 INFO:Total games: 4630
2024-06-14 11:01:18,663 INFO:Total games: 4640
2024-06-14 11:02:59,772 INFO:Total games: 4650
2024-06-14 11:04:14,875 INFO:Total games: 4660
2024-06-14 11:05:29,951 INFO:Total games: 4670
2024-06-14 11:07:10,944 INFO:Total games: 4680
2024-06-14 11:08:35,043 INFO:Total games: 4690
2024-06-14 11:10:04,054 INFO:Total games: 4700
2024-06-14 11:11:38,839 INFO:Total games: 4710
2024-06-14 11:13:41,932 INFO:Total games: 4720
2024-06-14 11:15:11,335 INFO:Total games: 4730
2024-06-14 11:16:44,817 INFO:Total games: 4740
2024-06-14 11:18:11,434 INFO:Total games: 4750
2024-06-14 11:19:48,115 INFO:Total games: 4760
2024-06-14 11:21:36,659 INFO:Total games: 4770
2024-06-14 11:23:08,288 INFO:Total games: 4780
2024-06-14 11:24:37,981 INFO:Total games: 4790
2024-06-14 11:26:11,553 INFO:Total games: 4800
2024-06-14 11:27:35,939 INFO:Total games: 4810
2024-06-14 11:29:01,216 INFO:Total games: 4820
2024-06-14 11:30:29,528 INFO:Total games: 4830
2024-06-14 11:32:08,051 INFO:Total games: 4840
2024-06-14 11:33:18,403 INFO:Total games: 4850
2024-06-14 11:34:36,785 INFO:Total games: 4860
2024-06-14 11:35:52,447 INFO:Total games: 4870
2024-06-14 11:37:23,451 INFO:Total games: 4880
2024-06-14 11:38:57,130 INFO:Total games: 4890
2024-06-14 11:40:24,051 INFO:Total games: 4900
2024-06-14 11:41:46,457 INFO:Total games: 4910
2024-06-14 11:43:07,923 INFO:Total games: 4920
2024-06-14 11:44:16,921 INFO:Total games: 4930
2024-06-14 11:46:05,278 INFO:Total games: 4940
2024-06-14 11:47:27,395 INFO:Total games: 4950
2024-06-14 11:48:58,148 INFO:Total games: 4960
2024-06-14 11:50:27,741 INFO:Total games: 4970
2024-06-14 11:51:59,814 INFO:Total games: 4980
2024-06-14 11:53:20,756 INFO:Total games: 4990
2024-06-14 11:55:04,755 INFO:Total games: 5000
2024-06-14 11:56:23,925 INFO:Total games: 5010
2024-06-14 11:58:04,914 INFO:Total games: 5020
2024-06-14 11:59:29,283 INFO:Total games: 5030
2024-06-14 12:00:53,363 INFO:Total games: 5040
2024-06-14 12:02:15,958 INFO:Total games: 5050
2024-06-14 12:03:46,279 INFO:Total games: 5060
2024-06-14 12:05:28,340 INFO:Total games: 5070
2024-06-14 12:07:01,434 INFO:Total games: 5080
2024-06-14 12:08:15,299 INFO:Total games: 5090
2024-06-14 12:09:43,699 INFO:Total games: 5100
2024-06-14 12:11:29,845 INFO:Total games: 5110
2024-06-14 12:12:53,182 INFO:Total games: 5120
2024-06-14 12:14:26,143 INFO:Total games: 5130
2024-06-14 12:15:53,330 INFO:Total games: 5140
2024-06-14 12:17:26,922 INFO:Total games: 5150
2024-06-14 12:19:15,441 INFO:Total games: 5160
2024-06-14 12:20:50,588 INFO:Total games: 5170
2024-06-14 12:22:17,846 INFO:Total games: 5180
2024-06-14 12:27:18,402 INFO:Total games: 5190
2024-06-14 12:28:44,130 INFO:Total games: 5200
2024-06-14 12:30:07,045 INFO:Total games: 5210
2024-06-14 12:31:32,852 INFO:Total games: 5220
2024-06-14 12:33:05,053 INFO:Total games: 5230
2024-06-14 12:34:41,728 INFO:Total games: 5240
2024-06-14 12:36:10,118 INFO:Total games: 5250
2024-06-14 12:37:53,631 INFO:Total games: 5260
2024-06-14 12:39:10,416 INFO:Total games: 5270
2024-06-14 12:40:52,325 INFO:Total games: 5280
2024-06-14 12:42:10,396 INFO:Total games: 5290
2024-06-14 12:43:38,291 INFO:Total games: 5300
2024-06-14 12:45:28,586 INFO:Total games: 5310
2024-06-14 12:47:06,839 INFO:Total games: 5320
2024-06-14 12:48:33,522 INFO:Total games: 5330
2024-06-14 12:50:01,686 INFO:Total games: 5340
2024-06-14 12:51:49,697 INFO:Total games: 5350
2024-06-14 12:53:19,236 INFO:Total games: 5360
2024-06-14 12:54:31,163 INFO:Total games: 5370
2024-06-14 12:56:05,545 INFO:Total games: 5380
2024-06-14 12:57:22,275 INFO:Total games: 5390
2024-06-14 12:58:52,606 INFO:Total games: 5400
2024-06-14 13:00:25,807 INFO:Total games: 5410
2024-06-14 13:02:15,456 INFO:Total games: 5420
2024-06-14 13:03:37,886 INFO:Total games: 5430
2024-06-14 13:04:50,512 INFO:Total games: 5440
2024-06-14 13:06:41,638 INFO:Total games: 5450
2024-06-14 13:07:55,746 INFO:Total games: 5460
2024-06-14 13:09:44,274 INFO:Total games: 5470
2024-06-14 13:11:28,227 INFO:Total games: 5480
2024-06-14 13:13:04,163 INFO:Total games: 5490
2024-06-14 13:14:34,563 INFO:Total games: 5500
2024-06-14 13:15:38,082 INFO:Total games: 5510
2024-06-14 13:17:21,812 INFO:Total games: 5520
2024-06-14 13:19:01,083 INFO:Total games: 5530
2024-06-14 13:20:46,102 INFO:Total games: 5540
2024-06-14 13:22:07,037 INFO:Total games: 5550
2024-06-14 13:23:31,383 INFO:Total games: 5560
2024-06-14 13:25:06,340 INFO:Total games: 5570
2024-06-14 13:26:45,536 INFO:Total games: 5580
2024-06-14 13:28:07,768 INFO:Total games: 5590
2024-06-14 13:29:40,443 INFO:Total games: 5600
2024-06-14 13:30:59,522 INFO:Total games: 5610
2024-06-14 13:32:22,467 INFO:Total games: 5620
2024-06-14 13:33:54,746 INFO:Total games: 5630
2024-06-14 13:35:21,118 INFO:Total games: 5640
2024-06-14 13:36:45,817 INFO:Total games: 5650
2024-06-14 13:38:12,781 INFO:Total games: 5660
2024-06-14 13:39:29,288 INFO:Total games: 5670
2024-06-14 13:41:04,555 INFO:Total games: 5680
2024-06-14 13:42:46,169 INFO:Total games: 5690
2024-06-14 13:44:35,465 INFO:Total games: 5700
2024-06-14 13:46:27,074 INFO:Total games: 5710
2024-06-14 13:47:49,192 INFO:Total games: 5720
2024-06-14 13:49:28,428 INFO:Total games: 5730
2024-06-14 13:50:50,799 INFO:Total games: 5740
2024-06-14 13:56:04,735 INFO:Total games: 5750
2024-06-14 13:57:27,686 INFO:Total games: 5760
2024-06-14 13:59:07,479 INFO:Total games: 5770
2024-06-14 14:00:38,302 INFO:Total games: 5780
2024-06-14 14:02:11,331 INFO:Total games: 5790
2024-06-14 14:03:54,224 INFO:Total games: 5800
2024-06-14 14:06:02,820 INFO:Total games: 5810
2024-06-14 14:07:30,632 INFO:Total games: 5820
2024-06-14 14:08:48,452 INFO:Total games: 5830
2024-06-14 14:10:29,210 INFO:Total games: 5840
2024-06-14 14:11:57,850 INFO:Total games: 5850
2024-06-14 14:13:22,890 INFO:Total games: 5860
2024-06-14 14:14:47,733 INFO:Total games: 5870
2024-06-14 14:16:06,447 INFO:Total games: 5880
2024-06-14 14:17:32,659 INFO:Total games: 5890
2024-06-14 14:19:12,259 INFO:Total games: 5900
2024-06-14 14:20:24,221 INFO:Total games: 5910
2024-06-14 14:21:57,031 INFO:Total games: 5920
2024-06-14 14:23:48,489 INFO:Total games: 5930
2024-06-14 14:25:20,751 INFO:Total games: 5940
2024-06-14 14:26:49,354 INFO:Total games: 5950
2024-06-14 14:28:23,453 INFO:Total games: 5960
2024-06-14 14:29:52,146 INFO:Total games: 5970
2024-06-14 14:31:16,943 INFO:Total games: 5980
2024-06-14 14:32:36,637 INFO:Total games: 5990
2024-06-14 14:34:03,010 INFO:Total games: 6000
2024-06-14 14:35:32,358 INFO:Total games: 6010
2024-06-14 14:36:56,615 INFO:Total games: 6020
2024-06-14 14:38:20,945 INFO:Total games: 6030
2024-06-14 14:40:05,826 INFO:Total games: 6040
2024-06-14 14:41:29,580 INFO:Total games: 6050
2024-06-14 14:43:15,574 INFO:Total games: 6060
2024-06-14 14:44:45,110 INFO:Total games: 6070
2024-06-14 14:46:25,117 INFO:Total games: 6080
2024-06-14 14:47:46,021 INFO:Total games: 6090
2024-06-14 14:49:20,939 INFO:Total games: 6100
2024-06-14 14:50:42,920 INFO:Total games: 6110
2024-06-14 14:52:00,882 INFO:Total games: 6120
2024-06-14 14:53:26,966 INFO:Total games: 6130
2024-06-14 14:54:51,718 INFO:Total games: 6140
2024-06-14 14:56:14,039 INFO:Total games: 6150
2024-06-14 14:57:46,340 INFO:Total games: 6160
2024-06-14 14:59:19,354 INFO:Total games: 6170
2024-06-14 15:00:45,784 INFO:Total games: 6180
2024-06-14 15:02:00,042 INFO:Total games: 6190
2024-06-14 15:03:19,416 INFO:Total games: 6200
2024-06-14 15:04:54,533 INFO:Total games: 6210
2024-06-14 15:06:20,136 INFO:Total games: 6220
2024-06-14 15:07:46,516 INFO:Total games: 6230
2024-06-14 15:09:09,749 INFO:Total games: 6240
2024-06-14 15:10:33,801 INFO:Total games: 6250
2024-06-14 15:11:58,305 INFO:Total games: 6260
2024-06-14 15:13:31,004 INFO:Total games: 6270
2024-06-14 15:15:24,830 INFO:Total games: 6280
2024-06-14 15:17:18,120 INFO:Total games: 6290
2024-06-14 15:18:46,314 INFO:Total games: 6300
2024-06-14 15:20:09,897 INFO:Total games: 6310
2024-06-14 15:25:43,315 INFO:Total games: 6320
2024-06-14 15:27:01,080 INFO:Total games: 6330
2024-06-14 15:28:36,187 INFO:Total games: 6340
2024-06-14 15:29:41,899 INFO:Total games: 6350
2024-06-14 15:31:19,745 INFO:Total games: 6360
2024-06-14 15:32:57,568 INFO:Total games: 6370
2024-06-14 15:34:33,243 INFO:Total games: 6380
2024-06-14 15:36:01,439 INFO:Total games: 6390
2024-06-14 15:37:30,911 INFO:Total games: 6400
2024-06-14 15:39:23,314 INFO:Total games: 6410
2024-06-14 15:40:47,783 INFO:Total games: 6420
2024-06-14 15:42:16,274 INFO:Total games: 6430
2024-06-14 15:43:46,230 INFO:Total games: 6440
2024-06-14 15:45:21,562 INFO:Total games: 6450
2024-06-14 15:47:06,824 INFO:Total games: 6460
2024-06-14 15:48:43,081 INFO:Total games: 6470
2024-06-14 15:50:21,753 INFO:Total games: 6480
2024-06-14 15:51:52,021 INFO:Total games: 6490
2024-06-14 15:53:20,423 INFO:Total games: 6500
2024-06-14 15:54:42,452 INFO:Total games: 6510
2024-06-14 15:56:05,092 INFO:Total games: 6520
2024-06-14 15:57:26,402 INFO:Total games: 6530
2024-06-14 15:58:48,112 INFO:Total games: 6540
2024-06-14 16:00:23,515 INFO:Total games: 6550
2024-06-14 16:01:58,712 INFO:Total games: 6560
2024-06-14 16:03:39,897 INFO:Total games: 6570
2024-06-14 16:05:05,609 INFO:Total games: 6580
2024-06-14 16:06:28,398 INFO:Total games: 6590
2024-06-14 16:07:45,287 INFO:Total games: 6600
2024-06-14 16:09:25,083 INFO:Total games: 6610
2024-06-14 16:11:06,936 INFO:Total games: 6620
2024-06-14 16:12:25,523 INFO:Total games: 6630
2024-06-14 16:13:45,412 INFO:Total games: 6640
2024-06-14 16:15:06,241 INFO:Total games: 6650
2024-06-14 16:16:28,999 INFO:Total games: 6660
2024-06-14 16:18:04,492 INFO:Total games: 6670
2024-06-14 16:19:18,327 INFO:Total games: 6680
2024-06-14 16:20:39,945 INFO:Total games: 6690
2024-06-14 16:22:11,807 INFO:Total games: 6700
2024-06-14 16:23:50,750 INFO:Total games: 6710
2024-06-14 16:25:49,383 INFO:Total games: 6720
2024-06-14 16:27:27,335 INFO:Total games: 6730
2024-06-14 16:28:37,623 INFO:Total games: 6740
2024-06-14 16:30:10,185 INFO:Total games: 6750
2024-06-14 16:31:43,327 INFO:Total games: 6760
2024-06-14 16:33:25,304 INFO:Total games: 6770
2024-06-14 16:34:53,998 INFO:Total games: 6780
2024-06-14 16:36:22,133 INFO:Total games: 6790
2024-06-14 16:37:45,770 INFO:Total games: 6800
2024-06-14 16:39:11,510 INFO:Total games: 6810
2024-06-14 16:40:25,885 INFO:Total games: 6820
2024-06-14 16:42:22,814 INFO:Total games: 6830
2024-06-14 16:44:08,024 INFO:Total games: 6840
2024-06-14 16:45:57,786 INFO:Total games: 6850
2024-06-14 16:48:01,168 INFO:Total games: 6860
2024-06-14 16:49:28,817 INFO:Total games: 6870
2024-06-14 16:56:08,990 INFO:Total games: 6880
2024-06-14 16:57:25,226 INFO:Total games: 6890
2024-06-14 16:58:31,518 INFO:Total games: 6900
2024-06-14 17:00:12,392 INFO:Total games: 6910
2024-06-14 17:01:57,497 INFO:Total games: 6920
2024-06-14 17:03:33,160 INFO:Total games: 6930
2024-06-14 17:05:17,975 INFO:Total games: 6940
2024-06-14 17:07:02,551 INFO:Total games: 6950
2024-06-14 17:08:28,660 INFO:Total games: 6960
2024-06-14 17:09:49,110 INFO:Total games: 6970
2024-06-14 17:11:05,257 INFO:Total games: 6980
2024-06-14 17:12:52,698 INFO:Total games: 6990
2024-06-14 17:14:42,203 INFO:Total games: 7000
2024-06-14 17:16:16,862 INFO:Total games: 7010
2024-06-14 17:17:58,180 INFO:Total games: 7020
2024-06-14 17:19:44,846 INFO:Total games: 7030
2024-06-14 17:21:06,404 INFO:Total games: 7040
2024-06-14 17:22:21,543 INFO:Total games: 7050
2024-06-14 17:23:47,242 INFO:Total games: 7060
2024-06-14 17:25:43,669 INFO:Total games: 7070
2024-06-14 17:27:12,174 INFO:Total games: 7080
2024-06-14 17:28:33,450 INFO:Total games: 7090
2024-06-14 17:29:59,943 INFO:Total games: 7100
2024-06-14 17:31:26,191 INFO:Total games: 7110
2024-06-14 17:32:46,117 INFO:Total games: 7120
2024-06-14 17:33:54,138 INFO:Total games: 7130
2024-06-14 17:35:16,418 INFO:Total games: 7140
2024-06-14 17:37:03,922 INFO:Total games: 7150
2024-06-14 17:38:30,855 INFO:Total games: 7160
2024-06-14 17:40:07,352 INFO:Total games: 7170
2024-06-14 17:41:53,382 INFO:Total games: 7180
2024-06-14 17:43:09,985 INFO:Total games: 7190
2024-06-14 17:44:35,360 INFO:Total games: 7200
2024-06-14 17:46:09,622 INFO:Total games: 7210
2024-06-14 17:47:32,151 INFO:Total games: 7220
2024-06-14 17:49:00,168 INFO:Total games: 7230
2024-06-14 17:50:26,662 INFO:Total games: 7240
2024-06-14 17:51:54,780 INFO:Total games: 7250
2024-06-14 17:53:13,920 INFO:Total games: 7260
2024-06-14 17:54:19,871 INFO:Total games: 7270
2024-06-14 17:55:43,822 INFO:Total games: 7280
2024-06-14 17:57:20,155 INFO:Total games: 7290
2024-06-14 17:58:43,413 INFO:Total games: 7300
2024-06-14 18:00:17,845 INFO:Total games: 7310
2024-06-14 18:01:43,652 INFO:Total games: 7320
2024-06-14 18:03:05,200 INFO:Total games: 7330
2024-06-14 18:04:43,792 INFO:Total games: 7340
2024-06-14 18:06:10,712 INFO:Total games: 7350
2024-06-14 18:07:36,540 INFO:Total games: 7360
2024-06-14 18:09:11,623 INFO:Total games: 7370
2024-06-14 18:11:01,752 INFO:Total games: 7380
2024-06-14 18:13:01,859 INFO:Total games: 7390
2024-06-14 18:14:38,667 INFO:Total games: 7400
2024-06-14 18:16:25,873 INFO:Total games: 7410
2024-06-14 18:18:07,042 INFO:Total games: 7420
2024-06-14 18:19:36,489 INFO:Total games: 7430
2024-06-14 18:24:48,667 INFO:Total games: 7440
2024-06-14 18:26:17,963 INFO:Total games: 7450
2024-06-14 18:28:02,052 INFO:Total games: 7460
2024-06-14 18:29:24,341 INFO:Total games: 7470
2024-06-14 18:31:01,468 INFO:Total games: 7480
2024-06-14 18:32:34,848 INFO:Total games: 7490
2024-06-14 18:34:02,151 INFO:Total games: 7500
2024-06-14 18:35:33,283 INFO:Total games: 7510
2024-06-14 18:37:13,788 INFO:Total games: 7520
2024-06-14 18:38:46,742 INFO:Total games: 7530
2024-06-14 18:40:00,031 INFO:Total games: 7540
2024-06-14 18:41:32,844 INFO:Total games: 7550
2024-06-14 18:43:00,334 INFO:Total games: 7560
2024-06-14 18:44:38,994 INFO:Total games: 7570
2024-06-14 18:46:18,534 INFO:Total games: 7580
2024-06-14 18:48:09,350 INFO:Total games: 7590
2024-06-14 18:49:44,156 INFO:Total games: 7600
2024-06-14 18:51:38,690 INFO:Total games: 7610
2024-06-14 18:53:09,164 INFO:Total games: 7620
2024-06-14 18:54:30,073 INFO:Total games: 7630
2024-06-14 18:56:07,040 INFO:Total games: 7640
2024-06-14 18:57:31,173 INFO:Total games: 7650
2024-06-14 18:59:08,368 INFO:Total games: 7660
2024-06-14 19:00:35,951 INFO:Total games: 7670
2024-06-14 19:01:59,996 INFO:Total games: 7680
2024-06-14 19:03:50,768 INFO:Total games: 7690
2024-06-14 19:05:28,336 INFO:Total games: 7700
2024-06-14 19:07:09,947 INFO:Total games: 7710
2024-06-14 19:08:26,762 INFO:Total games: 7720
2024-06-14 19:10:18,563 INFO:Total games: 7730
2024-06-14 19:12:03,675 INFO:Total games: 7740
2024-06-14 19:13:40,078 INFO:Total games: 7750
2024-06-14 19:15:16,558 INFO:Total games: 7760
2024-06-14 19:16:48,887 INFO:Total games: 7770
2024-06-14 19:17:53,343 INFO:Total games: 7780
2024-06-14 19:19:13,017 INFO:Total games: 7790
2024-06-14 19:20:58,092 INFO:Total games: 7800
2024-06-14 19:22:48,751 INFO:Total games: 7810
2024-06-14 19:24:26,215 INFO:Total games: 7820
2024-06-14 19:25:47,627 INFO:Total games: 7830
2024-06-14 19:27:16,859 INFO:Total games: 7840
2024-06-14 19:28:49,139 INFO:Total games: 7850
2024-06-14 19:30:23,544 INFO:Total games: 7860
2024-06-14 19:31:52,738 INFO:Total games: 7870
2024-06-14 19:33:27,504 INFO:Total games: 7880
2024-06-14 19:35:01,140 INFO:Total games: 7890
2024-06-14 19:36:33,176 INFO:Total games: 7900
2024-06-14 19:37:59,115 INFO:Total games: 7910
2024-06-14 19:39:20,112 INFO:Total games: 7920
2024-06-14 19:40:42,685 INFO:Total games: 7930
2024-06-14 19:42:39,531 INFO:Total games: 7940
2024-06-14 19:44:16,538 INFO:Total games: 7950
2024-06-14 19:46:07,261 INFO:Total games: 7960
2024-06-14 19:47:27,308 INFO:Total games: 7970
2024-06-14 19:48:41,299 INFO:Total games: 7980
2024-06-14 19:54:17,276 INFO:Total games: 7990
2024-06-14 19:54:17,495 INFO:Loaded new best model
2024-06-14 19:55:44,230 INFO:Total games: 8000
2024-06-14 19:57:21,963 INFO:Total games: 8010
2024-06-14 19:58:41,512 INFO:Total games: 8020
2024-06-14 20:00:14,861 INFO:Total games: 8030
2024-06-14 20:01:45,211 INFO:Total games: 8040
2024-06-14 20:03:30,259 INFO:Total games: 8050
2024-06-14 20:04:58,263 INFO:Total games: 8060
2024-06-14 20:06:07,189 INFO:Total games: 8070
2024-06-14 20:07:41,266 INFO:Total games: 8080
2024-06-14 20:09:10,647 INFO:Total games: 8090
2024-06-14 20:10:48,180 INFO:Total games: 8100
2024-06-14 20:12:25,047 INFO:Total games: 8110
2024-06-14 20:13:48,436 INFO:Total games: 8120
2024-06-14 20:15:19,021 INFO:Total games: 8130
2024-06-14 20:17:01,028 INFO:Total games: 8140
2024-06-14 20:18:37,510 INFO:Total games: 8150
2024-06-14 20:20:38,414 INFO:Total games: 8160
2024-06-14 20:21:54,462 INFO:Total games: 8170
2024-06-14 20:23:32,046 INFO:Total games: 8180
2024-06-14 20:25:17,891 INFO:Total games: 8190
2024-06-14 20:26:45,189 INFO:Total games: 8200
2024-06-14 20:28:25,082 INFO:Total games: 8210
2024-06-14 20:29:52,896 INFO:Total games: 8220
2024-06-14 20:31:20,430 INFO:Total games: 8230
2024-06-14 20:32:44,559 INFO:Total games: 8240
2024-06-14 20:34:21,865 INFO:Total games: 8250
2024-06-14 20:35:58,048 INFO:Total games: 8260
2024-06-14 20:37:30,036 INFO:Total games: 8270
2024-06-14 20:39:05,456 INFO:Total games: 8280
2024-06-14 20:40:30,067 INFO:Total games: 8290
2024-06-14 20:42:01,924 INFO:Total games: 8300
2024-06-14 20:43:05,574 INFO:Total games: 8310
2024-06-14 20:44:39,515 INFO:Total games: 8320
2024-06-14 20:46:08,475 INFO:Total games: 8330
2024-06-14 20:47:31,869 INFO:Total games: 8340
2024-06-14 20:49:09,960 INFO:Total games: 8350
2024-06-14 20:50:25,882 INFO:Total games: 8360
2024-06-14 20:52:00,892 INFO:Total games: 8370
2024-06-14 20:53:17,308 INFO:Total games: 8380
2024-06-14 20:54:52,198 INFO:Total games: 8390
2024-06-14 20:56:27,747 INFO:Total games: 8400
2024-06-14 20:57:45,887 INFO:Total games: 8410
2024-06-14 20:59:01,916 INFO:Total games: 8420
2024-06-14 21:00:34,287 INFO:Total games: 8430
2024-06-14 21:01:54,768 INFO:Total games: 8440
2024-06-14 21:03:21,022 INFO:Total games: 8450
2024-06-14 21:04:46,334 INFO:Total games: 8460
2024-06-14 21:06:05,065 INFO:Total games: 8470
2024-06-14 21:07:29,674 INFO:Total games: 8480
2024-06-14 21:08:42,660 INFO:Total games: 8490
2024-06-14 21:10:40,391 INFO:Total games: 8500
2024-06-14 21:12:29,503 INFO:Total games: 8510
2024-06-14 21:14:16,162 INFO:Total games: 8520
2024-06-14 21:15:41,468 INFO:Total games: 8530
2024-06-14 21:17:18,094 INFO:Total games: 8540
2024-06-14 21:18:14,614 INFO:Total games: 8550
2024-06-14 21:23:06,889 INFO:Loaded new best model
2024-06-14 21:23:18,828 INFO:Total games: 8560
2024-06-14 21:24:46,597 INFO:Total games: 8570
2024-06-14 21:26:14,167 INFO:Total games: 8580
2024-06-14 21:27:38,514 INFO:Total games: 8590
2024-06-14 21:29:12,247 INFO:Total games: 8600
2024-06-14 21:30:43,172 INFO:Total games: 8610
2024-06-14 21:32:25,030 INFO:Total games: 8620
2024-06-14 21:34:07,566 INFO:Total games: 8630
2024-06-14 21:35:41,221 INFO:Total games: 8640
2024-06-14 21:37:02,735 INFO:Total games: 8650
2024-06-14 21:38:30,471 INFO:Total games: 8660
2024-06-14 21:40:09,874 INFO:Total games: 8670
2024-06-14 21:41:46,119 INFO:Total games: 8680
2024-06-14 21:42:59,526 INFO:Total games: 8690
2024-06-14 21:44:21,710 INFO:Total games: 8700
2024-06-14 21:45:52,537 INFO:Total games: 8710
2024-06-14 21:47:24,976 INFO:Total games: 8720
2024-06-14 21:48:40,769 INFO:Total games: 8730
2024-06-14 21:50:14,654 INFO:Total games: 8740
2024-06-14 21:51:35,300 INFO:Total games: 8750
2024-06-14 21:53:00,501 INFO:Total games: 8760
2024-06-14 21:54:27,451 INFO:Total games: 8770
2024-06-14 21:55:43,349 INFO:Total games: 8780
2024-06-14 21:57:11,610 INFO:Total games: 8790
2024-06-14 21:58:46,762 INFO:Total games: 8800
2024-06-14 22:00:10,622 INFO:Total games: 8810
2024-06-14 22:01:26,022 INFO:Total games: 8820
2024-06-14 22:03:18,942 INFO:Total games: 8830
2024-06-14 22:04:53,563 INFO:Total games: 8840
2024-06-14 22:06:12,313 INFO:Total games: 8850
2024-06-14 22:07:39,885 INFO:Total games: 8860
2024-06-14 22:09:05,429 INFO:Total games: 8870
2024-06-14 22:10:44,247 INFO:Total games: 8880
2024-06-14 22:12:18,774 INFO:Total games: 8890
2024-06-14 22:13:30,496 INFO:Total games: 8900
2024-06-14 22:15:12,581 INFO:Total games: 8910
2024-06-14 22:16:41,056 INFO:Total games: 8920
2024-06-14 22:17:51,181 INFO:Total games: 8930
2024-06-14 22:19:26,761 INFO:Total games: 8940
2024-06-14 22:21:06,478 INFO:Total games: 8950
2024-06-14 22:22:41,859 INFO:Total games: 8960
2024-06-14 22:24:07,908 INFO:Total games: 8970
2024-06-14 22:26:02,015 INFO:Total games: 8980
2024-06-14 22:27:44,193 INFO:Total games: 8990
2024-06-14 22:29:13,680 INFO:Total games: 9000
2024-06-14 22:30:24,951 INFO:Total games: 9010
2024-06-14 22:31:51,758 INFO:Total games: 9020
2024-06-14 22:33:24,529 INFO:Total games: 9030
2024-06-14 22:35:19,901 INFO:Total games: 9040
2024-06-14 22:36:53,714 INFO:Total games: 9050
2024-06-14 22:38:22,146 INFO:Total games: 9060
2024-06-14 22:39:50,506 INFO:Total games: 9070
2024-06-14 22:41:46,933 INFO:Total games: 9080
2024-06-14 22:43:14,996 INFO:Total games: 9090
2024-06-14 22:44:38,810 INFO:Total games: 9100
2024-06-14 22:46:19,816 INFO:Total games: 9110
2024-06-14 22:47:29,466 INFO:Total games: 9120
2024-06-14 22:53:34,981 INFO:Total games: 9130
2024-06-14 22:54:53,708 INFO:Loaded new best model
2024-06-14 22:55:16,399 INFO:Total games: 9140
2024-06-14 22:56:40,329 INFO:Total games: 9150
2024-06-14 22:58:12,611 INFO:Total games: 9160
2024-06-14 22:59:39,866 INFO:Total games: 9170
2024-06-14 23:01:18,855 INFO:Total games: 9180
2024-06-14 23:02:52,761 INFO:Total games: 9190
2024-06-14 23:04:20,342 INFO:Total games: 9200
2024-06-14 23:05:41,975 INFO:Total games: 9210
2024-06-14 23:07:15,663 INFO:Total games: 9220
2024-06-14 23:08:50,348 INFO:Total games: 9230
2024-06-14 23:10:23,140 INFO:Total games: 9240
2024-06-14 23:11:36,351 INFO:Total games: 9250
2024-06-14 23:13:16,610 INFO:Total games: 9260
2024-06-14 23:14:57,934 INFO:Total games: 9270
2024-06-14 23:16:27,528 INFO:Total games: 9280
2024-06-14 23:18:10,142 INFO:Total games: 9290
2024-06-14 23:19:45,261 INFO:Total games: 9300
2024-06-14 23:21:15,811 INFO:Total games: 9310
2024-06-14 23:22:48,806 INFO:Total games: 9320
2024-06-14 23:24:22,174 INFO:Total games: 9330
2024-06-14 23:25:46,692 INFO:Total games: 9340
2024-06-14 23:27:09,728 INFO:Total games: 9350
2024-06-14 23:28:36,441 INFO:Total games: 9360
2024-06-14 23:30:14,447 INFO:Total games: 9370
2024-06-14 23:31:25,560 INFO:Total games: 9380
2024-06-14 23:33:01,592 INFO:Total games: 9390
2024-06-14 23:34:14,360 INFO:Total games: 9400
2024-06-14 23:35:56,918 INFO:Total games: 9410
2024-06-14 23:36:36,897 INFO:Ending
2024-06-14 23:36:36,898 INFO:Duration: 1 days, 1 hours, 6 minutes, 56 seconds
2024-06-14 23:43:22,422 INFO:Starting
2024-06-14 23:44:41,781 INFO:Total games: 10
2024-06-14 23:46:22,491 INFO:Total games: 20
2024-06-14 23:46:38,132 INFO:Ending
2024-06-14 23:46:38,132 INFO:Duration: 0 days, 0 hours, 3 minutes, 15 seconds
2024-06-14 23:47:35,002 INFO:Starting
2024-06-14 23:49:07,148 INFO:Total games: 10
2024-06-14 23:50:53,341 INFO:Total games: 20
2024-06-14 23:52:34,588 INFO:Total games: 30
2024-06-14 23:54:09,825 INFO:Total games: 40
2024-06-14 23:55:31,066 INFO:Total games: 50
2024-06-14 23:56:48,612 INFO:Total games: 60
2024-06-15 00:03:42,433 INFO:Total games: 70
2024-06-15 00:05:15,417 INFO:Total games: 80
2024-06-15 00:06:42,819 INFO:Total games: 90
2024-06-15 00:08:10,638 INFO:Total games: 100
2024-06-15 00:09:57,263 INFO:Total games: 110
2024-06-15 00:11:26,330 INFO:Total games: 120
2024-06-15 00:12:52,658 INFO:Total games: 130
2024-06-15 00:14:24,439 INFO:Total games: 140
2024-06-15 00:16:06,512 INFO:Total games: 150
2024-06-15 00:17:39,859 INFO:Total games: 160
2024-06-15 00:19:03,320 INFO:Total games: 170
2024-06-15 00:20:40,049 INFO:Total games: 180
2024-06-15 00:22:35,880 INFO:Total games: 190
2024-06-15 00:24:15,126 INFO:Total games: 200
2024-06-15 00:25:48,423 INFO:Total games: 210
2024-06-15 00:27:13,427 INFO:Total games: 220
2024-06-15 00:28:32,388 INFO:Total games: 230
2024-06-15 00:29:58,900 INFO:Total games: 240
2024-06-15 00:31:28,968 INFO:Total games: 250
2024-06-15 00:32:51,193 INFO:Total games: 260
2024-06-15 00:34:22,196 INFO:Total games: 270
2024-06-15 00:35:50,379 INFO:Total games: 280
2024-06-15 00:37:35,723 INFO:Total games: 290
2024-06-15 00:39:04,831 INFO:Total games: 300
2024-06-15 00:40:46,876 INFO:Total games: 310
2024-06-15 00:42:02,722 INFO:Total games: 320
2024-06-15 00:43:20,855 INFO:Total games: 330
2024-06-15 00:48:41,341 INFO:Loaded new best model
2024-06-15 00:50:02,016 INFO:Total games: 340
2024-06-15 00:51:32,035 INFO:Total games: 350
2024-06-15 00:52:50,130 INFO:Total games: 360
2024-06-15 00:54:03,870 INFO:Total games: 370
2024-06-15 00:55:43,651 INFO:Total games: 380
2024-06-15 00:57:11,988 INFO:Total games: 390
2024-06-15 00:58:13,188 INFO:Total games: 400
2024-06-15 00:59:42,664 INFO:Total games: 410
2024-06-15 01:01:03,743 INFO:Total games: 420
2024-06-15 01:02:27,366 INFO:Total games: 430
2024-06-15 01:03:59,799 INFO:Total games: 440
2024-06-15 01:05:15,967 INFO:Total games: 450
2024-06-15 01:06:54,540 INFO:Total games: 460
2024-06-15 01:08:26,460 INFO:Total games: 470
2024-06-15 01:09:48,134 INFO:Total games: 480
2024-06-15 01:11:40,522 INFO:Total games: 490
2024-06-15 01:13:24,285 INFO:Total games: 500
2024-06-15 01:14:56,731 INFO:Total games: 510
2024-06-15 01:16:31,634 INFO:Total games: 520
2024-06-15 01:17:58,423 INFO:Total games: 530
2024-06-15 01:19:39,036 INFO:Total games: 540
2024-06-15 01:21:20,910 INFO:Total games: 550
2024-06-15 01:22:38,878 INFO:Total games: 560
2024-06-15 01:24:20,361 INFO:Total games: 570
2024-06-15 01:25:49,034 INFO:Total games: 580
2024-06-15 01:27:16,661 INFO:Total games: 590
2024-06-15 01:28:51,132 INFO:Total games: 600
2024-06-15 01:30:17,008 INFO:Total games: 610
2024-06-15 01:31:46,679 INFO:Total games: 620
2024-06-15 01:33:19,470 INFO:Total games: 630
2024-06-15 01:34:47,409 INFO:Total games: 640
2024-06-15 01:36:19,382 INFO:Total games: 650
2024-06-15 01:37:43,860 INFO:Total games: 660
2024-06-15 01:39:11,507 INFO:Total games: 670
2024-06-15 01:40:49,304 INFO:Total games: 680
2024-06-15 01:42:25,880 INFO:Total games: 690
2024-06-15 01:43:48,047 INFO:Total games: 700
2024-06-15 01:45:05,502 INFO:Total games: 710
2024-06-15 01:46:32,504 INFO:Total games: 720
2024-06-15 01:48:04,661 INFO:Total games: 730
2024-06-15 01:49:41,283 INFO:Total games: 740
2024-06-15 01:50:57,018 INFO:Total games: 750
2024-06-15 01:52:25,991 INFO:Total games: 760
2024-06-15 01:54:03,054 INFO:Total games: 770
2024-06-15 01:55:30,960 INFO:Total games: 780
2024-06-15 01:56:56,031 INFO:Total games: 790
2024-06-15 01:58:39,316 INFO:Total games: 800
2024-06-15 01:59:58,354 INFO:Total games: 810
2024-06-15 02:01:35,675 INFO:Total games: 820
2024-06-15 02:02:54,091 INFO:Total games: 830
2024-06-15 02:04:32,004 INFO:Total games: 840
2024-06-15 02:06:05,206 INFO:Total games: 850
2024-06-15 02:07:27,705 INFO:Total games: 860
2024-06-15 02:09:00,752 INFO:Total games: 870
2024-06-15 02:10:23,426 INFO:Total games: 880
2024-06-15 02:11:58,021 INFO:Total games: 890
2024-06-15 02:13:34,344 INFO:Total games: 900
2024-06-15 02:21:30,985 INFO:Total games: 910
2024-06-15 02:23:05,873 INFO:Total games: 920
2024-06-15 02:24:24,607 INFO:Total games: 930
2024-06-15 02:25:54,714 INFO:Total games: 940
2024-06-15 02:26:55,125 INFO:Total games: 950
2024-06-15 02:28:26,653 INFO:Total games: 960
2024-06-15 02:30:07,104 INFO:Total games: 970
2024-06-15 02:31:40,993 INFO:Total games: 980
2024-06-15 02:33:13,365 INFO:Total games: 990
2024-06-15 02:35:03,945 INFO:Total games: 1000
2024-06-15 02:36:35,557 INFO:Total games: 1010
2024-06-15 02:38:11,893 INFO:Total games: 1020
2024-06-15 02:39:47,014 INFO:Total games: 1030
2024-06-15 02:41:17,861 INFO:Total games: 1040
2024-06-15 02:42:49,772 INFO:Total games: 1050
2024-06-15 02:44:33,660 INFO:Total games: 1060
2024-06-15 02:46:06,330 INFO:Total games: 1070
2024-06-15 02:47:16,714 INFO:Total games: 1080
2024-06-15 02:49:11,805 INFO:Total games: 1090
2024-06-15 02:50:57,352 INFO:Total games: 1100
2024-06-15 02:52:48,722 INFO:Total games: 1110
2024-06-15 02:54:32,768 INFO:Total games: 1120
2024-06-15 02:55:54,283 INFO:Total games: 1130
2024-06-15 02:57:35,798 INFO:Total games: 1140
2024-06-15 02:59:18,006 INFO:Total games: 1150
2024-06-15 03:00:51,709 INFO:Total games: 1160
2024-06-15 03:02:07,513 INFO:Total games: 1170
2024-06-15 03:03:26,357 INFO:Total games: 1180
2024-06-15 03:05:08,924 INFO:Total games: 1190
2024-06-15 03:06:47,976 INFO:Total games: 1200
2024-06-15 03:08:12,254 INFO:Total games: 1210
2024-06-15 03:09:30,178 INFO:Total games: 1220
2024-06-15 03:11:21,267 INFO:Total games: 1230
2024-06-15 03:12:45,609 INFO:Total games: 1240
2024-06-15 03:14:22,784 INFO:Total games: 1250
2024-06-15 03:15:51,898 INFO:Total games: 1260
2024-06-15 03:17:21,772 INFO:Total games: 1270
2024-06-15 03:18:53,835 INFO:Total games: 1280
2024-06-15 03:20:11,870 INFO:Total games: 1290
2024-06-15 03:21:42,617 INFO:Total games: 1300
2024-06-15 03:23:14,558 INFO:Total games: 1310
2024-06-15 03:24:45,589 INFO:Total games: 1320
2024-06-15 03:26:34,938 INFO:Total games: 1330
2024-06-15 03:28:27,712 INFO:Total games: 1340
2024-06-15 03:29:59,245 INFO:Total games: 1350
2024-06-15 03:31:34,970 INFO:Total games: 1360
2024-06-15 03:33:05,010 INFO:Total games: 1370
2024-06-15 03:34:13,329 INFO:Total games: 1380
2024-06-15 03:35:45,268 INFO:Total games: 1390
2024-06-15 03:37:28,078 INFO:Total games: 1400
2024-06-15 03:39:15,154 INFO:Total games: 1410
2024-06-15 03:40:58,763 INFO:Total games: 1420
2024-06-15 03:42:39,735 INFO:Total games: 1430
2024-06-15 03:44:20,598 INFO:Total games: 1440
2024-06-15 03:45:45,695 INFO:Total games: 1450
2024-06-15 03:46:43,654 INFO:Total games: 1460
2024-06-15 03:52:42,844 INFO:Total games: 1470
2024-06-15 03:54:27,943 INFO:Total games: 1480
2024-06-15 03:55:48,072 INFO:Total games: 1490
2024-06-15 03:57:15,850 INFO:Total games: 1500
2024-06-15 03:58:47,896 INFO:Total games: 1510
2024-06-15 04:00:25,417 INFO:Total games: 1520
2024-06-15 04:01:48,951 INFO:Total games: 1530
2024-06-15 04:03:04,504 INFO:Total games: 1540
2024-06-15 04:04:23,720 INFO:Total games: 1550
2024-06-15 04:05:52,388 INFO:Total games: 1560
2024-06-15 04:07:21,552 INFO:Total games: 1570
2024-06-15 04:08:55,461 INFO:Total games: 1580
2024-06-15 04:10:16,664 INFO:Total games: 1590
2024-06-15 04:11:47,510 INFO:Total games: 1600
2024-06-15 04:13:15,019 INFO:Total games: 1610
2024-06-15 04:14:59,960 INFO:Total games: 1620
2024-06-15 04:16:13,886 INFO:Total games: 1630
2024-06-15 04:18:15,077 INFO:Total games: 1640
2024-06-15 04:20:03,831 INFO:Total games: 1650
2024-06-15 04:21:29,289 INFO:Total games: 1660
2024-06-15 04:23:07,793 INFO:Total games: 1670
2024-06-15 04:24:24,046 INFO:Total games: 1680
2024-06-15 04:26:24,420 INFO:Total games: 1690
2024-06-15 04:28:10,617 INFO:Total games: 1700
2024-06-15 04:29:49,445 INFO:Total games: 1710
2024-06-15 04:31:33,583 INFO:Total games: 1720
2024-06-15 04:33:16,529 INFO:Total games: 1730
2024-06-15 04:34:45,775 INFO:Total games: 1740
2024-06-15 04:36:12,277 INFO:Total games: 1750
2024-06-15 04:37:33,867 INFO:Total games: 1760
2024-06-15 04:38:35,461 INFO:Total games: 1770
2024-06-15 04:40:01,519 INFO:Total games: 1780
2024-06-15 04:41:41,614 INFO:Total games: 1790
2024-06-15 04:43:33,895 INFO:Total games: 1800
2024-06-15 04:45:08,672 INFO:Total games: 1810
2024-06-15 04:46:32,817 INFO:Total games: 1820
2024-06-15 04:47:48,236 INFO:Total games: 1830
2024-06-15 04:49:06,778 INFO:Total games: 1840
2024-06-15 04:50:36,095 INFO:Total games: 1850
2024-06-15 04:52:10,595 INFO:Total games: 1860
2024-06-15 04:53:31,111 INFO:Total games: 1870
2024-06-15 04:55:11,504 INFO:Total games: 1880
2024-06-15 04:56:47,542 INFO:Total games: 1890
2024-06-15 04:58:44,981 INFO:Total games: 1900
2024-06-15 05:00:20,792 INFO:Total games: 1910
2024-06-15 05:02:06,188 INFO:Total games: 1920
2024-06-15 05:03:40,385 INFO:Total games: 1930
2024-06-15 05:05:22,228 INFO:Total games: 1940
2024-06-15 05:07:16,795 INFO:Total games: 1950
2024-06-15 05:08:31,668 INFO:Total games: 1960
2024-06-15 05:10:10,880 INFO:Total games: 1970
2024-06-15 05:12:08,445 INFO:Total games: 1980
2024-06-15 05:14:02,148 INFO:Total games: 1990
2024-06-15 05:15:55,726 INFO:Total games: 2000
2024-06-15 05:17:34,773 INFO:Total games: 2010
2024-06-15 05:25:10,496 INFO:Total games: 2020
2024-06-15 05:26:33,856 INFO:Total games: 2030
2024-06-15 05:27:47,657 INFO:Total games: 2040
2024-06-15 05:29:23,938 INFO:Total games: 2050
2024-06-15 05:30:52,982 INFO:Total games: 2060
2024-06-15 05:32:29,791 INFO:Total games: 2070
2024-06-15 05:34:13,960 INFO:Total games: 2080
2024-06-15 05:35:34,025 INFO:Total games: 2090
2024-06-15 05:37:08,374 INFO:Total games: 2100
2024-06-15 05:38:38,180 INFO:Total games: 2110
2024-06-15 05:40:18,497 INFO:Total games: 2120
2024-06-15 05:41:44,327 INFO:Total games: 2130
2024-06-15 05:43:12,266 INFO:Total games: 2140
2024-06-15 05:44:28,964 INFO:Total games: 2150
2024-06-15 05:45:41,725 INFO:Total games: 2160
2024-06-15 05:47:07,079 INFO:Total games: 2170
2024-06-15 05:48:25,884 INFO:Total games: 2180
2024-06-15 05:49:42,250 INFO:Total games: 2190
2024-06-15 05:51:16,574 INFO:Total games: 2200
2024-06-15 05:52:48,901 INFO:Total games: 2210
2024-06-15 05:54:15,044 INFO:Total games: 2220
2024-06-15 05:55:48,800 INFO:Total games: 2230
2024-06-15 05:57:30,184 INFO:Total games: 2240
2024-06-15 05:58:49,455 INFO:Total games: 2250
2024-06-15 06:00:16,798 INFO:Total games: 2260
2024-06-15 06:01:48,730 INFO:Total games: 2270
2024-06-15 06:03:33,127 INFO:Total games: 2280
2024-06-15 06:04:26,784 INFO:Total games: 2290
2024-06-15 06:06:09,846 INFO:Total games: 2300
2024-06-15 06:07:23,238 INFO:Total games: 2310
2024-06-15 06:08:42,236 INFO:Total games: 2320
2024-06-15 06:10:15,181 INFO:Total games: 2330
2024-06-15 06:12:01,526 INFO:Total games: 2340
2024-06-15 06:13:30,588 INFO:Total games: 2350
2024-06-15 06:15:05,997 INFO:Total games: 2360
2024-06-15 06:16:23,494 INFO:Total games: 2370
2024-06-15 06:17:36,483 INFO:Total games: 2380
2024-06-15 06:18:44,713 INFO:Total games: 2390
2024-06-15 06:20:23,678 INFO:Total games: 2400
2024-06-15 06:21:56,323 INFO:Total games: 2410
2024-06-15 06:23:33,983 INFO:Total games: 2420
2024-06-15 06:24:57,832 INFO:Total games: 2430
2024-06-15 06:26:32,190 INFO:Total games: 2440
2024-06-15 06:28:12,107 INFO:Total games: 2450
2024-06-15 06:30:04,445 INFO:Total games: 2460
2024-06-15 06:31:14,164 INFO:Total games: 2470
2024-06-15 06:32:41,441 INFO:Total games: 2480
2024-06-15 06:34:24,034 INFO:Total games: 2490
2024-06-15 06:35:52,325 INFO:Total games: 2500
2024-06-15 06:37:35,690 INFO:Total games: 2510
2024-06-15 06:38:48,623 INFO:Total games: 2520
2024-06-15 06:40:16,425 INFO:Total games: 2530
2024-06-15 06:41:38,861 INFO:Total games: 2540
2024-06-15 06:43:11,197 INFO:Total games: 2550
2024-06-15 06:45:01,948 INFO:Total games: 2560
2024-06-15 06:46:55,913 INFO:Total games: 2570
2024-06-15 06:48:26,108 INFO:Total games: 2580
2024-06-15 06:49:53,843 INFO:Total games: 2590
2024-06-15 06:50:57,779 INFO:Total games: 2600
2024-06-15 06:57:44,402 INFO:Total games: 2610
2024-06-15 06:59:09,977 INFO:Total games: 2620
2024-06-15 07:00:21,064 INFO:Total games: 2630
2024-06-15 07:01:55,789 INFO:Total games: 2640
2024-06-15 07:03:29,665 INFO:Total games: 2650
2024-06-15 07:05:04,522 INFO:Total games: 2660
2024-06-15 07:06:33,369 INFO:Total games: 2670
2024-06-15 07:07:58,452 INFO:Total games: 2680
2024-06-15 07:09:55,124 INFO:Total games: 2690
2024-06-15 07:11:37,880 INFO:Total games: 2700
2024-06-15 07:13:10,875 INFO:Total games: 2710
2024-06-15 07:14:38,113 INFO:Total games: 2720
2024-06-15 07:16:01,835 INFO:Total games: 2730
2024-06-15 07:17:09,196 INFO:Total games: 2740
2024-06-15 07:18:55,925 INFO:Total games: 2750
2024-06-15 07:20:24,519 INFO:Total games: 2760
2024-06-15 07:22:04,639 INFO:Total games: 2770
2024-06-15 07:23:34,404 INFO:Total games: 2780
2024-06-15 07:25:09,639 INFO:Total games: 2790
2024-06-15 07:26:36,361 INFO:Total games: 2800
2024-06-15 07:27:52,729 INFO:Total games: 2810
2024-06-15 07:29:11,665 INFO:Total games: 2820
2024-06-15 07:31:01,329 INFO:Total games: 2830
2024-06-15 07:32:18,261 INFO:Total games: 2840
2024-06-15 07:33:41,137 INFO:Total games: 2850
2024-06-15 07:35:10,956 INFO:Total games: 2860
2024-06-15 07:36:33,725 INFO:Total games: 2870
2024-06-15 07:38:17,108 INFO:Total games: 2880
2024-06-15 07:40:09,268 INFO:Total games: 2890
2024-06-15 07:41:45,301 INFO:Total games: 2900
2024-06-15 07:43:03,074 INFO:Total games: 2910
2024-06-15 07:44:33,821 INFO:Total games: 2920
2024-06-15 07:46:05,897 INFO:Total games: 2930
2024-06-15 07:47:45,425 INFO:Total games: 2940
2024-06-15 07:49:32,258 INFO:Total games: 2950
2024-06-15 07:51:02,305 INFO:Total games: 2960
2024-06-15 07:52:19,076 INFO:Total games: 2970
2024-06-15 07:53:58,945 INFO:Total games: 2980
2024-06-15 07:55:30,514 INFO:Total games: 2990
2024-06-15 07:57:19,355 INFO:Total games: 3000
2024-06-15 07:58:46,452 INFO:Total games: 3010
2024-06-15 08:00:21,712 INFO:Total games: 3020
2024-06-15 08:01:58,025 INFO:Total games: 3030
2024-06-15 08:03:19,390 INFO:Total games: 3040
2024-06-15 08:05:12,124 INFO:Total games: 3050
2024-06-15 08:06:24,960 INFO:Total games: 3060
2024-06-15 08:08:01,566 INFO:Total games: 3070
2024-06-15 08:09:35,439 INFO:Total games: 3080
2024-06-15 08:11:09,838 INFO:Total games: 3090
2024-06-15 08:13:05,017 INFO:Total games: 3100
2024-06-15 08:14:54,093 INFO:Total games: 3110
2024-06-15 08:16:39,463 INFO:Total games: 3120
2024-06-15 08:18:22,481 INFO:Total games: 3130
2024-06-15 08:20:16,152 INFO:Total games: 3140
2024-06-15 08:26:08,477 INFO:Loaded new best model
2024-06-15 08:27:43,518 INFO:Total games: 3150
2024-06-15 08:29:15,076 INFO:Total games: 3160
2024-06-15 08:30:54,517 INFO:Total games: 3170
2024-06-15 08:32:35,943 INFO:Total games: 3180
2024-06-15 08:34:09,055 INFO:Total games: 3190
2024-06-15 08:35:34,873 INFO:Total games: 3200
2024-06-15 08:37:02,148 INFO:Total games: 3210
2024-06-15 08:38:38,764 INFO:Total games: 3220
2024-06-15 08:40:25,514 INFO:Total games: 3230
2024-06-15 08:42:02,450 INFO:Total games: 3240
2024-06-15 08:43:22,296 INFO:Total games: 3250
2024-06-15 08:44:56,624 INFO:Total games: 3260
2024-06-15 08:46:25,432 INFO:Total games: 3270
2024-06-15 08:48:02,361 INFO:Total games: 3280
2024-06-15 08:49:32,137 INFO:Total games: 3290
2024-06-15 08:51:08,649 INFO:Total games: 3300
2024-06-15 08:52:54,441 INFO:Total games: 3310
2024-06-15 08:54:35,225 INFO:Total games: 3320
2024-06-15 08:56:06,537 INFO:Total games: 3330
2024-06-15 08:57:34,847 INFO:Total games: 3340
2024-06-15 08:59:01,576 INFO:Total games: 3350
2024-06-15 09:00:25,845 INFO:Total games: 3360
2024-06-15 09:01:49,715 INFO:Total games: 3370
2024-06-15 09:03:29,636 INFO:Total games: 3380
2024-06-15 09:05:07,463 INFO:Total games: 3390
2024-06-15 09:06:32,318 INFO:Total games: 3400
2024-06-15 09:08:08,452 INFO:Total games: 3410
2024-06-15 09:09:32,765 INFO:Total games: 3420
2024-06-15 09:10:56,916 INFO:Total games: 3430
2024-06-15 09:12:19,486 INFO:Total games: 3440
2024-06-15 09:13:40,719 INFO:Total games: 3450
2024-06-15 09:15:20,284 INFO:Total games: 3460
2024-06-15 09:16:47,457 INFO:Total games: 3470
2024-06-15 09:18:26,653 INFO:Total games: 3480
2024-06-15 09:20:04,307 INFO:Total games: 3490
2024-06-15 09:22:01,310 INFO:Total games: 3500
2024-06-15 09:23:29,175 INFO:Total games: 3510
2024-06-15 09:25:09,469 INFO:Total games: 3520
2024-06-15 09:26:39,613 INFO:Total games: 3530
2024-06-15 09:27:51,755 INFO:Total games: 3540
2024-06-15 09:29:33,515 INFO:Total games: 3550
2024-06-15 09:31:04,181 INFO:Total games: 3560
2024-06-15 09:32:36,133 INFO:Total games: 3570
2024-06-15 09:34:02,453 INFO:Total games: 3580
2024-06-15 09:35:22,656 INFO:Total games: 3590
2024-06-15 09:36:57,038 INFO:Total games: 3600
2024-06-15 09:38:36,666 INFO:Total games: 3610
2024-06-15 09:40:01,195 INFO:Total games: 3620
2024-06-15 09:41:27,109 INFO:Total games: 3630
2024-06-15 09:43:03,073 INFO:Total games: 3640
2024-06-15 09:44:56,135 INFO:Total games: 3650
2024-06-15 09:46:57,208 INFO:Total games: 3660
2024-06-15 09:48:51,088 INFO:Total games: 3670
2024-06-15 09:50:36,258 INFO:Total games: 3680
2024-06-15 09:51:46,308 INFO:Total games: 3690
2024-06-15 09:58:49,805 INFO:Total games: 3700
2024-06-15 10:00:18,992 INFO:Total games: 3710
2024-06-15 10:01:40,130 INFO:Total games: 3720
2024-06-15 10:03:09,732 INFO:Total games: 3730
2024-06-15 10:04:41,778 INFO:Total games: 3740
2024-06-15 10:06:16,051 INFO:Total games: 3750
2024-06-15 10:08:00,202 INFO:Total games: 3760
2024-06-15 10:09:40,672 INFO:Total games: 3770
2024-06-15 10:11:11,705 INFO:Total games: 3780
2024-06-15 10:12:53,246 INFO:Total games: 3790
2024-06-15 10:14:02,619 INFO:Total games: 3800
2024-06-15 10:15:27,811 INFO:Total games: 3810
2024-06-15 10:16:57,331 INFO:Total games: 3820
2024-06-15 10:18:26,069 INFO:Total games: 3830
2024-06-15 10:19:57,667 INFO:Total games: 3840
2024-06-15 10:21:14,780 INFO:Total games: 3850
2024-06-15 10:22:47,829 INFO:Total games: 3860
2024-06-15 10:24:20,136 INFO:Total games: 3870
2024-06-15 10:25:32,556 INFO:Total games: 3880
2024-06-15 10:27:00,836 INFO:Total games: 3890
2024-06-15 10:28:40,841 INFO:Total games: 3900
2024-06-15 10:30:34,853 INFO:Total games: 3910
2024-06-15 10:32:20,378 INFO:Total games: 3920
2024-06-15 10:33:37,797 INFO:Total games: 3930
2024-06-15 10:34:57,310 INFO:Total games: 3940
2024-06-15 10:36:38,746 INFO:Total games: 3950
2024-06-15 10:38:13,784 INFO:Total games: 3960
2024-06-15 10:39:34,879 INFO:Total games: 3970
2024-06-15 10:40:42,573 INFO:Total games: 3980
2024-06-15 10:42:11,026 INFO:Total games: 3990
2024-06-15 10:43:34,422 INFO:Total games: 4000
2024-06-15 10:45:10,688 INFO:Total games: 4010
2024-06-15 10:46:30,886 INFO:Total games: 4020
2024-06-15 10:48:00,373 INFO:Total games: 4030
2024-06-15 10:49:49,885 INFO:Total games: 4040
2024-06-15 10:51:14,097 INFO:Total games: 4050
2024-06-15 10:52:28,092 INFO:Total games: 4060
2024-06-15 10:54:00,723 INFO:Total games: 4070
2024-06-15 10:55:14,596 INFO:Total games: 4080
2024-06-15 10:56:37,174 INFO:Total games: 4090
2024-06-15 10:57:59,987 INFO:Total games: 4100
2024-06-15 10:59:35,709 INFO:Total games: 4110
2024-06-15 11:01:18,585 INFO:Total games: 4120
2024-06-15 11:02:38,910 INFO:Total games: 4130
2024-06-15 11:04:07,108 INFO:Total games: 4140
2024-06-15 11:06:04,821 INFO:Total games: 4150
2024-06-15 11:07:28,284 INFO:Total games: 4160
2024-06-15 11:09:02,011 INFO:Total games: 4170
2024-06-15 11:10:21,528 INFO:Total games: 4180
2024-06-15 11:11:51,604 INFO:Total games: 4190
2024-06-15 11:13:37,821 INFO:Total games: 4200
2024-06-15 11:15:23,900 INFO:Total games: 4210
2024-06-15 11:17:13,137 INFO:Total games: 4220
2024-06-15 11:18:53,631 INFO:Total games: 4230
2024-06-15 11:20:34,568 INFO:Total games: 4240
2024-06-15 11:28:26,385 INFO:Total games: 4250
2024-06-15 11:30:14,759 INFO:Total games: 4260
2024-06-15 11:31:45,048 INFO:Total games: 4270
2024-06-15 11:32:54,425 INFO:Total games: 4280
2024-06-15 11:34:17,589 INFO:Total games: 4290
2024-06-15 11:35:39,880 INFO:Total games: 4300
2024-06-15 11:37:12,134 INFO:Total games: 4310
2024-06-15 11:38:43,209 INFO:Total games: 4320
2024-06-15 11:40:02,229 INFO:Total games: 4330
2024-06-15 11:41:26,940 INFO:Total games: 4340
2024-06-15 11:42:54,146 INFO:Total games: 4350
2024-06-15 11:44:25,338 INFO:Total games: 4360
2024-06-15 11:45:50,272 INFO:Total games: 4370
2024-06-15 11:47:26,197 INFO:Total games: 4380
2024-06-15 11:49:14,272 INFO:Total games: 4390
2024-06-15 11:50:35,881 INFO:Total games: 4400
2024-06-15 11:52:15,389 INFO:Total games: 4410
2024-06-15 11:53:50,154 INFO:Total games: 4420
2024-06-15 11:55:15,183 INFO:Total games: 4430
2024-06-15 11:56:46,419 INFO:Total games: 4440
2024-06-15 11:58:12,477 INFO:Total games: 4450
2024-06-15 11:59:27,904 INFO:Total games: 4460
2024-06-15 12:01:01,893 INFO:Total games: 4470
2024-06-15 12:02:18,110 INFO:Total games: 4480
2024-06-15 12:03:47,119 INFO:Total games: 4490
2024-06-15 12:05:15,576 INFO:Total games: 4500
2024-06-15 12:06:38,398 INFO:Total games: 4510
2024-06-15 12:08:02,932 INFO:Total games: 4520
2024-06-15 12:09:41,467 INFO:Total games: 4530
2024-06-15 12:11:13,466 INFO:Total games: 4540
2024-06-15 12:12:32,500 INFO:Total games: 4550
2024-06-15 12:13:55,788 INFO:Total games: 4560
2024-06-15 12:15:26,560 INFO:Total games: 4570
2024-06-15 12:16:52,755 INFO:Total games: 4580
2024-06-15 12:18:20,061 INFO:Total games: 4590
2024-06-15 12:19:51,749 INFO:Total games: 4600
2024-06-15 12:21:18,497 INFO:Total games: 4610
2024-06-15 12:22:44,041 INFO:Total games: 4620
2024-06-15 12:24:17,952 INFO:Total games: 4630
2024-06-15 12:26:00,790 INFO:Total games: 4640
2024-06-15 12:27:39,866 INFO:Total games: 4650
2024-06-15 12:29:10,410 INFO:Total games: 4660
2024-06-15 12:30:54,690 INFO:Total games: 4670
2024-06-15 12:32:23,583 INFO:Total games: 4680
2024-06-15 12:33:51,609 INFO:Total games: 4690
2024-06-15 12:35:28,511 INFO:Total games: 4700
2024-06-15 12:37:00,331 INFO:Total games: 4710
2024-06-15 12:38:47,475 INFO:Total games: 4720
2024-06-15 12:40:21,256 INFO:Total games: 4730
2024-06-15 12:41:54,550 INFO:Total games: 4740
2024-06-15 12:43:45,200 INFO:Total games: 4750
2024-06-15 12:45:18,504 INFO:Total games: 4760
2024-06-15 12:46:45,899 INFO:Total games: 4770
2024-06-15 12:47:56,869 INFO:Total games: 4780
2024-06-15 12:49:47,125 INFO:Total games: 4790
2024-06-15 12:51:25,934 INFO:Total games: 4800
2024-06-15 12:52:46,325 INFO:Total games: 4810
2024-06-15 12:58:37,918 INFO:Total games: 4820
2024-06-15 13:00:00,192 INFO:Total games: 4830
2024-06-15 13:01:25,812 INFO:Total games: 4840
2024-06-15 13:02:46,748 INFO:Total games: 4850
2024-06-15 13:04:20,447 INFO:Total games: 4860
2024-06-15 13:05:50,912 INFO:Total games: 4870
2024-06-15 13:07:32,304 INFO:Total games: 4880
2024-06-15 13:08:49,373 INFO:Total games: 4890
2024-06-15 13:10:30,104 INFO:Total games: 4900
2024-06-15 13:11:51,054 INFO:Total games: 4910
2024-06-15 13:13:12,117 INFO:Total games: 4920
2024-06-15 13:14:31,304 INFO:Total games: 4930
2024-06-15 13:15:54,589 INFO:Total games: 4940
2024-06-15 13:17:44,295 INFO:Total games: 4950
2024-06-15 13:19:23,650 INFO:Total games: 4960
2024-06-15 13:21:04,102 INFO:Total games: 4970
2024-06-15 13:22:31,508 INFO:Total games: 4980
2024-06-15 13:23:49,827 INFO:Total games: 4990
2024-06-15 13:25:16,593 INFO:Total games: 5000
2024-06-15 13:26:36,490 INFO:Total games: 5010
2024-06-15 13:27:49,468 INFO:Total games: 5020
2024-06-15 13:29:18,937 INFO:Total games: 5030
2024-06-15 13:30:54,954 INFO:Total games: 5040
2024-06-15 13:32:24,722 INFO:Total games: 5050
2024-06-15 13:33:59,838 INFO:Total games: 5060
2024-06-15 13:35:26,476 INFO:Total games: 5070
2024-06-15 13:37:13,288 INFO:Total games: 5080
2024-06-15 13:38:59,642 INFO:Total games: 5090
2024-06-15 13:41:07,759 INFO:Total games: 5100
2024-06-15 13:42:42,074 INFO:Total games: 5110
2024-06-15 13:44:11,186 INFO:Total games: 5120
2024-06-15 13:45:45,661 INFO:Total games: 5130
2024-06-15 13:47:19,568 INFO:Total games: 5140
2024-06-15 13:48:53,833 INFO:Total games: 5150
2024-06-15 13:50:07,439 INFO:Total games: 5160
2024-06-15 13:51:38,072 INFO:Total games: 5170
2024-06-15 13:53:05,398 INFO:Total games: 5180
2024-06-15 13:54:25,493 INFO:Total games: 5190
2024-06-15 13:55:56,945 INFO:Total games: 5200
2024-06-15 13:57:29,992 INFO:Total games: 5210
2024-06-15 13:58:50,660 INFO:Total games: 5220
2024-06-15 14:00:23,696 INFO:Total games: 5230
2024-06-15 14:01:38,022 INFO:Total games: 5240
2024-06-15 14:03:10,364 INFO:Total games: 5250
2024-06-15 14:04:46,408 INFO:Total games: 5260
2024-06-15 14:06:01,608 INFO:Total games: 5270
2024-06-15 14:07:28,573 INFO:Total games: 5280
2024-06-15 14:09:07,280 INFO:Total games: 5290
2024-06-15 14:10:38,392 INFO:Total games: 5300
2024-06-15 14:12:06,293 INFO:Total games: 5310
2024-06-15 14:13:37,421 INFO:Total games: 5320
2024-06-15 14:15:14,421 INFO:Total games: 5330
2024-06-15 14:17:50,966 INFO:Total games: 5340
2024-06-15 14:19:38,565 INFO:Total games: 5350
2024-06-15 14:21:09,358 INFO:Total games: 5360
2024-06-15 14:22:27,734 INFO:Total games: 5370
2024-06-15 14:23:26,235 INFO:Total games: 5380
2024-06-15 14:27:35,354 INFO:Loaded new best model
2024-06-15 14:29:01,478 INFO:Total games: 5390
2024-06-15 14:30:21,518 INFO:Total games: 5400
2024-06-15 14:31:52,739 INFO:Total games: 5410
2024-06-15 14:33:20,298 INFO:Total games: 5420
2024-06-15 14:34:56,630 INFO:Total games: 5430
2024-06-15 14:36:30,969 INFO:Total games: 5440
2024-06-15 14:37:49,759 INFO:Total games: 5450
2024-06-15 14:39:08,211 INFO:Total games: 5460
2024-06-15 14:40:23,598 INFO:Total games: 5470
2024-06-15 14:42:11,216 INFO:Total games: 5480
2024-06-15 14:43:40,778 INFO:Total games: 5490
2024-06-15 14:45:06,654 INFO:Total games: 5500
2024-06-15 14:46:51,610 INFO:Total games: 5510
2024-06-15 14:48:18,465 INFO:Total games: 5520
2024-06-15 14:50:02,261 INFO:Total games: 5530
2024-06-15 14:51:33,092 INFO:Total games: 5540
2024-06-15 14:53:11,159 INFO:Total games: 5550
2024-06-15 14:54:26,107 INFO:Total games: 5560
2024-06-15 14:56:07,446 INFO:Total games: 5570
2024-06-15 14:57:31,073 INFO:Total games: 5580
2024-06-15 14:58:54,700 INFO:Total games: 5590
2024-06-15 15:00:16,833 INFO:Total games: 5600
2024-06-15 15:01:40,882 INFO:Total games: 5610
2024-06-15 15:02:56,949 INFO:Total games: 5620
2024-06-15 15:04:28,329 INFO:Total games: 5630
2024-06-15 15:06:06,679 INFO:Total games: 5640
2024-06-15 15:08:05,755 INFO:Total games: 5650
2024-06-15 15:09:46,869 INFO:Total games: 5660
2024-06-15 15:11:10,003 INFO:Total games: 5670
2024-06-15 15:12:47,040 INFO:Total games: 5680
2024-06-15 15:14:22,389 INFO:Total games: 5690
2024-06-15 15:15:56,296 INFO:Total games: 5700
2024-06-15 15:17:43,133 INFO:Total games: 5710
2024-06-15 15:19:22,267 INFO:Total games: 5720
2024-06-15 15:20:51,537 INFO:Total games: 5730
2024-06-15 15:22:15,341 INFO:Total games: 5740
2024-06-15 15:23:35,068 INFO:Total games: 5750
2024-06-15 15:25:11,669 INFO:Total games: 5760
2024-06-15 15:26:41,627 INFO:Total games: 5770
2024-06-15 15:28:28,225 INFO:Total games: 5780
2024-06-15 15:29:55,952 INFO:Total games: 5790
2024-06-15 15:31:19,143 INFO:Total games: 5800
2024-06-15 15:32:34,116 INFO:Total games: 5810
2024-06-15 15:33:50,090 INFO:Total games: 5820
2024-06-15 15:35:11,584 INFO:Total games: 5830
2024-06-15 15:36:50,560 INFO:Total games: 5840
2024-06-15 15:38:41,505 INFO:Total games: 5850
2024-06-15 15:40:24,979 INFO:Total games: 5860
2024-06-15 15:42:08,081 INFO:Total games: 5870
2024-06-15 15:43:31,697 INFO:Total games: 5880
2024-06-15 15:45:07,283 INFO:Total games: 5890
2024-06-15 15:46:37,331 INFO:Total games: 5900
2024-06-15 15:48:36,018 INFO:Total games: 5910
2024-06-15 15:50:31,146 INFO:Total games: 5920
2024-06-15 15:52:19,944 INFO:Total games: 5930
2024-06-15 16:00:21,803 INFO:Total games: 5940
2024-06-15 16:02:01,873 INFO:Total games: 5950
2024-06-15 16:03:45,658 INFO:Total games: 5960
2024-06-15 16:05:38,852 INFO:Total games: 5970
2024-06-15 16:07:10,017 INFO:Total games: 5980
2024-06-15 16:08:19,294 INFO:Total games: 5990
2024-06-15 16:09:32,244 INFO:Total games: 6000
2024-06-15 16:10:43,193 INFO:Total games: 6010
2024-06-15 16:12:22,498 INFO:Total games: 6020
2024-06-15 16:14:00,408 INFO:Total games: 6030
2024-06-15 16:15:23,673 INFO:Total games: 6040
2024-06-15 16:16:50,260 INFO:Total games: 6050
2024-06-15 16:18:04,704 INFO:Total games: 6060
2024-06-15 16:19:24,022 INFO:Total games: 6070
2024-06-15 16:20:49,072 INFO:Total games: 6080
2024-06-15 16:22:18,673 INFO:Total games: 6090
2024-06-15 16:23:45,872 INFO:Total games: 6100
2024-06-15 16:25:03,513 INFO:Total games: 6110
2024-06-15 16:26:40,101 INFO:Total games: 6120
2024-06-15 16:28:17,450 INFO:Total games: 6130
2024-06-15 16:29:54,537 INFO:Total games: 6140
2024-06-15 16:31:45,824 INFO:Total games: 6150
2024-06-15 16:33:29,890 INFO:Total games: 6160
2024-06-15 16:35:20,651 INFO:Total games: 6170
2024-06-15 16:36:57,806 INFO:Total games: 6180
2024-06-15 16:38:39,153 INFO:Total games: 6190
2024-06-15 16:40:17,387 INFO:Total games: 6200
2024-06-15 16:41:43,107 INFO:Total games: 6210
2024-06-15 16:43:25,320 INFO:Total games: 6220
2024-06-15 16:44:40,483 INFO:Total games: 6230
2024-06-15 16:45:43,949 INFO:Total games: 6240
2024-06-15 16:47:11,956 INFO:Total games: 6250
2024-06-15 16:48:30,962 INFO:Total games: 6260
2024-06-15 16:50:00,926 INFO:Total games: 6270
2024-06-15 16:51:38,746 INFO:Total games: 6280
2024-06-15 16:53:00,828 INFO:Total games: 6290
2024-06-15 16:54:15,315 INFO:Total games: 6300
2024-06-15 16:55:56,758 INFO:Total games: 6310
2024-06-15 16:57:28,017 INFO:Total games: 6320
2024-06-15 16:58:57,705 INFO:Total games: 6330
2024-06-15 17:00:35,616 INFO:Total games: 6340
2024-06-15 17:07:05,829 INFO:Total games: 6350
2024-06-15 20:31:22,631 INFO:Total games: 6360
2024-06-16 01:21:00,493 INFO:Total games: 6370
2024-06-16 05:56:57,999 INFO:Total games: 6380
2024-06-16 08:16:43,747 INFO:Total games: 6390
2024-06-16 09:28:56,872 INFO:Total games: 6400
2024-06-16 10:39:55,859 INFO:Total games: 6410
2024-06-16 10:44:23,166 INFO:Total games: 6420
2024-06-16 10:45:43,471 INFO:Total games: 6430
2024-06-16 10:46:56,024 INFO:Total games: 6440
2024-06-16 10:48:23,248 INFO:Total games: 6450
2024-06-16 10:50:12,402 INFO:Total games: 6460
2024-06-16 10:51:45,340 INFO:Total games: 6470
2024-06-16 10:53:35,816 INFO:Total games: 6480
2024-06-16 10:55:16,903 INFO:Total games: 6490
2024-06-16 10:57:10,763 INFO:Total games: 6500
2024-06-16 11:03:39,850 INFO:Total games: 6510
2024-06-16 11:05:08,170 INFO:Total games: 6520
2024-06-16 11:06:44,744 INFO:Total games: 6530
2024-06-16 11:08:16,752 INFO:Total games: 6540
2024-06-16 11:09:48,077 INFO:Total games: 6550
2024-06-16 11:11:28,066 INFO:Total games: 6560
2024-06-16 11:12:54,147 INFO:Total games: 6570
2024-06-16 11:14:20,304 INFO:Total games: 6580
2024-06-16 11:15:54,598 INFO:Total games: 6590
2024-06-16 11:17:28,118 INFO:Total games: 6600
2024-06-16 11:19:02,054 INFO:Total games: 6610
2024-06-16 11:20:18,747 INFO:Total games: 6620
2024-06-16 11:21:52,555 INFO:Total games: 6630
2024-06-16 11:23:16,451 INFO:Total games: 6640
2024-06-16 11:24:46,748 INFO:Total games: 6650
2024-06-16 11:26:19,080 INFO:Total games: 6660
2024-06-16 11:27:50,426 INFO:Total games: 6670
2024-06-16 11:29:27,768 INFO:Total games: 6680
2024-06-16 11:30:43,578 INFO:Total games: 6690
2024-06-16 11:32:18,812 INFO:Total games: 6700
2024-06-16 11:33:49,958 INFO:Total games: 6710
2024-06-16 11:35:21,463 INFO:Total games: 6720
2024-06-16 11:37:05,196 INFO:Total games: 6730
2024-06-16 11:38:43,500 INFO:Total games: 6740
2024-06-16 11:40:23,725 INFO:Total games: 6750
2024-06-16 11:42:01,226 INFO:Total games: 6760
2024-06-16 11:43:36,539 INFO:Total games: 6770
2024-06-16 11:45:21,132 INFO:Total games: 6780
2024-06-16 11:46:30,588 INFO:Total games: 6790
2024-06-16 11:48:01,824 INFO:Total games: 6800
2024-06-16 11:49:30,757 INFO:Total games: 6810
2024-06-16 11:50:59,838 INFO:Total games: 6820
2024-06-16 11:52:28,778 INFO:Total games: 6830
2024-06-16 11:54:09,267 INFO:Total games: 6840
2024-06-16 11:55:41,742 INFO:Total games: 6850
2024-06-16 11:57:15,307 INFO:Total games: 6860
2024-06-16 11:58:51,171 INFO:Total games: 6870
2024-06-16 12:00:35,690 INFO:Total games: 6880
2024-06-16 12:01:58,368 INFO:Total games: 6890
2024-06-16 12:03:44,709 INFO:Total games: 6900
2024-06-16 12:05:26,533 INFO:Total games: 6910
2024-06-16 12:07:23,768 INFO:Total games: 6920
2024-06-16 12:09:01,613 INFO:Total games: 6930
2024-06-16 12:11:03,507 INFO:Total games: 6940
2024-06-16 12:12:56,221 INFO:Total games: 6950
2024-06-16 12:14:57,957 INFO:Total games: 6960
2024-06-16 12:16:28,724 INFO:Total games: 6970
2024-06-16 12:18:13,127 INFO:Total games: 6980
2024-06-16 12:19:53,126 INFO:Total games: 6990
2024-06-16 12:21:28,059 INFO:Total games: 7000
2024-06-16 12:23:13,202 INFO:Total games: 7010
2024-06-16 12:25:02,350 INFO:Total games: 7020
2024-06-16 12:26:36,863 INFO:Total games: 7030
2024-06-16 12:28:08,899 INFO:Total games: 7040
2024-06-16 12:34:58,572 INFO:Total games: 7050
2024-06-16 12:36:20,738 INFO:Total games: 7060
2024-06-16 12:37:56,856 INFO:Total games: 7070
2024-06-16 12:39:42,422 INFO:Total games: 7080
2024-06-16 12:40:55,478 INFO:Total games: 7090
2024-06-16 12:42:00,619 INFO:Total games: 7100
2024-06-16 12:43:38,672 INFO:Total games: 7110
2024-06-16 12:45:34,180 INFO:Total games: 7120
2024-06-16 12:46:55,775 INFO:Total games: 7130
2024-06-16 12:48:25,590 INFO:Total games: 7140
2024-06-16 12:49:59,745 INFO:Total games: 7150
2024-06-16 12:51:25,785 INFO:Total games: 7160
2024-06-16 12:53:05,387 INFO:Total games: 7170
2024-06-16 12:54:36,550 INFO:Total games: 7180
2024-06-16 12:56:05,316 INFO:Total games: 7190
2024-06-16 12:57:44,585 INFO:Total games: 7200
2024-06-16 12:59:13,212 INFO:Total games: 7210
2024-06-16 13:00:52,437 INFO:Total games: 7220
2024-06-16 13:02:18,727 INFO:Total games: 7230
2024-06-16 13:03:59,777 INFO:Total games: 7240
2024-06-16 13:05:23,930 INFO:Total games: 7250
2024-06-16 13:06:59,945 INFO:Total games: 7260
2024-06-16 13:08:15,084 INFO:Total games: 7270
2024-06-16 13:09:27,900 INFO:Total games: 7280
2024-06-16 13:10:50,544 INFO:Total games: 7290
2024-06-16 13:12:33,380 INFO:Total games: 7300
2024-06-16 13:13:58,673 INFO:Total games: 7310
2024-06-16 13:15:39,317 INFO:Total games: 7320
2024-06-16 13:17:16,148 INFO:Total games: 7330
2024-06-16 13:19:01,076 INFO:Total games: 7340
2024-06-16 13:20:27,554 INFO:Total games: 7350
2024-06-16 13:22:01,194 INFO:Total games: 7360
2024-06-16 13:23:35,705 INFO:Total games: 7370
2024-06-16 13:25:10,762 INFO:Total games: 7380
2024-06-16 13:26:55,007 INFO:Total games: 7390
2024-06-16 13:28:27,293 INFO:Total games: 7400
2024-06-16 13:29:55,405 INFO:Total games: 7410
2024-06-16 13:31:05,289 INFO:Total games: 7420
2024-06-16 13:32:32,791 INFO:Total games: 7430
2024-06-16 13:34:05,371 INFO:Total games: 7440
2024-06-16 13:35:15,252 INFO:Total games: 7450
2024-06-16 13:36:58,243 INFO:Total games: 7460
2024-06-16 13:38:26,366 INFO:Total games: 7470
2024-06-16 13:40:17,909 INFO:Total games: 7480
2024-06-16 13:41:46,202 INFO:Total games: 7490
2024-06-16 13:43:21,710 INFO:Total games: 7500
2024-06-16 13:44:45,650 INFO:Total games: 7510
2024-06-16 13:46:06,911 INFO:Total games: 7520
2024-06-16 13:47:40,018 INFO:Total games: 7530
2024-06-16 13:49:18,610 INFO:Total games: 7540
2024-06-16 13:50:38,809 INFO:Total games: 7550
2024-06-16 13:52:30,888 INFO:Total games: 7560
2024-06-16 13:54:18,256 INFO:Total games: 7570
2024-06-16 13:55:45,428 INFO:Total games: 7580
2024-06-16 13:57:19,824 INFO:Total games: 7590
2024-06-16 13:58:53,334 INFO:Total games: 7600
2024-06-16 14:00:16,758 INFO:Total games: 7610
2024-06-16 14:05:49,046 INFO:Loaded new best model
2024-06-16 14:07:22,196 INFO:Total games: 7620
2024-06-16 14:08:44,950 INFO:Total games: 7630
2024-06-16 14:10:34,392 INFO:Total games: 7640
2024-06-16 14:12:00,064 INFO:Total games: 7650
2024-06-16 14:13:24,199 INFO:Total games: 7660
2024-06-16 14:14:29,460 INFO:Total games: 7670
2024-06-16 14:15:40,652 INFO:Total games: 7680
2024-06-16 14:17:19,680 INFO:Total games: 7690
2024-06-16 14:18:41,352 INFO:Total games: 7700
2024-06-16 14:20:16,048 INFO:Total games: 7710
2024-06-16 14:21:35,050 INFO:Total games: 7720
2024-06-16 14:22:59,791 INFO:Total games: 7730
2024-06-16 14:24:13,814 INFO:Total games: 7740
2024-06-16 14:25:46,712 INFO:Total games: 7750
2024-06-16 14:27:24,655 INFO:Total games: 7760
2024-06-16 14:28:48,677 INFO:Total games: 7770
2024-06-16 14:30:40,418 INFO:Total games: 7780
2024-06-16 14:32:10,840 INFO:Total games: 7790
2024-06-16 14:33:43,204 INFO:Total games: 7800
2024-06-16 14:35:20,215 INFO:Total games: 7810
2024-06-16 14:36:36,863 INFO:Total games: 7820
2024-06-16 14:37:57,348 INFO:Total games: 7830
2024-06-16 14:39:09,077 INFO:Total games: 7840
2024-06-16 14:40:41,271 INFO:Total games: 7850
2024-06-16 14:42:00,891 INFO:Total games: 7860
2024-06-16 14:43:25,450 INFO:Total games: 7870
2024-06-16 14:44:53,633 INFO:Total games: 7880
2024-06-16 14:46:30,743 INFO:Total games: 7890
2024-06-16 14:48:02,207 INFO:Total games: 7900
2024-06-16 14:49:20,041 INFO:Total games: 7910
2024-06-16 14:50:49,315 INFO:Total games: 7920
2024-06-16 14:52:11,145 INFO:Total games: 7930
2024-06-16 14:53:50,814 INFO:Total games: 7940
2024-06-16 14:55:31,411 INFO:Total games: 7950
2024-06-16 14:56:54,032 INFO:Total games: 7960
2024-06-16 14:58:22,266 INFO:Total games: 7970
2024-06-16 14:59:56,950 INFO:Total games: 7980
2024-06-16 15:01:32,513 INFO:Total games: 7990
2024-06-16 15:02:58,920 INFO:Total games: 8000
2024-06-16 15:04:29,206 INFO:Total games: 8010
2024-06-16 15:05:48,987 INFO:Total games: 8020
2024-06-16 15:07:22,385 INFO:Total games: 8030
2024-06-16 15:09:01,653 INFO:Total games: 8040
2024-06-16 15:11:02,151 INFO:Total games: 8050
2024-06-16 15:12:21,649 INFO:Total games: 8060
2024-06-16 15:13:22,157 INFO:Total games: 8070
2024-06-16 15:14:59,138 INFO:Total games: 8080
2024-06-16 15:16:18,282 INFO:Total games: 8090
2024-06-16 15:17:40,789 INFO:Total games: 8100
2024-06-16 15:19:00,359 INFO:Total games: 8110
2024-06-16 15:20:38,207 INFO:Total games: 8120
2024-06-16 15:22:10,339 INFO:Total games: 8130
2024-06-16 15:23:48,827 INFO:Total games: 8140
2024-06-16 15:26:03,253 INFO:Total games: 8150
2024-06-16 15:27:32,217 INFO:Total games: 8160
2024-06-16 15:29:29,426 INFO:Total games: 8170
2024-06-16 15:30:53,628 INFO:Total games: 8180
2024-06-16 15:32:18,664 INFO:Total games: 8190
2024-06-16 15:33:22,998 INFO:Total games: 8200
2024-06-16 15:39:25,349 INFO:Total games: 8210
2024-06-16 15:40:54,172 INFO:Total games: 8220
2024-06-16 15:42:13,460 INFO:Total games: 8230
2024-06-16 15:43:48,488 INFO:Total games: 8240
2024-06-16 15:45:17,155 INFO:Total games: 8250
2024-06-16 15:46:38,937 INFO:Total games: 8260
2024-06-16 15:48:32,732 INFO:Total games: 8270
2024-06-16 15:50:00,299 INFO:Total games: 8280
2024-06-16 15:51:18,815 INFO:Total games: 8290
2024-06-16 15:52:41,437 INFO:Total games: 8300
2024-06-16 15:54:10,848 INFO:Total games: 8310
2024-06-16 15:55:54,095 INFO:Total games: 8320
2024-06-16 15:57:19,024 INFO:Total games: 8330
2024-06-16 15:59:12,328 INFO:Total games: 8340
2024-06-16 16:00:21,447 INFO:Total games: 8350
2024-06-16 16:02:02,606 INFO:Total games: 8360
2024-06-16 16:03:43,977 INFO:Total games: 8370
2024-06-16 16:05:14,843 INFO:Total games: 8380
2024-06-16 16:06:59,508 INFO:Total games: 8390
2024-06-16 16:08:18,385 INFO:Total games: 8400
2024-06-16 16:09:50,879 INFO:Total games: 8410
2024-06-16 16:11:36,232 INFO:Total games: 8420
2024-06-16 16:13:20,484 INFO:Total games: 8430
2024-06-16 16:14:55,384 INFO:Total games: 8440
2024-06-16 16:16:14,602 INFO:Total games: 8450
2024-06-16 16:17:49,236 INFO:Total games: 8460
2024-06-16 16:19:35,909 INFO:Total games: 8470
2024-06-16 16:21:12,828 INFO:Total games: 8480
2024-06-16 16:22:35,554 INFO:Total games: 8490
2024-06-16 16:23:58,033 INFO:Total games: 8500
2024-06-16 16:25:20,524 INFO:Total games: 8510
2024-06-16 16:26:34,394 INFO:Total games: 8520
2024-06-16 16:28:10,766 INFO:Total games: 8530
2024-06-16 16:29:42,714 INFO:Total games: 8540
2024-06-16 16:31:26,409 INFO:Total games: 8550
2024-06-16 16:33:06,445 INFO:Total games: 8560
2024-06-16 16:35:07,541 INFO:Total games: 8570
2024-06-16 16:36:18,094 INFO:Total games: 8580
2024-06-16 16:37:47,335 INFO:Total games: 8590
2024-06-16 16:38:55,289 INFO:Total games: 8600
2024-06-16 16:40:40,248 INFO:Total games: 8610
2024-06-16 16:42:17,797 INFO:Total games: 8620
2024-06-16 16:43:38,495 INFO:Total games: 8630
2024-06-16 16:45:14,980 INFO:Total games: 8640
2024-06-16 16:46:45,304 INFO:Total games: 8650
2024-06-16 16:48:16,041 INFO:Total games: 8660
2024-06-16 16:49:42,275 INFO:Total games: 8670
2024-06-16 16:51:09,793 INFO:Total games: 8680
2024-06-16 16:53:02,289 INFO:Total games: 8690
2024-06-16 16:54:22,629 INFO:Total games: 8700
2024-06-16 16:55:40,832 INFO:Total games: 8710
2024-06-16 16:57:10,029 INFO:Total games: 8720
2024-06-16 16:59:26,411 INFO:Total games: 8730
2024-06-16 17:01:07,634 INFO:Total games: 8740
2024-06-16 17:03:00,440 INFO:Total games: 8750
2024-06-16 17:04:38,796 INFO:Total games: 8760
2024-06-16 17:05:48,267 INFO:Total games: 8770
2024-06-16 17:05:48,268 INFO:FULL
2024-06-16 17:07:48,270 INFO:FULL
2024-06-16 17:09:48,282 INFO:FULL
2024-06-16 17:13:13,819 INFO:Total games: 8780
2024-06-16 17:14:47,022 INFO:Total games: 8790
2024-06-16 17:16:03,957 INFO:Total games: 8800
2024-06-16 17:17:24,374 INFO:Total games: 8810
2024-06-16 17:18:51,835 INFO:Total games: 8820
2024-06-16 17:20:20,433 INFO:Total games: 8830
2024-06-16 17:22:07,895 INFO:Total games: 8840
2024-06-16 17:23:25,853 INFO:Total games: 8850
2024-06-16 17:24:59,329 INFO:Total games: 8860
2024-06-16 17:26:32,469 INFO:Total games: 8870
2024-06-16 17:28:10,759 INFO:Total games: 8880
2024-06-16 17:29:39,769 INFO:Total games: 8890
2024-06-16 17:31:11,102 INFO:Total games: 8900
2024-06-16 17:32:35,663 INFO:Total games: 8910
2024-06-16 17:34:03,792 INFO:Total games: 8920
2024-06-16 17:35:52,813 INFO:Total games: 8930
2024-06-16 17:37:05,619 INFO:Total games: 8940
2024-06-16 17:38:32,422 INFO:Total games: 8950
2024-06-16 17:40:18,861 INFO:Total games: 8960
2024-06-16 17:41:26,276 INFO:Total games: 8970
2024-06-16 17:42:55,477 INFO:Total games: 8980
2024-06-16 17:44:33,107 INFO:Total games: 8990
2024-06-16 17:46:12,155 INFO:Total games: 9000
2024-06-16 17:47:35,279 INFO:Total games: 9010
2024-06-16 17:49:09,149 INFO:Total games: 9020
2024-06-16 17:50:48,455 INFO:Total games: 9030
2024-06-16 17:52:19,931 INFO:Total games: 9040
2024-06-16 17:54:00,089 INFO:Total games: 9050
2024-06-16 17:55:28,878 INFO:Total games: 9060
2024-06-16 17:57:02,103 INFO:Total games: 9070
2024-06-16 17:58:39,155 INFO:Total games: 9080
2024-06-16 18:00:12,586 INFO:Total games: 9090
2024-06-16 18:01:44,517 INFO:Total games: 9100
2024-06-16 18:03:04,387 INFO:Total games: 9110
2024-06-16 18:04:32,265 INFO:Total games: 9120
2024-06-16 18:06:09,462 INFO:Total games: 9130
2024-06-16 18:07:38,450 INFO:Total games: 9140
2024-06-16 18:08:49,429 INFO:Total games: 9150
2024-06-16 18:10:29,753 INFO:Total games: 9160
2024-06-16 18:11:55,745 INFO:Total games: 9170
2024-06-16 18:13:26,972 INFO:Total games: 9180
2024-06-16 18:15:01,532 INFO:Total games: 9190
2024-06-16 18:16:33,997 INFO:Total games: 9200
2024-06-16 18:17:56,343 INFO:Total games: 9210
2024-06-16 18:19:14,103 INFO:Total games: 9220
2024-06-16 18:20:38,073 INFO:Total games: 9230
2024-06-16 18:22:04,308 INFO:Total games: 9240
2024-06-16 18:23:30,658 INFO:Total games: 9250
2024-06-16 18:24:57,508 INFO:Total games: 9260
2024-06-16 18:26:20,846 INFO:Total games: 9270
2024-06-16 18:27:53,391 INFO:Total games: 9280
2024-06-16 18:29:35,280 INFO:Total games: 9290
2024-06-16 18:31:03,807 INFO:Total games: 9300
2024-06-16 18:32:48,625 INFO:Total games: 9310
2024-06-16 18:34:47,937 INFO:Total games: 9320
2024-06-16 18:36:20,258 INFO:Total games: 9330
2024-06-16 18:37:29,491 INFO:Total games: 9340
2024-06-16 18:37:29,491 INFO:FULL
2024-06-16 18:39:29,495 INFO:FULL
2024-06-16 18:41:29,497 INFO:FULL
2024-06-16 18:45:07,618 INFO:Total games: 9350
2024-06-16 18:46:34,057 INFO:Total games: 9360
2024-06-16 18:47:52,988 INFO:Total games: 9370
2024-06-16 18:49:29,540 INFO:Total games: 9380
2024-06-16 18:50:53,390 INFO:Total games: 9390
2024-06-16 18:52:18,194 INFO:Total games: 9400
2024-06-16 18:53:53,823 INFO:Total games: 9410
2024-06-16 18:55:22,833 INFO:Total games: 9420
2024-06-16 18:57:05,955 INFO:Total games: 9430
2024-06-16 18:58:24,536 INFO:Total games: 9440
2024-06-16 18:59:45,889 INFO:Total games: 9450
2024-06-16 19:01:27,269 INFO:Total games: 9460
2024-06-16 19:03:16,553 INFO:Total games: 9470
2024-06-16 19:04:26,444 INFO:Total games: 9480
2024-06-16 19:06:05,121 INFO:Total games: 9490
2024-06-16 19:07:47,045 INFO:Total games: 9500
2024-06-16 19:09:12,578 INFO:Total games: 9510
2024-06-16 19:10:30,764 INFO:Total games: 9520
2024-06-16 19:11:48,517 INFO:Total games: 9530
2024-06-16 19:13:29,012 INFO:Total games: 9540
2024-06-16 19:15:09,328 INFO:Total games: 9550
2024-06-16 19:16:25,668 INFO:Total games: 9560
2024-06-16 19:18:06,680 INFO:Total games: 9570
2024-06-16 19:19:36,286 INFO:Total games: 9580
2024-06-16 19:21:28,859 INFO:Total games: 9590
2024-06-16 19:22:48,103 INFO:Total games: 9600
2024-06-16 19:24:47,309 INFO:Total games: 9610
2024-06-16 19:26:16,934 INFO:Total games: 9620
2024-06-16 19:28:17,647 INFO:Total games: 9630
2024-06-16 19:29:43,990 INFO:Total games: 9640
2024-06-16 19:31:07,805 INFO:Total games: 9650
2024-06-16 19:32:36,076 INFO:Total games: 9660
2024-06-16 19:34:23,492 INFO:Total games: 9670
2024-06-16 19:35:40,263 INFO:Total games: 9680
2024-06-16 19:36:55,133 INFO:Total games: 9690
2024-06-16 19:38:32,596 INFO:Total games: 9700
2024-06-16 19:40:01,872 INFO:Total games: 9710
2024-06-16 19:41:47,760 INFO:Total games: 9720
2024-06-16 19:43:18,395 INFO:Total games: 9730
2024-06-16 19:44:48,761 INFO:Total games: 9740
2024-06-16 19:46:15,209 INFO:Total games: 9750
2024-06-16 19:47:50,781 INFO:Total games: 9760
2024-06-16 19:49:32,619 INFO:Total games: 9770
2024-06-16 19:50:49,466 INFO:Total games: 9780
2024-06-16 19:52:27,781 INFO:Total games: 9790
2024-06-16 19:53:59,072 INFO:Total games: 9800
2024-06-16 19:55:40,676 INFO:Total games: 9810
2024-06-16 19:57:08,543 INFO:Total games: 9820
2024-06-16 19:58:47,256 INFO:Total games: 9830
2024-06-16 20:00:17,345 INFO:Total games: 9840
2024-06-16 20:01:44,712 INFO:Total games: 9850
2024-06-16 20:03:04,357 INFO:Total games: 9860
2024-06-16 20:04:32,150 INFO:Total games: 9870
2024-06-16 20:06:39,583 INFO:Total games: 9880
2024-06-16 20:08:22,060 INFO:Total games: 9890
2024-06-16 20:09:33,711 INFO:Total games: 9900
2024-06-16 20:16:18,932 INFO:Total games: 9910
2024-06-16 20:17:52,661 INFO:Total games: 9920
2024-06-16 20:19:03,150 INFO:Total games: 9930
2024-06-16 20:20:14,198 INFO:Total games: 9940
2024-06-16 20:21:30,704 INFO:Total games: 9950
2024-06-16 20:22:44,606 INFO:Total games: 9960
2024-06-16 20:24:26,095 INFO:Total games: 9970
2024-06-16 20:25:57,291 INFO:Total games: 9980
2024-06-16 20:27:51,366 INFO:Total games: 9990
2024-06-16 20:29:31,410 INFO:Total games: 10000
2024-06-16 20:30:49,019 INFO:Total games: 10010
2024-06-16 20:32:10,550 INFO:Total games: 10020
2024-06-16 20:33:37,933 INFO:Total games: 10030
2024-06-16 20:34:59,576 INFO:Total games: 10040
2024-06-16 20:36:33,361 INFO:Total games: 10050
2024-06-16 20:38:24,889 INFO:Total games: 10060
2024-06-16 20:40:03,013 INFO:Total games: 10070
2024-06-16 20:41:27,932 INFO:Total games: 10080
2024-06-16 20:42:58,775 INFO:Total games: 10090
2024-06-16 20:44:27,731 INFO:Total games: 10100
2024-06-16 20:45:47,100 INFO:Total games: 10110
2024-06-16 20:47:19,093 INFO:Total games: 10120
2024-06-16 20:48:50,004 INFO:Total games: 10130
2024-06-16 20:50:15,157 INFO:Total games: 10140
2024-06-16 20:51:57,710 INFO:Total games: 10150
2024-06-16 20:53:24,409 INFO:Total games: 10160
2024-06-16 20:55:08,845 INFO:Total games: 10170
2024-06-16 20:56:42,073 INFO:Total games: 10180
2024-06-16 20:58:25,651 INFO:Total games: 10190
2024-06-16 21:00:04,806 INFO:Total games: 10200
2024-06-16 21:01:33,231 INFO:Total games: 10210
2024-06-16 21:02:40,880 INFO:Total games: 10220
2024-06-16 21:04:10,100 INFO:Total games: 10230
2024-06-16 21:05:22,572 INFO:Total games: 10240
2024-06-16 21:06:46,444 INFO:Total games: 10250
2024-06-16 21:08:27,962 INFO:Total games: 10260
2024-06-16 21:09:43,483 INFO:Total games: 10270
2024-06-16 21:11:02,430 INFO:Total games: 10280
2024-06-16 21:12:45,200 INFO:Total games: 10290
2024-06-16 21:14:16,199 INFO:Total games: 10300
2024-06-16 21:15:54,067 INFO:Total games: 10310
2024-06-16 21:17:05,961 INFO:Total games: 10320
2024-06-16 21:18:30,452 INFO:Total games: 10330
2024-06-16 21:19:54,902 INFO:Total games: 10340
2024-06-16 21:21:37,904 INFO:Total games: 10350
2024-06-16 21:23:02,984 INFO:Total games: 10360
2024-06-16 21:24:18,222 INFO:Total games: 10370
2024-06-16 21:25:55,464 INFO:Total games: 10380
2024-06-16 21:27:33,395 INFO:Total games: 10390
2024-06-16 21:29:14,691 INFO:Total games: 10400
2024-06-16 21:30:52,550 INFO:Total games: 10410
2024-06-16 21:32:37,376 INFO:Total games: 10420
2024-06-16 21:34:16,666 INFO:Total games: 10430
2024-06-16 21:36:17,182 INFO:Total games: 10440
2024-06-16 21:37:59,858 INFO:Total games: 10450
2024-06-16 21:39:43,329 INFO:Total games: 10460
2024-06-16 21:47:10,543 INFO:Total games: 10470
2024-06-16 21:48:36,992 INFO:Total games: 10480
2024-06-16 21:50:12,091 INFO:Total games: 10490
2024-06-16 21:51:40,244 INFO:Total games: 10500
2024-06-16 21:53:14,241 INFO:Total games: 10510
2024-06-16 21:54:41,221 INFO:Total games: 10520
2024-06-16 21:56:20,856 INFO:Total games: 10530
2024-06-16 21:57:54,641 INFO:Total games: 10540
2024-06-16 21:59:25,074 INFO:Total games: 10550
2024-06-16 22:00:52,072 INFO:Total games: 10560
2024-06-16 22:02:16,015 INFO:Total games: 10570
2024-06-16 22:03:37,354 INFO:Total games: 10580
2024-06-16 22:05:02,315 INFO:Total games: 10590
2024-06-16 22:06:08,630 INFO:Total games: 10600
2024-06-16 22:07:52,768 INFO:Total games: 10610
2024-06-16 22:09:17,657 INFO:Total games: 10620
2024-06-16 22:10:48,400 INFO:Total games: 10630
2024-06-16 22:12:13,544 INFO:Total games: 10640
2024-06-16 22:13:37,865 INFO:Total games: 10650
2024-06-16 22:15:00,512 INFO:Total games: 10660
2024-06-16 22:16:22,323 INFO:Total games: 10670
2024-06-16 22:17:58,727 INFO:Total games: 10680
2024-06-16 22:19:32,579 INFO:Total games: 10690
2024-06-16 22:21:11,412 INFO:Total games: 10700
2024-06-16 22:22:38,974 INFO:Total games: 10710
2024-06-16 22:23:51,259 INFO:Total games: 10720
2024-06-16 22:25:32,334 INFO:Total games: 10730
2024-06-16 22:27:05,489 INFO:Total games: 10740
2024-06-16 22:28:41,945 INFO:Total games: 10750
2024-06-16 22:30:23,953 INFO:Total games: 10760
2024-06-16 22:31:57,330 INFO:Total games: 10770
2024-06-16 22:33:31,735 INFO:Total games: 10780
2024-06-16 22:34:57,001 INFO:Total games: 10790
2024-06-16 22:36:36,931 INFO:Total games: 10800
2024-06-16 22:38:21,508 INFO:Total games: 10810
2024-06-16 22:40:07,465 INFO:Total games: 10820
2024-06-16 22:41:49,411 INFO:Total games: 10830
2024-06-16 22:43:09,107 INFO:Total games: 10840
2024-06-16 22:44:48,552 INFO:Total games: 10850
2024-06-16 22:46:21,178 INFO:Total games: 10860
2024-06-16 22:47:42,320 INFO:Total games: 10870
2024-06-16 22:49:09,071 INFO:Total games: 10880
2024-06-16 22:50:33,889 INFO:Total games: 10890
2024-06-16 22:51:57,738 INFO:Total games: 10900
2024-06-16 22:53:25,070 INFO:Total games: 10910
2024-06-16 22:54:45,309 INFO:Total games: 10920
2024-06-16 22:56:14,962 INFO:Total games: 10930
2024-06-16 22:57:46,334 INFO:Total games: 10940
2024-06-16 22:59:37,082 INFO:Total games: 10950
2024-06-16 23:01:15,046 INFO:Total games: 10960
2024-06-16 23:02:58,324 INFO:Total games: 10970
2024-06-16 23:04:31,998 INFO:Total games: 10980
2024-06-16 23:06:22,097 INFO:Total games: 10990
2024-06-16 23:08:48,241 INFO:Total games: 11000
2024-06-16 23:10:26,048 INFO:Total games: 11010
2024-06-16 23:17:26,602 INFO:Total games: 11020
2024-06-16 23:18:55,353 INFO:Total games: 11030
2024-06-16 23:20:24,223 INFO:Total games: 11040
2024-06-16 23:21:31,125 INFO:Total games: 11050
2024-06-16 23:22:53,541 INFO:Total games: 11060
2024-06-16 23:24:23,893 INFO:Total games: 11070
2024-06-16 23:26:06,578 INFO:Total games: 11080
2024-06-16 23:27:23,392 INFO:Total games: 11090
2024-06-16 23:29:00,065 INFO:Total games: 11100
2024-06-16 23:30:27,935 INFO:Total games: 11110
2024-06-16 23:32:00,409 INFO:Total games: 11120
2024-06-16 23:33:37,832 INFO:Total games: 11130
2024-06-16 23:34:55,455 INFO:Total games: 11140
2024-06-16 23:36:32,518 INFO:Total games: 11150
2024-06-16 23:38:06,234 INFO:Total games: 11160
2024-06-16 23:39:50,217 INFO:Total games: 11170
2024-06-16 23:41:22,411 INFO:Total games: 11180
2024-06-16 23:42:36,679 INFO:Total games: 11190
2024-06-16 23:44:02,877 INFO:Total games: 11200
2024-06-16 23:45:34,310 INFO:Total games: 11210
2024-06-16 23:46:53,042 INFO:Total games: 11220
2024-06-16 23:48:27,745 INFO:Total games: 11230
2024-06-16 23:50:02,030 INFO:Total games: 11240
2024-06-16 23:51:42,033 INFO:Total games: 11250
2024-06-16 23:53:19,819 INFO:Total games: 11260
2024-06-16 23:55:12,387 INFO:Total games: 11270
2024-06-16 23:57:19,375 INFO:Total games: 11280
2024-06-16 23:58:58,970 INFO:Total games: 11290
2024-06-17 00:00:41,321 INFO:Total games: 11300
2024-06-17 00:02:22,546 INFO:Total games: 11310
2024-06-17 00:04:36,124 INFO:Total games: 11320
2024-06-17 00:06:11,320 INFO:Total games: 11330
2024-06-17 00:07:37,713 INFO:Total games: 11340
2024-06-17 00:09:08,469 INFO:Total games: 11350
2024-06-17 00:10:29,349 INFO:Total games: 11360
2024-06-17 00:11:57,353 INFO:Total games: 11370
2024-06-17 00:13:22,308 INFO:Total games: 11380
2024-06-17 00:14:54,437 INFO:Total games: 11390
2024-06-17 00:16:15,611 INFO:Total games: 11400
2024-06-17 00:17:34,615 INFO:Total games: 11410
2024-06-17 00:19:14,877 INFO:Total games: 11420
2024-06-17 00:20:40,424 INFO:Total games: 11430
2024-06-17 00:22:20,646 INFO:Total games: 11440
2024-06-17 00:23:44,826 INFO:Total games: 11450
2024-06-17 00:25:13,441 INFO:Total games: 11460
2024-06-17 00:26:40,143 INFO:Total games: 11470
2024-06-17 00:28:07,812 INFO:Total games: 11480
2024-06-17 00:29:38,447 INFO:Total games: 11490
2024-06-17 00:31:11,649 INFO:Total games: 11500
2024-06-17 00:32:37,774 INFO:Total games: 11510
2024-06-17 00:34:33,928 INFO:Total games: 11520
2024-06-17 00:36:01,375 INFO:Total games: 11530
2024-06-17 00:37:46,682 INFO:Total games: 11540
2024-06-17 00:39:25,477 INFO:Total games: 11550
2024-06-17 00:40:56,247 INFO:Total games: 11560
2024-06-17 00:42:02,120 INFO:Total games: 11570
2024-06-17 00:48:00,535 INFO:Total games: 11580
2024-06-17 00:49:42,330 INFO:Total games: 11590
2024-06-17 00:51:15,634 INFO:Total games: 11600
2024-06-17 00:53:05,355 INFO:Total games: 11610
2024-06-17 00:54:32,341 INFO:Total games: 11620
2024-06-17 00:56:19,610 INFO:Total games: 11630
2024-06-17 00:57:39,326 INFO:Total games: 11640
2024-06-17 00:59:37,613 INFO:Total games: 11650
2024-06-17 01:01:09,913 INFO:Total games: 11660
2024-06-17 01:02:49,873 INFO:Total games: 11670
2024-06-17 01:04:36,414 INFO:Total games: 11680
2024-06-17 01:05:50,832 INFO:Total games: 11690
2024-06-17 01:07:01,481 INFO:Total games: 11700
2024-06-17 01:08:34,806 INFO:Total games: 11710
2024-06-17 01:10:12,694 INFO:Total games: 11720
2024-06-17 01:11:50,699 INFO:Total games: 11730
2024-06-17 01:13:31,866 INFO:Total games: 11740
2024-06-17 01:14:57,940 INFO:Total games: 11750
2024-06-17 01:16:30,857 INFO:Total games: 11760
2024-06-17 01:17:58,450 INFO:Total games: 11770
2024-06-17 01:19:29,710 INFO:Total games: 11780
2024-06-17 01:21:05,424 INFO:Total games: 11790
2024-06-17 01:22:30,821 INFO:Total games: 11800
2024-06-17 01:24:06,524 INFO:Total games: 11810
2024-06-17 01:25:33,103 INFO:Total games: 11820
2024-06-17 01:26:58,286 INFO:Total games: 11830
2024-06-17 01:29:01,288 INFO:Total games: 11840
2024-06-17 01:30:40,689 INFO:Total games: 11850
2024-06-17 01:32:16,418 INFO:Total games: 11860
2024-06-17 01:33:58,401 INFO:Total games: 11870
2024-06-17 01:35:35,283 INFO:Total games: 11880
2024-06-17 01:37:01,887 INFO:Total games: 11890
2024-06-17 01:38:32,425 INFO:Total games: 11900
2024-06-17 01:40:06,196 INFO:Total games: 11910
2024-06-17 01:41:27,686 INFO:Total games: 11920
2024-06-17 01:42:37,846 INFO:Total games: 11930
2024-06-17 01:44:04,326 INFO:Total games: 11940
2024-06-17 01:45:29,525 INFO:Total games: 11950
2024-06-17 01:46:48,616 INFO:Total games: 11960
2024-06-17 01:48:26,686 INFO:Total games: 11970
2024-06-17 01:50:04,334 INFO:Total games: 11980
2024-06-17 01:51:29,966 INFO:Total games: 11990
2024-06-17 01:52:49,238 INFO:Total games: 12000
2024-06-17 01:54:13,288 INFO:Total games: 12010
2024-06-17 01:55:12,169 INFO:Total games: 12020
2024-06-17 01:56:46,075 INFO:Total games: 12030
2024-06-17 01:58:16,759 INFO:Total games: 12040
2024-06-17 01:59:43,578 INFO:Total games: 12050
2024-06-17 02:00:57,712 INFO:Total games: 12060
2024-06-17 02:02:24,765 INFO:Total games: 12070
2024-06-17 02:03:46,385 INFO:Total games: 12080
2024-06-17 02:05:24,380 INFO:Total games: 12090
2024-06-17 02:07:11,469 INFO:Total games: 12100
2024-06-17 02:08:36,306 INFO:Total games: 12110
2024-06-17 02:10:25,838 INFO:Total games: 12120
2024-06-17 02:11:48,768 INFO:Total games: 12130
2024-06-17 02:13:12,765 INFO:Total games: 12140
2024-06-17 02:19:11,704 INFO:Total games: 12150
2024-06-17 02:20:34,304 INFO:Total games: 12160
2024-06-17 02:22:02,195 INFO:Total games: 12170
2024-06-17 02:23:49,067 INFO:Total games: 12180
2024-06-17 02:25:12,530 INFO:Total games: 12190
2024-06-17 02:26:42,194 INFO:Total games: 12200
2024-06-17 02:27:57,611 INFO:Total games: 12210
2024-06-17 02:29:03,618 INFO:Total games: 12220
2024-06-17 02:30:28,846 INFO:Total games: 12230
2024-06-17 02:31:44,257 INFO:Total games: 12240
2024-06-17 02:33:40,364 INFO:Total games: 12250
2024-06-17 02:35:02,832 INFO:Total games: 12260
2024-06-17 02:36:33,380 INFO:Total games: 12270
2024-06-17 02:38:03,312 INFO:Total games: 12280
2024-06-17 02:39:25,677 INFO:Total games: 12290
2024-06-17 02:40:58,622 INFO:Total games: 12300
2024-06-17 02:42:18,424 INFO:Total games: 12310
2024-06-17 02:43:39,050 INFO:Total games: 12320
2024-06-17 02:45:22,215 INFO:Total games: 12330
2024-06-17 02:46:55,945 INFO:Total games: 12340
2024-06-17 02:48:29,124 INFO:Total games: 12350
2024-06-17 02:50:05,385 INFO:Total games: 12360
2024-06-17 02:51:43,361 INFO:Total games: 12370
2024-06-17 02:53:14,620 INFO:Total games: 12380
2024-06-17 02:54:50,568 INFO:Total games: 12390
2024-06-17 02:56:26,195 INFO:Total games: 12400
2024-06-17 02:57:44,625 INFO:Total games: 12410
2024-06-17 02:59:27,196 INFO:Total games: 12420
2024-06-17 03:01:15,475 INFO:Total games: 12430
2024-06-17 03:02:48,504 INFO:Total games: 12440
2024-06-17 03:04:26,032 INFO:Total games: 12450
2024-06-17 03:05:38,923 INFO:Total games: 12460
2024-06-17 03:07:01,692 INFO:Total games: 12470
2024-06-17 03:08:04,866 INFO:Total games: 12480
2024-06-17 03:09:30,660 INFO:Total games: 12490
2024-06-17 03:11:18,817 INFO:Total games: 12500
2024-06-17 03:12:47,807 INFO:Total games: 12510
2024-06-17 03:14:10,477 INFO:Total games: 12520
2024-06-17 03:15:44,190 INFO:Total games: 12530
2024-06-17 03:17:05,608 INFO:Total games: 12540
2024-06-17 03:18:12,335 INFO:Total games: 12550
2024-06-17 03:19:39,964 INFO:Total games: 12560
2024-06-17 03:21:00,542 INFO:Total games: 12570
2024-06-17 03:22:26,252 INFO:Total games: 12580
2024-06-17 03:23:58,783 INFO:Total games: 12590
2024-06-17 03:25:33,944 INFO:Total games: 12600
2024-06-17 03:27:10,231 INFO:Total games: 12610
2024-06-17 03:28:45,137 INFO:Total games: 12620
2024-06-17 03:30:36,647 INFO:Total games: 12630
2024-06-17 03:32:11,472 INFO:Total games: 12640
2024-06-17 03:33:31,958 INFO:Total games: 12650
2024-06-17 03:34:55,303 INFO:Total games: 12660
2024-06-17 03:36:37,086 INFO:Total games: 12670
2024-06-17 03:38:25,918 INFO:Total games: 12680
2024-06-17 03:40:27,996 INFO:Total games: 12690
2024-06-17 03:42:04,042 INFO:Total games: 12700
2024-06-17 03:43:36,724 INFO:Total games: 12710
2024-06-17 03:44:53,627 INFO:Total games: 12720
2024-06-17 03:51:10,377 INFO:Total games: 12730
2024-06-17 03:52:34,686 INFO:Total games: 12740
2024-06-17 03:54:16,976 INFO:Total games: 12750
2024-06-17 03:55:46,506 INFO:Total games: 12760
2024-06-17 03:57:16,634 INFO:Total games: 12770
2024-06-17 03:58:36,258 INFO:Total games: 12780
2024-06-17 04:00:10,499 INFO:Total games: 12790
2024-06-17 04:01:24,219 INFO:Total games: 12800
2024-06-17 04:02:53,056 INFO:Total games: 12810
2024-06-17 04:04:34,032 INFO:Total games: 12820
2024-06-17 04:05:48,730 INFO:Total games: 12830
2024-06-17 04:06:52,121 INFO:Total games: 12840
2024-06-17 04:08:20,520 INFO:Total games: 12850
2024-06-17 04:09:49,894 INFO:Total games: 12860
2024-06-17 04:11:27,372 INFO:Total games: 12870
2024-06-17 04:12:51,138 INFO:Total games: 12880
2024-06-17 04:14:30,576 INFO:Total games: 12890
2024-06-17 04:16:11,392 INFO:Total games: 12900
2024-06-17 04:17:16,644 INFO:Total games: 12910
2024-06-17 04:18:52,314 INFO:Total games: 12920
2024-06-17 04:20:45,223 INFO:Total games: 12930
2024-06-17 04:22:29,421 INFO:Total games: 12940
2024-06-17 04:24:07,506 INFO:Total games: 12950
2024-06-17 04:25:34,324 INFO:Total games: 12960
2024-06-17 04:27:00,807 INFO:Total games: 12970
2024-06-17 04:28:12,170 INFO:Total games: 12980
2024-06-17 04:29:13,755 INFO:Total games: 12990
2024-06-17 04:30:40,478 INFO:Total games: 13000
2024-06-17 04:32:08,500 INFO:Total games: 13010
2024-06-17 04:33:28,804 INFO:Total games: 13020
2024-06-17 04:34:52,022 INFO:Total games: 13030
2024-06-17 04:36:25,231 INFO:Total games: 13040
2024-06-17 04:37:54,584 INFO:Total games: 13050
2024-06-17 04:39:11,493 INFO:Total games: 13060
2024-06-17 04:40:43,620 INFO:Total games: 13070
2024-06-17 04:42:11,684 INFO:Total games: 13080
2024-06-17 04:43:45,385 INFO:Total games: 13090
2024-06-17 04:45:17,473 INFO:Total games: 13100
2024-06-17 04:46:49,786 INFO:Total games: 13110
2024-06-17 04:48:31,904 INFO:Total games: 13120
2024-06-17 04:49:49,568 INFO:Total games: 13130
2024-06-17 04:51:17,251 INFO:Total games: 13140
2024-06-17 04:52:53,154 INFO:Total games: 13150
2024-06-17 04:54:21,605 INFO:Total games: 13160
2024-06-17 04:55:51,928 INFO:Total games: 13170
2024-06-17 04:57:33,525 INFO:Total games: 13180
2024-06-17 04:59:10,642 INFO:Total games: 13190
2024-06-17 05:00:33,083 INFO:Total games: 13200
2024-06-17 05:02:02,005 INFO:Total games: 13210
2024-06-17 05:03:44,365 INFO:Total games: 13220
2024-06-17 05:05:00,538 INFO:Total games: 13230
2024-06-17 05:06:12,739 INFO:Total games: 13240
2024-06-17 05:07:50,352 INFO:Total games: 13250
2024-06-17 05:09:25,415 INFO:Total games: 13260
2024-06-17 05:11:12,408 INFO:Total games: 13270
2024-06-17 05:12:58,739 INFO:Total games: 13280
2024-06-17 05:14:50,657 INFO:Total games: 13290
2024-06-17 05:16:32,137 INFO:Total games: 13300
2024-06-17 05:22:43,627 INFO:Total games: 13310
2024-06-17 05:24:13,172 INFO:Total games: 13320
2024-06-17 05:25:47,603 INFO:Total games: 13330
2024-06-17 05:27:00,362 INFO:Total games: 13340
2024-06-17 05:28:26,089 INFO:Total games: 13350
2024-06-17 05:29:45,054 INFO:Total games: 13360
2024-06-17 05:31:34,821 INFO:Total games: 13370
2024-06-17 05:33:10,138 INFO:Total games: 13380
2024-06-17 05:34:18,954 INFO:Total games: 13390
2024-06-17 05:35:41,094 INFO:Total games: 13400
2024-06-17 05:37:18,952 INFO:Total games: 13410
2024-06-17 05:38:47,345 INFO:Total games: 13420
2024-06-17 05:40:12,353 INFO:Total games: 13430
2024-06-17 05:41:43,720 INFO:Total games: 13440
2024-06-17 05:43:23,549 INFO:Total games: 13450
2024-06-17 05:44:58,594 INFO:Total games: 13460
2024-06-17 05:46:43,044 INFO:Total games: 13470
2024-06-17 05:48:15,475 INFO:Total games: 13480
2024-06-17 05:49:51,178 INFO:Total games: 13490
2024-06-17 05:52:04,425 INFO:Total games: 13500
2024-06-17 05:53:57,325 INFO:Total games: 13510
2024-06-17 05:55:30,905 INFO:Total games: 13520
2024-06-17 05:56:58,546 INFO:Total games: 13530
2024-06-17 05:58:27,062 INFO:Total games: 13540
2024-06-17 05:59:57,660 INFO:Total games: 13550
2024-06-17 06:01:24,017 INFO:Total games: 13560
2024-06-17 06:03:07,270 INFO:Total games: 13570
2024-06-17 06:04:31,048 INFO:Total games: 13580
2024-06-17 06:06:06,504 INFO:Total games: 13590
2024-06-17 06:07:51,918 INFO:Total games: 13600
2024-06-17 06:09:24,246 INFO:Total games: 13610
2024-06-17 06:10:46,040 INFO:Total games: 13620
2024-06-17 06:12:16,754 INFO:Total games: 13630
2024-06-17 06:14:02,469 INFO:Total games: 13640
2024-06-17 06:15:44,555 INFO:Total games: 13650
2024-06-17 06:17:24,736 INFO:Total games: 13660
2024-06-17 06:19:09,160 INFO:Total games: 13670
2024-06-17 06:20:35,497 INFO:Total games: 13680
2024-06-17 06:21:51,643 INFO:Total games: 13690
2024-06-17 06:23:08,629 INFO:Total games: 13700
2024-06-17 06:24:42,020 INFO:Total games: 13710
2024-06-17 06:26:05,168 INFO:Total games: 13720
2024-06-17 06:27:46,603 INFO:Total games: 13730
2024-06-17 06:29:18,669 INFO:Total games: 13740
2024-06-17 06:30:59,127 INFO:Total games: 13750
2024-06-17 06:32:39,273 INFO:Total games: 13760
2024-06-17 06:34:14,759 INFO:Total games: 13770
2024-06-17 06:35:23,401 INFO:Total games: 13780
2024-06-17 06:36:51,398 INFO:Total games: 13790
2024-06-17 06:38:16,107 INFO:Total games: 13800
2024-06-17 06:39:39,270 INFO:Total games: 13810
2024-06-17 06:41:30,037 INFO:Total games: 13820
2024-06-17 06:43:03,445 INFO:Total games: 13830
2024-06-17 06:44:48,693 INFO:Total games: 13840
2024-06-17 06:46:22,485 INFO:Total games: 13850
2024-06-17 06:47:42,878 INFO:Total games: 13860
2024-06-17 06:49:01,677 INFO:Total games: 13870
2024-06-17 06:55:20,754 INFO:Total games: 13880
2024-06-17 06:56:38,903 INFO:Total games: 13890
2024-06-17 06:57:50,601 INFO:Total games: 13900
2024-06-17 06:59:21,721 INFO:Total games: 13910
2024-06-17 07:00:47,259 INFO:Total games: 13920
2024-06-17 07:02:24,246 INFO:Total games: 13930
2024-06-17 07:04:06,856 INFO:Total games: 13940
2024-06-17 07:05:27,002 INFO:Total games: 13950
2024-06-17 07:06:54,117 INFO:Total games: 13960
2024-06-17 07:08:24,476 INFO:Total games: 13970
2024-06-17 07:09:59,208 INFO:Total games: 13980
2024-06-17 07:11:28,585 INFO:Total games: 13990
2024-06-17 07:12:53,008 INFO:Total games: 14000
2024-06-17 07:14:09,196 INFO:Total games: 14010
2024-06-17 07:15:36,373 INFO:Total games: 14020
2024-06-17 07:17:00,323 INFO:Total games: 14030
2024-06-17 07:18:41,753 INFO:Total games: 14040
2024-06-17 07:20:27,803 INFO:Total games: 14050
2024-06-17 07:21:52,642 INFO:Total games: 14060
2024-06-17 07:23:43,300 INFO:Total games: 14070
2024-06-17 07:25:25,366 INFO:Total games: 14080
2024-06-17 07:27:08,167 INFO:Total games: 14090
2024-06-17 07:28:38,505 INFO:Total games: 14100
2024-06-17 07:30:31,813 INFO:Total games: 14110
2024-06-17 07:32:08,625 INFO:Total games: 14120
2024-06-17 07:33:37,517 INFO:Total games: 14130
2024-06-17 07:35:09,358 INFO:Total games: 14140
2024-06-17 07:36:32,154 INFO:Total games: 14150
2024-06-17 07:37:56,136 INFO:Total games: 14160
2024-06-17 07:39:47,653 INFO:Total games: 14170
2024-06-17 07:40:56,168 INFO:Total games: 14180
2024-06-17 07:42:31,091 INFO:Total games: 14190
2024-06-17 07:43:51,642 INFO:Total games: 14200
2024-06-17 07:45:19,468 INFO:Total games: 14210
2024-06-17 07:46:53,345 INFO:Total games: 14220
2024-06-17 07:48:57,285 INFO:Total games: 14230
2024-06-17 07:50:17,271 INFO:Total games: 14240
2024-06-17 07:51:34,900 INFO:Total games: 14250
2024-06-17 07:53:04,450 INFO:Total games: 14260
2024-06-17 07:54:44,527 INFO:Total games: 14270
2024-06-17 07:56:24,614 INFO:Total games: 14280
2024-06-17 07:58:11,972 INFO:Total games: 14290
2024-06-17 07:59:57,927 INFO:Total games: 14300
2024-06-17 08:01:28,260 INFO:Total games: 14310
2024-06-17 08:02:38,844 INFO:Total games: 14320
2024-06-17 08:04:02,298 INFO:Total games: 14330
2024-06-17 08:05:28,014 INFO:Total games: 14340
2024-06-17 08:07:10,220 INFO:Total games: 14350
2024-06-17 08:08:35,684 INFO:Total games: 14360
2024-06-17 08:10:26,755 INFO:Total games: 14370
2024-06-17 08:11:48,531 INFO:Total games: 14380
2024-06-17 08:13:56,538 INFO:Total games: 14390
2024-06-17 08:15:26,674 INFO:Total games: 14400
2024-06-17 08:17:05,709 INFO:Total games: 14410
2024-06-17 08:18:50,321 INFO:Total games: 14420
2024-06-17 08:19:59,860 INFO:Total games: 14430
2024-06-17 08:21:16,534 INFO:Total games: 14440
2024-06-17 08:27:27,108 INFO:Total games: 14450
2024-06-17 08:29:02,588 INFO:Total games: 14460
2024-06-17 08:30:23,279 INFO:Total games: 14470
2024-06-17 08:31:51,132 INFO:Total games: 14480
2024-06-17 08:33:22,419 INFO:Total games: 14490
2024-06-17 08:35:09,816 INFO:Total games: 14500
2024-06-17 08:36:22,933 INFO:Total games: 14510
2024-06-17 08:38:02,301 INFO:Total games: 14520
2024-06-17 08:39:43,959 INFO:Total games: 14530
2024-06-17 08:41:12,303 INFO:Total games: 14540
2024-06-17 08:42:46,000 INFO:Total games: 14550
2024-06-17 08:44:25,363 INFO:Total games: 14560
2024-06-17 08:46:08,741 INFO:Total games: 14570
2024-06-17 08:47:15,258 INFO:Total games: 14580
2024-06-17 08:48:52,804 INFO:Total games: 14590
2024-06-17 08:50:30,958 INFO:Total games: 14600
2024-06-17 08:52:26,256 INFO:Total games: 14610
2024-06-17 08:53:44,482 INFO:Total games: 14620
2024-06-17 08:55:23,595 INFO:Total games: 14630
2024-06-17 08:56:33,760 INFO:Total games: 14640
2024-06-17 08:57:57,300 INFO:Total games: 14650
2024-06-17 08:59:24,127 INFO:Total games: 14660
2024-06-17 09:00:55,843 INFO:Total games: 14670
2024-06-17 09:02:25,143 INFO:Total games: 14680
2024-06-17 09:04:05,101 INFO:Total games: 14690
2024-06-17 09:05:36,600 INFO:Total games: 14700
2024-06-17 09:07:12,432 INFO:Total games: 14710
2024-06-17 09:08:36,435 INFO:Total games: 14720
2024-06-17 09:10:00,769 INFO:Total games: 14730
2024-06-17 09:11:35,417 INFO:Total games: 14740
2024-06-17 09:12:51,281 INFO:Total games: 14750
2024-06-17 09:14:03,154 INFO:Total games: 14760
2024-06-17 09:15:36,588 INFO:Total games: 14770
2024-06-17 09:17:04,529 INFO:Total games: 14780
2024-06-17 09:18:28,978 INFO:Total games: 14790
2024-06-17 09:19:58,492 INFO:Total games: 14800
2024-06-17 09:21:50,681 INFO:Total games: 14810
2024-06-17 09:23:34,008 INFO:Total games: 14820
2024-06-17 09:25:14,673 INFO:Total games: 14830
2024-06-17 09:27:00,955 INFO:Total games: 14840
2024-06-17 09:28:42,029 INFO:Total games: 14850
2024-06-17 09:30:22,146 INFO:Total games: 14860
2024-06-17 09:31:42,759 INFO:Total games: 14870
2024-06-17 09:33:37,539 INFO:Total games: 14880
2024-06-17 09:35:23,159 INFO:Total games: 14890
2024-06-17 09:36:55,743 INFO:Total games: 14900
2024-06-17 09:38:24,260 INFO:Total games: 14910
2024-06-17 09:39:44,822 INFO:Total games: 14920
2024-06-17 09:41:10,267 INFO:Total games: 14930
2024-06-17 09:42:40,150 INFO:Total games: 14940
2024-06-17 09:44:07,835 INFO:Total games: 14950
2024-06-17 09:45:58,316 INFO:Total games: 14960
2024-06-17 09:48:00,094 INFO:Total games: 14970
2024-06-17 09:50:12,425 INFO:Total games: 14980
2024-06-17 09:51:50,595 INFO:Total games: 14990
2024-06-17 09:58:56,826 INFO:Total games: 15000
2024-06-17 10:00:25,833 INFO:Total games: 15010
2024-06-17 10:01:58,353 INFO:Total games: 15020
2024-06-17 10:03:32,286 INFO:Total games: 15030
2024-06-17 10:04:50,841 INFO:Total games: 15040
2024-06-17 10:06:20,254 INFO:Total games: 15050
2024-06-17 10:07:40,398 INFO:Total games: 15060
2024-06-17 10:09:01,664 INFO:Total games: 15070
2024-06-17 10:10:27,126 INFO:Total games: 15080
2024-06-17 10:12:04,492 INFO:Total games: 15090
2024-06-17 10:13:27,490 INFO:Total games: 15100
2024-06-17 10:15:12,074 INFO:Total games: 15110
2024-06-17 10:16:44,000 INFO:Total games: 15120
2024-06-17 10:18:13,185 INFO:Total games: 15130
2024-06-17 10:20:03,403 INFO:Total games: 15140
2024-06-17 10:21:35,877 INFO:Total games: 15150
2024-06-17 10:22:59,783 INFO:Total games: 15160
2024-06-17 10:24:43,981 INFO:Total games: 15170
2024-06-17 10:26:03,567 INFO:Total games: 15180
2024-06-17 10:27:35,951 INFO:Total games: 15190
2024-06-17 10:29:09,405 INFO:Total games: 15200
2024-06-17 10:30:38,415 INFO:Total games: 15210
2024-06-17 10:31:58,543 INFO:Total games: 15220
2024-06-17 10:33:27,116 INFO:Total games: 15230
2024-06-17 10:34:49,645 INFO:Total games: 15240
2024-06-17 10:36:16,061 INFO:Total games: 15250
2024-06-17 10:37:54,887 INFO:Total games: 15260
2024-06-17 10:39:32,879 INFO:Total games: 15270
2024-06-17 10:41:02,400 INFO:Total games: 15280
2024-06-17 10:42:29,001 INFO:Total games: 15290
2024-06-17 10:44:11,720 INFO:Total games: 15300
2024-06-17 10:45:52,204 INFO:Total games: 15310
2024-06-17 10:47:34,742 INFO:Total games: 15320
2024-06-17 10:48:51,086 INFO:Total games: 15330
2024-06-17 10:50:29,620 INFO:Total games: 15340
2024-06-17 10:51:53,377 INFO:Total games: 15350
2024-06-17 10:53:30,880 INFO:Total games: 15360
2024-06-17 10:54:59,419 INFO:Total games: 15370
2024-06-17 10:56:44,449 INFO:Total games: 15380
2024-06-17 10:58:05,120 INFO:Total games: 15390
2024-06-17 10:59:46,586 INFO:Total games: 15400
2024-06-17 11:01:14,428 INFO:Total games: 15410
2024-06-17 11:02:43,554 INFO:Total games: 15420
2024-06-17 11:04:03,296 INFO:Total games: 15430
2024-06-17 11:05:27,428 INFO:Total games: 15440
2024-06-17 11:07:07,934 INFO:Total games: 15450
2024-06-17 11:09:01,088 INFO:Total games: 15460
2024-06-17 11:11:01,537 INFO:Total games: 15470
2024-06-17 11:12:25,835 INFO:Total games: 15480
2024-06-17 11:14:00,202 INFO:Total games: 15490
2024-06-17 11:15:25,485 INFO:Total games: 15500
2024-06-17 11:17:01,171 INFO:Total games: 15510
2024-06-17 11:18:26,747 INFO:Total games: 15520
2024-06-17 11:20:00,499 INFO:Total games: 15530
2024-06-17 11:21:22,775 INFO:Total games: 15540
2024-06-17 11:22:55,623 INFO:Total games: 15550
2024-06-17 11:24:45,302 INFO:Total games: 15560
2024-06-17 11:32:50,683 INFO:Total games: 15570
2024-06-17 11:34:18,442 INFO:Total games: 15580
2024-06-17 11:35:47,326 INFO:Total games: 15590
2024-06-17 11:37:14,648 INFO:Total games: 15600
2024-06-17 11:38:52,520 INFO:Total games: 15610
2024-06-17 11:40:09,242 INFO:Total games: 15620
2024-06-17 11:41:25,022 INFO:Total games: 15630
2024-06-17 11:42:55,901 INFO:Total games: 15640
2024-06-17 11:44:32,748 INFO:Total games: 15650
2024-06-17 11:46:13,183 INFO:Total games: 15660
2024-06-17 11:47:51,799 INFO:Total games: 15670
2024-06-17 11:49:19,323 INFO:Total games: 15680
2024-06-17 11:50:44,045 INFO:Total games: 15690
2024-06-17 11:52:15,593 INFO:Total games: 15700
2024-06-17 11:53:38,497 INFO:Total games: 15710
2024-06-17 11:55:17,642 INFO:Total games: 15720
2024-06-17 11:56:22,606 INFO:Total games: 15730
2024-06-17 11:57:47,318 INFO:Total games: 15740
2024-06-17 11:59:29,795 INFO:Total games: 15750
2024-06-17 12:01:20,082 INFO:Total games: 15760
2024-06-17 12:02:44,677 INFO:Total games: 15770
2024-06-17 12:04:11,668 INFO:Total games: 15780
2024-06-17 12:05:35,403 INFO:Total games: 15790
2024-06-17 12:07:07,419 INFO:Total games: 15800
2024-06-17 12:08:51,846 INFO:Total games: 15810
2024-06-17 12:10:26,279 INFO:Total games: 15820
2024-06-17 12:12:00,587 INFO:Total games: 15830
2024-06-17 12:13:09,495 INFO:Total games: 15840
2024-06-17 12:14:27,850 INFO:Total games: 15850
2024-06-17 12:16:00,789 INFO:Total games: 15860
2024-06-17 12:17:33,395 INFO:Total games: 15870
2024-06-17 12:18:52,566 INFO:Total games: 15880
2024-06-17 12:20:40,234 INFO:Total games: 15890
2024-06-17 12:22:10,206 INFO:Total games: 15900
2024-06-17 12:23:55,479 INFO:Total games: 15910
2024-06-17 12:25:28,513 INFO:Total games: 15920
2024-06-17 12:27:11,916 INFO:Total games: 15930
2024-06-17 12:28:47,908 INFO:Total games: 15940
2024-06-17 12:30:14,056 INFO:Total games: 15950
2024-06-17 12:31:41,523 INFO:Total games: 15960
2024-06-17 12:33:11,804 INFO:Total games: 15970
2024-06-17 12:36:38,190 INFO:Total games: 15980
2024-06-17 12:38:06,054 INFO:Total games: 15990
2024-06-17 12:39:33,389 INFO:Total games: 16000
2024-06-17 12:40:41,267 INFO:Total games: 16010
2024-06-17 12:42:02,882 INFO:Total games: 16020
2024-06-17 12:43:27,443 INFO:Total games: 16030
2024-06-17 12:44:58,894 INFO:Total games: 16040
2024-06-17 12:46:22,125 INFO:Total games: 16050
2024-06-17 12:47:51,617 INFO:Total games: 16060
2024-06-17 12:49:11,262 INFO:Total games: 16070
2024-06-17 12:50:40,509 INFO:Total games: 16080
2024-06-17 12:52:07,039 INFO:Total games: 16090
2024-06-17 12:54:08,927 INFO:Total games: 16100
2024-06-17 12:55:46,535 INFO:Total games: 16110
2024-06-17 12:57:20,908 INFO:Total games: 16120
2024-06-17 12:59:10,856 INFO:Total games: 16130
2024-06-17 13:00:24,325 INFO:Total games: 16140
2024-06-17 13:07:28,119 INFO:Total games: 16150
2024-06-17 13:08:56,818 INFO:Total games: 16160
2024-06-17 13:10:22,393 INFO:Total games: 16170
2024-06-17 13:12:03,525 INFO:Total games: 16180
2024-06-17 13:13:33,944 INFO:Total games: 16190
2024-06-17 13:15:31,609 INFO:Total games: 16200
2024-06-17 13:17:00,512 INFO:Total games: 16210
2024-06-17 13:18:31,328 INFO:Total games: 16220
2024-06-17 13:20:10,628 INFO:Total games: 16230
2024-06-17 13:22:02,697 INFO:Total games: 16240
2024-06-17 13:23:35,243 INFO:Total games: 16250
2024-06-17 13:25:11,637 INFO:Total games: 16260
2024-06-17 13:27:01,949 INFO:Total games: 16270
2024-06-17 13:28:44,595 INFO:Total games: 16280
2024-06-17 13:29:42,410 INFO:Ending
2024-06-17 13:29:42,411 INFO:Duration: 2 days, 13 hours, 42 minutes, 7 seconds
2024-06-17 13:31:33,954 INFO:Starting
2024-06-17 13:33:10,345 INFO:Total games: 10
2024-06-17 13:34:46,763 INFO:Total games: 20
2024-06-17 13:36:30,715 INFO:Total games: 30
2024-06-17 13:37:21,596 INFO:Ending
2024-06-17 13:37:21,596 INFO:Duration: 0 days, 0 hours, 5 minutes, 47 seconds
2024-06-17 13:38:17,277 INFO:Starting
2024-06-17 13:40:08,730 INFO:Total games: 10
2024-06-17 13:41:55,415 INFO:Total games: 20
2024-06-17 13:43:39,517 INFO:Total games: 30
2024-06-17 13:45:03,611 INFO:Total games: 40
2024-06-17 13:46:34,823 INFO:Total games: 50
2024-06-17 13:47:50,799 INFO:Total games: 60
2024-06-17 13:55:58,442 INFO:Total games: 70
2024-06-17 13:57:32,880 INFO:Total games: 80
2024-06-17 13:59:04,759 INFO:Total games: 90
2024-06-17 14:00:28,158 INFO:Total games: 100
2024-06-17 14:01:56,698 INFO:Total games: 110
2024-06-17 14:03:19,477 INFO:Total games: 120
2024-06-17 14:04:39,405 INFO:Total games: 130
2024-06-17 14:05:59,717 INFO:Total games: 140
2024-06-17 14:07:36,827 INFO:Total games: 150
2024-06-17 14:08:55,481 INFO:Total games: 160
2024-06-17 14:10:27,202 INFO:Total games: 170
2024-06-17 14:11:42,567 INFO:Total games: 180
2024-06-17 14:13:26,825 INFO:Total games: 190
2024-06-17 14:14:59,931 INFO:Total games: 200
2024-06-17 14:16:33,329 INFO:Total games: 210
2024-06-17 14:18:03,345 INFO:Total games: 220
2024-06-17 14:19:26,241 INFO:Total games: 230
2024-06-17 14:20:48,540 INFO:Total games: 240
2024-06-17 14:22:16,255 INFO:Total games: 250
2024-06-17 14:23:46,598 INFO:Total games: 260
2024-06-17 14:25:06,504 INFO:Total games: 270
2024-06-17 14:26:21,279 INFO:Total games: 280
2024-06-17 14:27:52,507 INFO:Total games: 290
2024-06-17 14:29:25,346 INFO:Total games: 300
2024-06-17 14:30:57,987 INFO:Total games: 310
2024-06-17 14:32:22,100 INFO:Total games: 320
2024-06-17 14:33:51,800 INFO:Total games: 330
2024-06-17 14:35:30,845 INFO:Total games: 340
2024-06-17 14:37:10,184 INFO:Total games: 350
2024-06-17 14:38:52,186 INFO:Total games: 360
2024-06-17 14:40:36,088 INFO:Total games: 370
2024-06-17 14:41:53,694 INFO:Total games: 380
2024-06-17 14:43:25,613 INFO:Total games: 390
2024-06-17 14:45:00,628 INFO:Total games: 400
2024-06-17 14:46:15,517 INFO:Total games: 410
2024-06-17 14:47:48,901 INFO:Total games: 420
2024-06-17 14:49:26,733 INFO:Total games: 430
2024-06-17 14:51:03,829 INFO:Total games: 440
2024-06-17 14:52:40,739 INFO:Total games: 450
2024-06-17 14:54:30,418 INFO:Total games: 460
2024-06-17 14:56:06,996 INFO:Total games: 470
2024-06-17 14:57:39,121 INFO:Total games: 480
2024-06-17 14:59:12,208 INFO:Total games: 490
2024-06-17 15:00:31,898 INFO:Total games: 500
2024-06-17 15:07:20,736 INFO:Total games: 510
2024-06-17 15:08:49,662 INFO:Total games: 520
2024-06-17 15:10:02,765 INFO:Total games: 530
2024-06-17 15:11:17,170 INFO:Total games: 540
2024-06-17 15:12:35,177 INFO:Total games: 550
2024-06-17 15:14:07,243 INFO:Total games: 560
2024-06-17 15:15:35,492 INFO:Total games: 570
2024-06-17 15:17:07,634 INFO:Total games: 580
2024-06-17 15:18:42,223 INFO:Total games: 590
2024-06-17 15:20:02,507 INFO:Total games: 600
2024-06-17 15:21:26,931 INFO:Total games: 610
2024-06-17 15:22:43,293 INFO:Total games: 620
2024-06-17 15:24:24,643 INFO:Total games: 630
2024-06-17 15:25:43,674 INFO:Total games: 640
2024-06-17 15:27:09,121 INFO:Total games: 650
2024-06-17 15:28:50,577 INFO:Total games: 660
2024-06-17 15:30:15,774 INFO:Total games: 670
2024-06-17 15:31:51,195 INFO:Total games: 680
2024-06-17 15:33:11,716 INFO:Total games: 690
2024-06-17 15:34:54,634 INFO:Total games: 700
2024-06-17 15:36:26,131 INFO:Total games: 710
2024-06-17 15:37:59,379 INFO:Total games: 720
2024-06-17 15:39:23,560 INFO:Total games: 730
2024-06-17 15:40:59,734 INFO:Total games: 740
2024-06-17 15:42:29,521 INFO:Total games: 750
2024-06-17 15:44:06,426 INFO:Total games: 760
2024-06-17 15:45:21,181 INFO:Total games: 770
2024-06-17 15:46:55,641 INFO:Total games: 780
2024-06-17 15:48:33,915 INFO:Total games: 790
2024-06-17 15:50:17,659 INFO:Total games: 800
2024-06-17 15:51:51,484 INFO:Total games: 810
2024-06-17 15:53:10,211 INFO:Total games: 820
2024-06-17 15:54:29,682 INFO:Total games: 830
2024-06-17 15:56:02,444 INFO:Total games: 840
2024-06-17 15:57:27,273 INFO:Total games: 850
2024-06-17 15:58:45,558 INFO:Total games: 860
2024-06-17 16:00:07,951 INFO:Total games: 870
2024-06-17 16:01:36,642 INFO:Total games: 880
2024-06-17 16:03:00,753 INFO:Total games: 890
2024-06-17 16:04:31,987 INFO:Total games: 900
2024-06-17 16:06:33,425 INFO:Total games: 910
2024-06-17 16:08:03,072 INFO:Total games: 920
2024-06-17 16:09:41,559 INFO:Total games: 930
2024-06-17 16:11:22,750 INFO:Total games: 940
2024-06-17 16:12:47,556 INFO:Total games: 950
2024-06-17 16:14:17,712 INFO:Total games: 960
2024-06-17 16:15:56,930 INFO:Total games: 970
2024-06-17 16:17:27,146 INFO:Total games: 980
2024-06-17 16:18:47,812 INFO:Total games: 990
2024-06-17 16:20:16,044 INFO:Total games: 1000
2024-06-17 16:21:40,950 INFO:Total games: 1010
2024-06-17 16:23:30,276 INFO:Total games: 1020
2024-06-17 16:25:16,105 INFO:Total games: 1030
2024-06-17 16:26:43,436 INFO:Total games: 1040
2024-06-17 16:28:10,840 INFO:Total games: 1050
2024-06-17 16:30:19,960 INFO:Total games: 1060
2024-06-17 16:31:47,064 INFO:Total games: 1070
2024-06-17 16:33:14,351 INFO:Total games: 1080
2024-06-17 16:34:28,399 INFO:Total games: 1090
2024-06-17 16:41:43,001 INFO:Total games: 1100
2024-06-17 16:42:57,634 INFO:Total games: 1110
2024-06-17 16:44:22,062 INFO:Total games: 1120
2024-06-17 16:45:41,092 INFO:Total games: 1130
2024-06-17 16:47:00,193 INFO:Total games: 1140
2024-06-17 16:48:32,337 INFO:Total games: 1150
2024-06-17 16:50:13,766 INFO:Total games: 1160
2024-06-17 16:51:43,781 INFO:Total games: 1170
2024-06-17 16:53:27,716 INFO:Total games: 1180
2024-06-17 16:54:59,753 INFO:Total games: 1190
2024-06-17 16:56:31,715 INFO:Total games: 1200
2024-06-17 16:57:49,918 INFO:Total games: 1210
2024-06-17 16:59:16,573 INFO:Total games: 1220
2024-06-17 17:01:04,812 INFO:Total games: 1230
2024-06-17 17:02:25,337 INFO:Total games: 1240
2024-06-17 17:04:00,849 INFO:Total games: 1250
2024-06-17 17:05:23,410 INFO:Total games: 1260
2024-06-17 17:07:00,571 INFO:Total games: 1270
2024-06-17 17:08:29,377 INFO:Total games: 1280
2024-06-17 17:09:56,546 INFO:Total games: 1290
2024-06-17 17:11:28,715 INFO:Total games: 1300
2024-06-17 17:12:53,171 INFO:Total games: 1310
2024-06-17 17:14:41,799 INFO:Total games: 1320
2024-06-17 17:15:59,733 INFO:Total games: 1330
2024-06-17 17:17:53,501 INFO:Total games: 1340
2024-06-17 17:19:44,525 INFO:Total games: 1350
2024-06-17 17:21:08,213 INFO:Total games: 1360
2024-06-17 17:22:41,070 INFO:Total games: 1370
2024-06-17 17:24:11,053 INFO:Total games: 1380
2024-06-17 17:25:16,272 INFO:Total games: 1390
2024-06-17 17:26:28,990 INFO:Total games: 1400
2024-06-17 17:28:02,473 INFO:Total games: 1410
2024-06-17 17:29:08,945 INFO:Total games: 1420
2024-06-17 17:30:18,238 INFO:Total games: 1430
2024-06-17 17:31:43,984 INFO:Total games: 1440
2024-06-17 17:33:06,818 INFO:Total games: 1450
2024-06-17 17:34:43,523 INFO:Total games: 1460
2024-06-17 17:36:20,836 INFO:Total games: 1470
2024-06-17 17:37:38,304 INFO:Total games: 1480
2024-06-17 17:38:55,091 INFO:Total games: 1490
2024-06-17 17:40:31,856 INFO:Total games: 1500
2024-06-17 17:42:17,612 INFO:Total games: 1510
2024-06-17 17:43:51,397 INFO:Total games: 1520
2024-06-17 17:45:21,853 INFO:Total games: 1530
2024-06-17 17:46:46,470 INFO:Total games: 1540
2024-06-17 17:48:15,611 INFO:Total games: 1550
2024-06-17 17:49:53,644 INFO:Total games: 1560
2024-06-17 17:51:06,451 INFO:Total games: 1570
2024-06-17 17:52:42,857 INFO:Total games: 1580
2024-06-17 17:53:58,749 INFO:Total games: 1590
2024-06-17 17:55:34,881 INFO:Total games: 1600
2024-06-17 17:57:00,197 INFO:Total games: 1610
2024-06-17 17:58:33,211 INFO:Total games: 1620
2024-06-17 18:00:03,452 INFO:Total games: 1630
2024-06-17 18:01:32,816 INFO:Total games: 1640
2024-06-17 18:03:24,497 INFO:Total games: 1650
2024-06-17 18:05:03,032 INFO:Total games: 1660
2024-06-17 18:06:38,279 INFO:Total games: 1670
2024-06-17 18:08:14,543 INFO:Total games: 1680
2024-06-17 18:16:17,701 INFO:Total games: 1690
2024-06-17 18:17:36,933 INFO:Total games: 1700
2024-06-17 18:19:11,129 INFO:Total games: 1710
2024-06-17 18:20:51,971 INFO:Total games: 1720
2024-06-17 18:22:22,985 INFO:Total games: 1730
2024-06-17 18:23:23,821 INFO:Total games: 1740
2024-06-17 18:24:45,880 INFO:Total games: 1750
2024-06-17 18:26:06,045 INFO:Total games: 1760
2024-06-17 18:27:21,799 INFO:Total games: 1770
2024-06-17 18:28:50,778 INFO:Total games: 1780
2024-06-17 18:30:06,685 INFO:Total games: 1790
2024-06-17 18:31:39,644 INFO:Total games: 1800
2024-06-17 18:33:14,589 INFO:Total games: 1810
2024-06-17 18:35:00,642 INFO:Total games: 1820
2024-06-17 18:36:38,061 INFO:Total games: 1830
2024-06-17 18:37:56,303 INFO:Total games: 1840
2024-06-17 18:39:29,760 INFO:Total games: 1850
2024-06-17 18:41:00,752 INFO:Total games: 1860
2024-06-17 18:42:27,456 INFO:Total games: 1870
2024-06-17 18:43:52,581 INFO:Total games: 1880
2024-06-17 18:45:17,076 INFO:Total games: 1890
2024-06-17 18:47:03,518 INFO:Total games: 1900
2024-06-17 18:49:00,776 INFO:Total games: 1910
2024-06-17 18:50:36,617 INFO:Total games: 1920
2024-06-17 18:52:12,129 INFO:Total games: 1930
2024-06-17 18:53:42,240 INFO:Total games: 1940
2024-06-17 18:55:02,598 INFO:Total games: 1950
2024-06-17 18:56:24,255 INFO:Total games: 1960
2024-06-17 18:58:11,021 INFO:Total games: 1970
2024-06-17 18:59:42,608 INFO:Total games: 1980
2024-06-17 19:01:09,339 INFO:Total games: 1990
2024-06-17 19:02:19,126 INFO:Total games: 2000
2024-06-17 19:03:49,045 INFO:Total games: 2010
2024-06-17 19:05:41,147 INFO:Total games: 2020
2024-06-17 19:07:24,838 INFO:Total games: 2030
2024-06-17 19:08:53,707 INFO:Total games: 2040
2024-06-17 19:10:10,234 INFO:Total games: 2050
2024-06-17 19:11:21,122 INFO:Total games: 2060
2024-06-17 19:12:53,638 INFO:Total games: 2070
2024-06-17 19:14:41,216 INFO:Total games: 2080
2024-06-17 19:16:20,311 INFO:Total games: 2090
2024-06-17 19:17:46,147 INFO:Total games: 2100
2024-06-17 19:18:54,663 INFO:Total games: 2110
2024-06-17 19:20:14,946 INFO:Total games: 2120
2024-06-17 19:21:53,809 INFO:Total games: 2130
2024-06-17 19:23:19,068 INFO:Total games: 2140
2024-06-17 19:24:40,542 INFO:Total games: 2150
2024-06-17 19:26:09,244 INFO:Total games: 2160
2024-06-17 19:27:52,013 INFO:Total games: 2170
2024-06-17 19:29:33,094 INFO:Total games: 2180
2024-06-17 19:30:47,392 INFO:Total games: 2190
2024-06-17 19:32:17,052 INFO:Total games: 2200
2024-06-17 19:33:47,082 INFO:Total games: 2210
2024-06-17 19:35:25,654 INFO:Total games: 2220
2024-06-17 19:37:13,447 INFO:Total games: 2230
2024-06-17 19:39:23,262 INFO:Total games: 2240
2024-06-17 19:41:19,192 INFO:Total games: 2250
2024-06-17 19:42:56,754 INFO:Total games: 2260
2024-06-17 19:44:23,282 INFO:Total games: 2270
2024-06-17 19:52:04,051 INFO:Total games: 2280
2024-06-17 19:53:48,482 INFO:Total games: 2290
2024-06-17 19:55:00,154 INFO:Total games: 2300
2024-06-17 19:57:08,395 INFO:Total games: 2310
2024-06-17 19:58:46,825 INFO:Total games: 2320
2024-06-17 20:00:20,876 INFO:Total games: 2330
2024-06-17 20:02:01,669 INFO:Total games: 2340
2024-06-17 20:03:43,963 INFO:Total games: 2350
2024-06-17 20:05:27,007 INFO:Total games: 2360
2024-06-17 20:06:53,569 INFO:Total games: 2370
2024-06-17 20:08:17,425 INFO:Total games: 2380
2024-06-17 20:10:06,840 INFO:Total games: 2390
2024-06-17 20:11:35,211 INFO:Total games: 2400
2024-06-17 20:13:06,778 INFO:Total games: 2410
2024-06-17 20:14:53,237 INFO:Total games: 2420
2024-06-17 20:16:33,078 INFO:Total games: 2430
2024-06-17 20:18:10,674 INFO:Total games: 2440
2024-06-17 20:19:52,198 INFO:Total games: 2450
2024-06-17 20:21:17,211 INFO:Total games: 2460
2024-06-17 20:22:59,728 INFO:Total games: 2470
2024-06-17 20:24:26,689 INFO:Total games: 2480
2024-06-17 20:25:55,728 INFO:Total games: 2490
2024-06-17 20:27:28,722 INFO:Total games: 2500
2024-06-17 20:29:02,278 INFO:Total games: 2510
2024-06-17 20:30:45,102 INFO:Total games: 2520
2024-06-17 20:31:59,538 INFO:Total games: 2530
2024-06-17 20:33:40,567 INFO:Total games: 2540
2024-06-17 20:36:03,185 INFO:Total games: 2550
2024-06-17 20:37:19,063 INFO:Total games: 2560
2024-06-17 20:38:44,840 INFO:Total games: 2570
2024-06-17 20:40:20,475 INFO:Total games: 2580
2024-06-17 20:41:54,353 INFO:Total games: 2590
2024-06-17 20:43:18,905 INFO:Total games: 2600
2024-06-17 20:44:30,421 INFO:Total games: 2610
2024-06-17 20:46:13,812 INFO:Total games: 2620
2024-06-17 20:47:38,959 INFO:Total games: 2630
2024-06-17 20:48:59,864 INFO:Total games: 2640
2024-06-17 20:50:29,536 INFO:Total games: 2650
2024-06-17 20:51:29,886 INFO:Total games: 2660
2024-06-17 20:53:04,213 INFO:Total games: 2670
2024-06-17 20:54:16,945 INFO:Total games: 2680
2024-06-17 20:55:45,367 INFO:Total games: 2690
2024-06-17 20:57:13,250 INFO:Total games: 2700
2024-06-17 20:58:50,759 INFO:Total games: 2710
2024-06-17 21:00:22,031 INFO:Total games: 2720
2024-06-17 21:02:07,135 INFO:Total games: 2730
2024-06-17 21:03:35,967 INFO:Total games: 2740
2024-06-17 21:05:41,151 INFO:Total games: 2750
2024-06-17 21:07:02,113 INFO:Total games: 2760
2024-06-17 21:08:21,327 INFO:Total games: 2770
2024-06-17 21:09:41,965 INFO:Total games: 2780
2024-06-17 21:11:24,727 INFO:Total games: 2790
2024-06-17 21:13:28,232 INFO:Total games: 2800
2024-06-17 21:15:00,254 INFO:Total games: 2810
2024-06-17 21:16:56,091 INFO:Total games: 2820
2024-06-17 21:18:17,418 INFO:Total games: 2830
2024-06-17 21:19:19,873 INFO:Total games: 2840
2024-06-17 21:26:42,443 INFO:Total games: 2850
2024-06-17 21:28:06,454 INFO:Total games: 2860
2024-06-17 21:29:50,572 INFO:Total games: 2870
2024-06-17 21:31:08,324 INFO:Total games: 2880
2024-06-17 21:32:35,890 INFO:Total games: 2890
2024-06-17 21:34:10,899 INFO:Total games: 2900
2024-06-17 21:35:31,217 INFO:Total games: 2910
2024-06-17 21:37:01,357 INFO:Total games: 2920
2024-06-17 21:38:38,805 INFO:Total games: 2930
2024-06-17 21:39:58,431 INFO:Total games: 2940
2024-06-17 21:41:20,914 INFO:Total games: 2950
2024-06-17 21:42:35,999 INFO:Total games: 2960
2024-06-17 21:44:12,548 INFO:Total games: 2970
2024-06-17 21:45:46,020 INFO:Total games: 2980
2024-06-17 21:47:10,327 INFO:Total games: 2990
2024-06-17 21:48:24,907 INFO:Total games: 3000
2024-06-17 21:49:46,850 INFO:Total games: 3010
2024-06-17 21:51:03,110 INFO:Total games: 3020
2024-06-17 21:52:20,840 INFO:Total games: 3030
2024-06-17 21:54:00,185 INFO:Total games: 3040
2024-06-17 21:55:32,041 INFO:Total games: 3050
2024-06-17 21:57:09,896 INFO:Total games: 3060
2024-06-17 21:58:32,516 INFO:Total games: 3070
2024-06-17 21:59:57,272 INFO:Total games: 3080
2024-06-17 22:01:27,577 INFO:Total games: 3090
2024-06-17 22:02:54,230 INFO:Total games: 3100
2024-06-17 22:04:23,899 INFO:Total games: 3110
2024-06-17 22:05:39,228 INFO:Total games: 3120
2024-06-17 22:07:05,946 INFO:Total games: 3130
2024-06-17 22:08:45,769 INFO:Total games: 3140
2024-06-17 22:10:15,858 INFO:Total games: 3150
2024-06-17 22:11:34,928 INFO:Total games: 3160
2024-06-17 22:13:03,628 INFO:Total games: 3170
2024-06-17 22:14:48,420 INFO:Total games: 3180
2024-06-17 22:16:12,929 INFO:Total games: 3190
2024-06-17 22:17:57,193 INFO:Total games: 3200
2024-06-17 22:19:24,137 INFO:Total games: 3210
2024-06-17 22:21:05,817 INFO:Total games: 3220
2024-06-17 22:22:25,906 INFO:Total games: 3230
2024-06-17 22:23:47,529 INFO:Total games: 3240
2024-06-17 22:25:43,801 INFO:Total games: 3250
2024-06-17 22:27:27,005 INFO:Total games: 3260
2024-06-17 22:28:43,922 INFO:Total games: 3270
2024-06-17 22:30:09,461 INFO:Total games: 3280
2024-06-17 22:31:40,972 INFO:Total games: 3290
2024-06-17 22:32:56,716 INFO:Total games: 3300
2024-06-17 22:34:38,759 INFO:Total games: 3310
2024-06-17 22:36:11,485 INFO:Total games: 3320
2024-06-17 22:37:23,848 INFO:Total games: 3330
2024-06-17 22:39:04,690 INFO:Total games: 3340
2024-06-17 22:40:23,833 INFO:Total games: 3350
2024-06-17 22:41:53,986 INFO:Total games: 3360
2024-06-17 22:43:15,356 INFO:Total games: 3370
2024-06-17 22:44:42,974 INFO:Total games: 3380
2024-06-17 22:46:31,902 INFO:Total games: 3390
2024-06-17 22:48:32,129 INFO:Total games: 3400
2024-06-17 22:49:58,670 INFO:Total games: 3410
2024-06-17 22:51:23,113 INFO:Total games: 3420
2024-06-17 22:52:31,410 INFO:Total games: 3430
2024-06-17 22:53:37,703 INFO:Total games: 3440
2024-06-17 23:00:59,664 INFO:Total games: 3450
2024-06-17 23:02:26,261 INFO:Total games: 3460
2024-06-17 23:04:16,625 INFO:Total games: 3470
2024-06-17 23:05:55,685 INFO:Total games: 3480
2024-06-17 23:07:06,849 INFO:Total games: 3490
2024-06-17 23:08:35,594 INFO:Total games: 3500
2024-06-17 23:09:57,698 INFO:Total games: 3510
2024-06-17 23:11:29,899 INFO:Total games: 3520
2024-06-17 23:13:10,848 INFO:Total games: 3530
2024-06-17 23:15:10,135 INFO:Total games: 3540
2024-06-17 23:17:00,767 INFO:Total games: 3550
2024-06-17 23:18:41,609 INFO:Total games: 3560
2024-06-17 23:20:09,926 INFO:Total games: 3570
2024-06-17 23:21:32,167 INFO:Total games: 3580
2024-06-17 23:23:13,636 INFO:Total games: 3590
2024-06-17 23:24:57,445 INFO:Total games: 3600
2024-06-17 23:26:19,581 INFO:Total games: 3610
2024-06-17 23:27:55,897 INFO:Total games: 3620
2024-06-17 23:29:27,590 INFO:Total games: 3630
2024-06-17 23:30:52,335 INFO:Total games: 3640
2024-06-17 23:32:24,079 INFO:Total games: 3650
2024-06-17 23:33:53,776 INFO:Total games: 3660
2024-06-17 23:35:36,431 INFO:Total games: 3670
2024-06-17 23:37:11,522 INFO:Total games: 3680
2024-06-17 23:38:38,697 INFO:Total games: 3690
2024-06-17 23:40:07,670 INFO:Total games: 3700
2024-06-17 23:41:47,496 INFO:Total games: 3710
2024-06-17 23:43:19,738 INFO:Total games: 3720
2024-06-17 23:44:51,173 INFO:Total games: 3730
2024-06-17 23:46:31,503 INFO:Total games: 3740
2024-06-17 23:47:59,707 INFO:Total games: 3750
2024-06-17 23:49:21,144 INFO:Total games: 3760
2024-06-17 23:50:56,494 INFO:Total games: 3770
2024-06-17 23:52:19,690 INFO:Total games: 3780
2024-06-17 23:54:06,467 INFO:Total games: 3790
2024-06-17 23:55:53,638 INFO:Total games: 3800
2024-06-17 23:57:09,477 INFO:Total games: 3810
2024-06-17 23:58:45,899 INFO:Total games: 3820
2024-06-18 00:00:39,905 INFO:Total games: 3830
2024-06-18 00:02:11,004 INFO:Total games: 3840
2024-06-18 00:03:36,063 INFO:Total games: 3850
2024-06-18 00:05:07,708 INFO:Total games: 3860
2024-06-18 00:06:36,548 INFO:Total games: 3870
2024-06-18 00:08:18,328 INFO:Total games: 3880
2024-06-18 00:09:39,481 INFO:Total games: 3890
2024-06-18 00:10:51,924 INFO:Total games: 3900
2024-06-18 00:12:02,506 INFO:Total games: 3910
2024-06-18 00:13:12,583 INFO:Total games: 3920
2024-06-18 00:14:48,909 INFO:Total games: 3930
2024-06-18 00:16:04,544 INFO:Total games: 3940
2024-06-18 00:17:27,111 INFO:Total games: 3950
2024-06-18 00:19:01,902 INFO:Total games: 3960
2024-06-18 00:21:07,441 INFO:Total games: 3970
2024-06-18 00:23:03,055 INFO:Total games: 3980
2024-06-18 00:24:41,317 INFO:Total games: 3990
2024-06-18 00:26:53,466 INFO:Total games: 4000
2024-06-18 00:28:58,033 INFO:Total games: 4010
2024-06-18 00:31:02,968 INFO:Total games: 4020
2024-06-18 00:32:33,177 INFO:Total games: 4030
2024-06-18 00:33:47,066 INFO:Total games: 4040
2024-06-18 00:39:46,697 INFO:Total games: 4050
2024-06-18 00:41:18,261 INFO:Total games: 4060
2024-06-18 00:42:39,240 INFO:Total games: 4070
2024-06-18 00:44:00,810 INFO:Total games: 4080
2024-06-18 00:45:18,214 INFO:Total games: 4090
2024-06-18 00:46:43,530 INFO:Total games: 4100
2024-06-18 00:47:55,444 INFO:Total games: 4110
2024-06-18 00:49:48,959 INFO:Total games: 4120
2024-06-18 00:51:44,088 INFO:Total games: 4130
2024-06-18 00:53:31,565 INFO:Total games: 4140
2024-06-18 00:55:07,951 INFO:Total games: 4150
2024-06-18 00:56:20,407 INFO:Total games: 4160
2024-06-18 00:57:41,845 INFO:Total games: 4170
2024-06-18 00:59:17,911 INFO:Total games: 4180
2024-06-18 01:00:52,924 INFO:Total games: 4190
2024-06-18 01:02:17,767 INFO:Total games: 4200
2024-06-18 01:03:56,685 INFO:Total games: 4210
2024-06-18 01:05:21,593 INFO:Total games: 4220
2024-06-18 01:06:44,617 INFO:Total games: 4230
2024-06-18 01:08:37,907 INFO:Total games: 4240
2024-06-18 01:10:02,685 INFO:Total games: 4250
2024-06-18 01:11:21,451 INFO:Total games: 4260
2024-06-18 01:13:00,198 INFO:Total games: 4270
2024-06-18 01:14:37,861 INFO:Total games: 4280
2024-06-18 01:16:04,808 INFO:Total games: 4290
2024-06-18 01:17:30,229 INFO:Total games: 4300
2024-06-18 01:19:02,382 INFO:Total games: 4310
2024-06-18 01:20:27,821 INFO:Total games: 4320
2024-06-18 01:21:52,930 INFO:Total games: 4330
2024-06-18 01:23:36,622 INFO:Total games: 4340
2024-06-18 01:24:53,312 INFO:Total games: 4350
2024-06-18 01:26:31,265 INFO:Total games: 4360
2024-06-18 01:27:59,724 INFO:Total games: 4370
2024-06-18 01:29:32,941 INFO:Total games: 4380
2024-06-18 01:31:19,932 INFO:Total games: 4390
2024-06-18 01:33:05,682 INFO:Total games: 4400
2024-06-18 01:34:27,341 INFO:Total games: 4410
2024-06-18 01:35:56,029 INFO:Total games: 4420
2024-06-18 01:37:11,787 INFO:Total games: 4430
2024-06-18 01:38:25,647 INFO:Total games: 4440
2024-06-18 01:39:48,016 INFO:Total games: 4450
2024-06-18 01:41:04,142 INFO:Total games: 4460
2024-06-18 01:42:44,324 INFO:Total games: 4470
2024-06-18 01:44:13,196 INFO:Total games: 4480
2024-06-18 01:45:25,786 INFO:Total games: 4490
2024-06-18 01:46:59,511 INFO:Total games: 4500
2024-06-18 01:48:13,482 INFO:Total games: 4510
2024-06-18 01:49:17,605 INFO:Total games: 4520
2024-06-18 01:50:49,722 INFO:Total games: 4530
2024-06-18 01:52:31,533 INFO:Total games: 4540
2024-06-18 01:54:08,180 INFO:Total games: 4550
2024-06-18 01:55:34,547 INFO:Total games: 4560
2024-06-18 01:57:25,309 INFO:Total games: 4570
2024-06-18 01:59:15,676 INFO:Total games: 4580
2024-06-18 02:00:42,344 INFO:Total games: 4590
2024-06-18 02:02:04,396 INFO:Total games: 4600
2024-06-18 02:03:40,160 INFO:Total games: 4610
2024-06-18 02:04:58,768 INFO:Total games: 4620
2024-06-18 02:12:07,081 INFO:Total games: 4630
2024-06-18 02:13:40,195 INFO:Total games: 4640
2024-06-18 02:15:00,239 INFO:Total games: 4650
2024-06-18 02:16:21,439 INFO:Total games: 4660
2024-06-18 02:17:53,779 INFO:Total games: 4670
2024-06-18 02:19:17,778 INFO:Total games: 4680
2024-06-18 02:20:39,301 INFO:Total games: 4690
2024-06-18 02:22:16,301 INFO:Total games: 4700
2024-06-18 02:23:49,675 INFO:Total games: 4710
2024-06-18 02:25:13,064 INFO:Total games: 4720
2024-06-18 02:26:30,288 INFO:Total games: 4730
2024-06-18 02:27:50,197 INFO:Total games: 4740
2024-06-18 02:29:05,575 INFO:Total games: 4750
2024-06-18 02:30:29,668 INFO:Total games: 4760
2024-06-18 02:31:51,740 INFO:Total games: 4770
2024-06-18 02:33:25,578 INFO:Total games: 4780
2024-06-18 02:34:56,019 INFO:Total games: 4790
2024-06-18 02:36:29,541 INFO:Total games: 4800
2024-06-18 02:37:52,317 INFO:Total games: 4810
2024-06-18 02:39:23,865 INFO:Total games: 4820
2024-06-18 02:40:56,339 INFO:Total games: 4830
2024-06-18 02:42:27,573 INFO:Total games: 4840
2024-06-18 02:44:24,925 INFO:Total games: 4850
2024-06-18 02:45:50,102 INFO:Total games: 4860
2024-06-18 02:47:15,034 INFO:Total games: 4870
2024-06-18 02:48:48,524 INFO:Total games: 4880
2024-06-18 02:50:39,198 INFO:Total games: 4890
2024-06-18 02:52:06,371 INFO:Total games: 4900
2024-06-18 02:53:47,878 INFO:Total games: 4910
2024-06-18 02:55:22,696 INFO:Total games: 4920
2024-06-18 02:57:19,837 INFO:Total games: 4930
2024-06-18 02:59:01,388 INFO:Total games: 4940
2024-06-18 03:00:41,858 INFO:Total games: 4950
2024-06-18 03:02:14,982 INFO:Total games: 4960
2024-06-18 03:03:53,197 INFO:Total games: 4970
2024-06-18 03:05:22,159 INFO:Total games: 4980
2024-06-18 03:06:53,524 INFO:Total games: 4990
2024-06-18 03:08:30,478 INFO:Total games: 5000
2024-06-18 03:10:02,973 INFO:Total games: 5010
2024-06-18 03:11:12,171 INFO:Total games: 5020
2024-06-18 03:12:43,810 INFO:Total games: 5030
2024-06-18 03:14:17,874 INFO:Total games: 5040
2024-06-18 03:16:05,397 INFO:Total games: 5050
2024-06-18 03:17:30,005 INFO:Total games: 5060
2024-06-18 03:19:03,990 INFO:Total games: 5070
2024-06-18 03:20:17,065 INFO:Total games: 5080
2024-06-18 03:22:03,268 INFO:Total games: 5090
2024-06-18 03:23:44,181 INFO:Total games: 5100
2024-06-18 03:25:16,261 INFO:Total games: 5110
2024-06-18 03:26:38,474 INFO:Total games: 5120
2024-06-18 03:28:08,784 INFO:Total games: 5130
2024-06-18 03:29:38,569 INFO:Total games: 5140
2024-06-18 03:31:35,140 INFO:Total games: 5150
2024-06-18 03:33:10,507 INFO:Total games: 5160
2024-06-18 03:34:59,427 INFO:Total games: 5170
2024-06-18 03:36:37,627 INFO:Total games: 5180
2024-06-18 03:44:36,980 INFO:Total games: 5190
2024-06-18 03:46:24,473 INFO:Total games: 5200
2024-06-18 03:48:13,863 INFO:Total games: 5210
2024-06-18 03:49:54,854 INFO:Total games: 5220
2024-06-18 03:51:22,096 INFO:Total games: 5230
2024-06-18 03:52:48,946 INFO:Total games: 5240
2024-06-18 03:54:07,620 INFO:Total games: 5250
2024-06-18 03:55:29,393 INFO:Total games: 5260
2024-06-18 03:57:02,884 INFO:Total games: 5270
2024-06-18 03:58:52,105 INFO:Total games: 5280
2024-06-18 04:00:08,468 INFO:Total games: 5290
2024-06-18 04:01:21,713 INFO:Total games: 5300
2024-06-18 04:02:57,919 INFO:Total games: 5310
2024-06-18 04:04:26,447 INFO:Total games: 5320
2024-06-18 04:06:05,532 INFO:Total games: 5330
2024-06-18 04:08:01,142 INFO:Total games: 5340
2024-06-18 04:09:29,526 INFO:Total games: 5350
2024-06-18 04:10:48,383 INFO:Total games: 5360
2024-06-18 04:12:09,565 INFO:Total games: 5370
2024-06-18 04:13:45,379 INFO:Total games: 5380
2024-06-18 04:14:54,580 INFO:Total games: 5390
2024-06-18 04:16:13,906 INFO:Total games: 5400
2024-06-18 04:17:37,486 INFO:Total games: 5410
2024-06-18 04:18:48,138 INFO:Total games: 5420
2024-06-18 04:20:12,341 INFO:Total games: 5430
2024-06-18 04:21:40,678 INFO:Total games: 5440
2024-06-18 04:22:51,268 INFO:Total games: 5450
2024-06-18 04:24:16,403 INFO:Total games: 5460
2024-06-18 04:25:55,011 INFO:Total games: 5470
2024-06-18 04:27:38,896 INFO:Total games: 5480
2024-06-18 04:29:28,349 INFO:Total games: 5490
2024-06-18 04:31:13,996 INFO:Total games: 5500
2024-06-18 04:32:59,058 INFO:Total games: 5510
2024-06-18 04:34:34,647 INFO:Total games: 5520
2024-06-18 04:36:01,570 INFO:Total games: 5530
2024-06-18 04:37:14,097 INFO:Total games: 5540
2024-06-18 04:39:10,438 INFO:Total games: 5550
2024-06-18 04:40:42,475 INFO:Total games: 5560
2024-06-18 04:42:11,412 INFO:Total games: 5570
2024-06-18 04:43:40,006 INFO:Total games: 5580
2024-06-18 04:45:11,832 INFO:Total games: 5590
2024-06-18 04:46:34,070 INFO:Total games: 5600
2024-06-18 04:48:09,150 INFO:Total games: 5610
2024-06-18 04:49:47,454 INFO:Total games: 5620
2024-06-18 04:51:24,584 INFO:Total games: 5630
2024-06-18 04:52:54,106 INFO:Total games: 5640
2024-06-18 04:54:32,554 INFO:Total games: 5650
2024-06-18 04:55:51,371 INFO:Total games: 5660
2024-06-18 04:57:18,067 INFO:Total games: 5670
2024-06-18 04:58:42,870 INFO:Total games: 5680
2024-06-18 05:00:28,563 INFO:Total games: 5690
2024-06-18 05:02:21,800 INFO:Total games: 5700
2024-06-18 05:04:17,013 INFO:Total games: 5710
2024-06-18 05:05:39,240 INFO:Total games: 5720
2024-06-18 05:07:25,557 INFO:Total games: 5730
2024-06-18 05:08:42,680 INFO:Total games: 5740
2024-06-18 05:09:56,442 INFO:Total games: 5750
2024-06-18 05:17:29,536 INFO:Total games: 5760
2024-06-18 05:19:02,689 INFO:Total games: 5770
2024-06-18 05:20:34,304 INFO:Total games: 5780
2024-06-18 05:22:15,177 INFO:Total games: 5790
2024-06-18 05:23:45,266 INFO:Total games: 5800
2024-06-18 05:25:18,914 INFO:Total games: 5810
2024-06-18 05:26:56,709 INFO:Total games: 5820
2024-06-18 05:28:30,962 INFO:Total games: 5830
2024-06-18 05:30:04,953 INFO:Total games: 5840
2024-06-18 05:31:29,457 INFO:Total games: 5850
2024-06-18 05:32:58,830 INFO:Total games: 5860
2024-06-18 05:34:14,844 INFO:Total games: 5870
2024-06-18 05:35:35,379 INFO:Total games: 5880
2024-06-18 05:37:01,097 INFO:Total games: 5890
2024-06-18 05:38:30,773 INFO:Total games: 5900
2024-06-18 05:39:50,742 INFO:Total games: 5910
2024-06-18 05:41:32,034 INFO:Total games: 5920
2024-06-18 05:43:20,299 INFO:Total games: 5930
2024-06-18 05:44:39,575 INFO:Total games: 5940
2024-06-18 05:46:03,449 INFO:Total games: 5950
2024-06-18 05:47:30,903 INFO:Total games: 5960
2024-06-18 05:48:45,096 INFO:Total games: 5970
2024-06-18 05:50:31,995 INFO:Total games: 5980
2024-06-18 05:51:54,062 INFO:Total games: 5990
2024-06-18 05:53:52,709 INFO:Total games: 6000
2024-06-18 05:55:24,106 INFO:Total games: 6010
2024-06-18 05:57:02,227 INFO:Total games: 6020
2024-06-18 05:58:46,854 INFO:Total games: 6030
2024-06-18 06:00:17,425 INFO:Total games: 6040
2024-06-18 06:01:49,870 INFO:Total games: 6050
2024-06-18 06:03:11,335 INFO:Total games: 6060
2024-06-18 06:04:44,858 INFO:Total games: 6070
2024-06-18 06:06:24,410 INFO:Total games: 6080
2024-06-18 06:07:41,472 INFO:Total games: 6090
2024-06-18 06:09:08,432 INFO:Total games: 6100
2024-06-18 06:10:29,819 INFO:Total games: 6110
2024-06-18 06:12:05,048 INFO:Total games: 6120
2024-06-18 06:13:34,975 INFO:Total games: 6130
2024-06-18 06:15:25,342 INFO:Total games: 6140
2024-06-18 06:17:00,399 INFO:Total games: 6150
2024-06-18 06:18:42,378 INFO:Total games: 6160
2024-06-18 06:20:13,555 INFO:Total games: 6170
2024-06-18 06:21:28,569 INFO:Total games: 6180
2024-06-18 06:22:52,439 INFO:Total games: 6190
2024-06-18 06:24:43,211 INFO:Total games: 6200
2024-06-18 06:26:00,193 INFO:Total games: 6210
2024-06-18 06:27:30,433 INFO:Total games: 6220
2024-06-18 06:28:48,246 INFO:Total games: 6230
2024-06-18 06:30:28,749 INFO:Total games: 6240
2024-06-18 06:32:01,722 INFO:Total games: 6250
2024-06-18 06:33:11,159 INFO:Total games: 6260
2024-06-18 06:35:05,691 INFO:Total games: 6270
2024-06-18 06:36:44,342 INFO:Total games: 6280
2024-06-18 06:38:47,199 INFO:Total games: 6290
2024-06-18 06:40:44,518 INFO:Total games: 6300
2024-06-18 06:42:28,165 INFO:Total games: 6310
2024-06-18 06:50:39,739 INFO:Total games: 6320
2024-06-18 06:52:05,416 INFO:Total games: 6330
2024-06-18 06:53:23,363 INFO:Total games: 6340
2024-06-18 06:55:11,296 INFO:Total games: 6350
2024-06-18 06:56:34,080 INFO:Total games: 6360
2024-06-18 06:58:12,411 INFO:Total games: 6370
2024-06-18 06:59:44,104 INFO:Total games: 6380
2024-06-18 07:01:17,766 INFO:Total games: 6390
2024-06-18 07:02:56,565 INFO:Total games: 6400
2024-06-18 07:04:16,363 INFO:Total games: 6410
2024-06-18 07:05:48,442 INFO:Total games: 6420
2024-06-18 07:07:17,766 INFO:Total games: 6430
2024-06-18 07:08:59,285 INFO:Total games: 6440
2024-06-18 07:10:35,773 INFO:Total games: 6450
2024-06-18 07:12:14,882 INFO:Total games: 6460
2024-06-18 07:13:57,916 INFO:Total games: 6470
2024-06-18 07:15:18,064 INFO:Total games: 6480
2024-06-18 07:16:51,659 INFO:Total games: 6490
2024-06-18 07:18:06,901 INFO:Total games: 6500
2024-06-18 07:19:38,369 INFO:Total games: 6510
2024-06-18 07:20:42,992 INFO:Total games: 6520
2024-06-18 07:22:20,415 INFO:Total games: 6530
2024-06-18 07:23:54,351 INFO:Total games: 6540
2024-06-18 07:25:37,169 INFO:Total games: 6550
2024-06-18 07:27:09,311 INFO:Total games: 6560
2024-06-18 07:28:35,085 INFO:Total games: 6570
2024-06-18 07:30:10,697 INFO:Total games: 6580
2024-06-18 07:31:34,834 INFO:Total games: 6590
2024-06-18 07:33:21,417 INFO:Total games: 6600
2024-06-18 07:34:36,574 INFO:Total games: 6610
2024-06-18 07:35:54,808 INFO:Total games: 6620
2024-06-18 07:37:24,800 INFO:Total games: 6630
2024-06-18 07:38:37,699 INFO:Total games: 6640
2024-06-18 07:40:14,039 INFO:Total games: 6650
2024-06-18 07:41:30,503 INFO:Total games: 6660
2024-06-18 07:42:48,044 INFO:Total games: 6670
2024-06-18 07:44:35,608 INFO:Total games: 6680
2024-06-18 07:46:05,098 INFO:Total games: 6690
2024-06-18 07:47:23,081 INFO:Total games: 6700
2024-06-18 07:48:55,952 INFO:Total games: 6710
2024-06-18 07:50:06,810 INFO:Total games: 6720
2024-06-18 07:51:44,208 INFO:Total games: 6730
2024-06-18 07:53:11,673 INFO:Total games: 6740
2024-06-18 07:54:39,967 INFO:Total games: 6750
2024-06-18 07:56:12,629 INFO:Total games: 6760
2024-06-18 07:57:26,617 INFO:Total games: 6770
2024-06-18 07:58:47,328 INFO:Total games: 6780
2024-06-18 08:00:21,020 INFO:Total games: 6790
2024-06-18 08:01:52,800 INFO:Total games: 6800
2024-06-18 08:03:43,847 INFO:Total games: 6810
2024-06-18 08:05:18,311 INFO:Total games: 6820
2024-06-18 08:06:31,904 INFO:Total games: 6830
2024-06-18 08:08:02,184 INFO:Total games: 6840
2024-06-18 08:09:16,939 INFO:Total games: 6850
2024-06-18 08:10:48,792 INFO:Total games: 6860
2024-06-18 08:12:31,644 INFO:Total games: 6870
2024-06-18 08:14:16,584 INFO:Total games: 6880
2024-06-18 08:16:00,420 INFO:Total games: 6890
2024-06-18 08:24:03,896 INFO:Total games: 6900
2024-06-18 08:25:24,989 INFO:Total games: 6910
2024-06-18 08:26:55,802 INFO:Total games: 6920
2024-06-18 08:28:25,036 INFO:Total games: 6930
2024-06-18 08:29:49,476 INFO:Total games: 6940
2024-06-18 08:31:20,554 INFO:Total games: 6950
2024-06-18 08:33:03,946 INFO:Total games: 6960
2024-06-18 08:34:35,993 INFO:Total games: 6970
2024-06-18 08:36:16,269 INFO:Total games: 6980
2024-06-18 08:37:55,803 INFO:Total games: 6990
2024-06-18 08:39:26,806 INFO:Total games: 7000
2024-06-18 08:40:45,793 INFO:Total games: 7010
2024-06-18 08:42:00,043 INFO:Total games: 7020
2024-06-18 08:43:45,446 INFO:Total games: 7030
2024-06-18 08:45:22,974 INFO:Total games: 7040
2024-06-18 08:46:57,428 INFO:Total games: 7050
2024-06-18 08:48:22,377 INFO:Total games: 7060
2024-06-18 08:50:04,335 INFO:Total games: 7070
2024-06-18 08:51:27,887 INFO:Total games: 7080
2024-06-18 08:52:41,442 INFO:Total games: 7090
2024-06-18 08:54:05,383 INFO:Total games: 7100
2024-06-18 08:55:42,429 INFO:Total games: 7110
2024-06-18 08:57:02,633 INFO:Total games: 7120
2024-06-18 08:58:25,174 INFO:Total games: 7130
2024-06-18 08:59:59,255 INFO:Total games: 7140
2024-06-18 09:01:46,851 INFO:Total games: 7150
2024-06-18 09:03:12,599 INFO:Total games: 7160
2024-06-18 09:04:47,871 INFO:Total games: 7170
2024-06-18 09:06:19,581 INFO:Total games: 7180
2024-06-18 09:07:52,559 INFO:Total games: 7190
2024-06-18 09:09:31,835 INFO:Total games: 7200
2024-06-18 09:10:50,972 INFO:Total games: 7210
2024-06-18 09:12:35,161 INFO:Total games: 7220
2024-06-18 09:13:56,617 INFO:Total games: 7230
2024-06-18 09:15:32,399 INFO:Total games: 7240
2024-06-18 09:17:12,942 INFO:Total games: 7250
2024-06-18 09:19:01,813 INFO:Total games: 7260
2024-06-18 09:20:21,088 INFO:Total games: 7270
2024-06-18 09:22:12,051 INFO:Total games: 7280
2024-06-18 09:23:57,015 INFO:Total games: 7290
2024-06-18 09:25:30,730 INFO:Total games: 7300
2024-06-18 09:27:01,012 INFO:Total games: 7310
2024-06-18 09:28:29,704 INFO:Total games: 7320
2024-06-18 09:29:50,610 INFO:Total games: 7330
2024-06-18 09:31:44,417 INFO:Total games: 7340
2024-06-18 09:33:33,221 INFO:Total games: 7350
2024-06-18 09:35:05,029 INFO:Total games: 7360
2024-06-18 09:36:41,934 INFO:Total games: 7370
2024-06-18 09:38:09,959 INFO:Total games: 7380
2024-06-18 09:39:51,620 INFO:Total games: 7390
2024-06-18 09:41:20,280 INFO:Total games: 7400
2024-06-18 09:43:05,724 INFO:Total games: 7410
2024-06-18 09:44:25,600 INFO:Total games: 7420
2024-06-18 09:46:19,410 INFO:Total games: 7430
2024-06-18 09:48:01,908 INFO:Total games: 7440
2024-06-18 09:49:26,607 INFO:Total games: 7450
2024-06-18 09:57:16,903 INFO:Total games: 7460
2024-06-18 09:58:52,343 INFO:Total games: 7470
2024-06-18 10:00:19,299 INFO:Total games: 7480
2024-06-18 10:01:47,863 INFO:Total games: 7490
2024-06-18 10:03:11,289 INFO:Total games: 7500
2024-06-18 10:04:38,428 INFO:Total games: 7510
2024-06-18 10:06:22,459 INFO:Total games: 7520
2024-06-18 10:07:57,179 INFO:Total games: 7530
2024-06-18 10:09:23,307 INFO:Total games: 7540
2024-06-18 10:10:54,730 INFO:Total games: 7550
2024-06-18 10:12:17,755 INFO:Total games: 7560
2024-06-18 10:13:43,448 INFO:Total games: 7570
2024-06-18 10:15:20,273 INFO:Total games: 7580
2024-06-18 10:17:08,288 INFO:Total games: 7590
2024-06-18 10:18:34,126 INFO:Total games: 7600
2024-06-18 10:20:03,677 INFO:Total games: 7610
2024-06-18 10:21:15,251 INFO:Total games: 7620
2024-06-18 10:23:07,320 INFO:Total games: 7630
2024-06-18 10:24:32,868 INFO:Total games: 7640
2024-06-18 10:26:02,229 INFO:Total games: 7650
2024-06-18 10:27:44,172 INFO:Total games: 7660
2024-06-18 10:29:10,716 INFO:Total games: 7670
2024-06-18 10:30:32,050 INFO:Total games: 7680
2024-06-18 10:31:42,382 INFO:Total games: 7690
2024-06-18 10:33:03,080 INFO:Total games: 7700
2024-06-18 10:34:11,543 INFO:Total games: 7710
2024-06-18 10:35:46,927 INFO:Total games: 7720
2024-06-18 10:37:15,252 INFO:Total games: 7730
2024-06-18 10:38:49,915 INFO:Total games: 7740
2024-06-18 10:40:11,704 INFO:Total games: 7750
2024-06-18 10:41:41,407 INFO:Total games: 7760
2024-06-18 10:43:07,943 INFO:Total games: 7770
2024-06-18 10:44:19,366 INFO:Total games: 7780
2024-06-18 10:45:35,811 INFO:Total games: 7790
2024-06-18 10:47:10,427 INFO:Total games: 7800
2024-06-18 10:48:41,649 INFO:Total games: 7810
2024-06-18 10:49:55,837 INFO:Total games: 7820
2024-06-18 10:51:13,143 INFO:Total games: 7830
2024-06-18 10:52:26,907 INFO:Total games: 7840
2024-06-18 10:54:22,682 INFO:Total games: 7850
2024-06-18 10:55:54,374 INFO:Total games: 7860
2024-06-18 10:57:16,016 INFO:Total games: 7870
2024-06-18 10:58:47,854 INFO:Total games: 7880
2024-06-18 11:00:32,192 INFO:Total games: 7890
2024-06-18 11:02:28,046 INFO:Total games: 7900
2024-06-18 11:04:00,150 INFO:Total games: 7910
2024-06-18 11:05:28,970 INFO:Total games: 7920
2024-06-18 11:07:17,328 INFO:Total games: 7930
2024-06-18 11:08:56,535 INFO:Total games: 7940
2024-06-18 11:10:23,827 INFO:Total games: 7950
2024-06-18 11:11:50,229 INFO:Total games: 7960
2024-06-18 11:12:56,660 INFO:Total games: 7970
2024-06-18 11:14:24,198 INFO:Total games: 7980
2024-06-18 11:15:56,382 INFO:Total games: 7990
2024-06-18 11:17:37,242 INFO:Total games: 8000
2024-06-18 11:19:20,283 INFO:Total games: 8010
2024-06-18 11:20:46,993 INFO:Total games: 8020
2024-06-18 11:22:11,891 INFO:Total games: 8030
2024-06-18 11:30:38,608 INFO:Total games: 8040
2024-06-18 11:32:05,299 INFO:Total games: 8050
2024-06-18 11:33:42,323 INFO:Total games: 8060
2024-06-18 11:35:23,021 INFO:Total games: 8070
2024-06-18 11:37:08,115 INFO:Total games: 8080
2024-06-18 11:38:47,875 INFO:Total games: 8090
2024-06-18 11:40:21,293 INFO:Total games: 8100
2024-06-18 11:41:46,367 INFO:Total games: 8110
2024-06-18 11:43:25,395 INFO:Total games: 8120
2024-06-18 11:45:01,259 INFO:Total games: 8130
2024-06-18 11:46:38,471 INFO:Total games: 8140
2024-06-18 11:48:27,957 INFO:Total games: 8150
2024-06-18 11:49:31,746 INFO:Total games: 8160
2024-06-18 11:50:50,133 INFO:Total games: 8170
2024-06-18 11:52:27,340 INFO:Total games: 8180
2024-06-18 11:54:04,921 INFO:Total games: 8190
2024-06-18 11:55:38,179 INFO:Total games: 8200
2024-06-18 11:57:17,354 INFO:Total games: 8210
2024-06-18 11:58:53,639 INFO:Total games: 8220
2024-06-18 12:00:40,711 INFO:Total games: 8230
2024-06-18 12:02:26,932 INFO:Total games: 8240
2024-06-18 12:03:58,101 INFO:Total games: 8250
2024-06-18 12:05:40,161 INFO:Total games: 8260
2024-06-18 12:07:06,700 INFO:Total games: 8270
2024-06-18 12:08:41,447 INFO:Total games: 8280
2024-06-18 12:10:25,957 INFO:Total games: 8290
2024-06-18 12:12:05,659 INFO:Total games: 8300
2024-06-18 12:13:37,950 INFO:Total games: 8310
2024-06-18 12:15:07,785 INFO:Total games: 8320
2024-06-18 12:16:27,440 INFO:Total games: 8330
2024-06-18 12:17:43,789 INFO:Total games: 8340
2024-06-18 12:19:12,830 INFO:Total games: 8350
2024-06-18 12:20:26,234 INFO:Total games: 8360
2024-06-18 12:22:16,624 INFO:Total games: 8370
2024-06-18 12:23:56,956 INFO:Total games: 8380
2024-06-18 12:25:23,799 INFO:Total games: 8390
2024-06-18 12:26:42,655 INFO:Total games: 8400
2024-06-18 12:28:10,045 INFO:Total games: 8410
2024-06-18 12:29:39,206 INFO:Total games: 8420
2024-06-18 12:31:20,211 INFO:Total games: 8430
2024-06-18 12:33:07,754 INFO:Total games: 8440
2024-06-18 12:34:08,463 INFO:Total games: 8450
2024-06-18 12:35:42,333 INFO:Total games: 8460
2024-06-18 12:37:19,350 INFO:Total games: 8470
2024-06-18 12:38:44,698 INFO:Total games: 8480
2024-06-18 12:40:07,356 INFO:Total games: 8490
2024-06-18 12:41:14,603 INFO:Total games: 8500
2024-06-18 12:43:09,567 INFO:Total games: 8510
2024-06-18 12:44:32,883 INFO:Total games: 8520
2024-06-18 12:45:59,180 INFO:Total games: 8530
2024-06-18 12:47:40,336 INFO:Total games: 8540
2024-06-18 12:49:16,778 INFO:Total games: 8550
2024-06-18 12:50:54,457 INFO:Total games: 8560
2024-06-18 12:52:42,621 INFO:Total games: 8570
2024-06-18 12:54:24,288 INFO:Total games: 8580
2024-06-18 12:55:56,108 INFO:Total games: 8590
2024-06-18 13:03:56,919 INFO:Total games: 8600
2024-06-18 13:05:43,802 INFO:Total games: 8610
2024-06-18 13:07:08,815 INFO:Total games: 8620
2024-06-18 13:08:36,124 INFO:Total games: 8630
2024-06-18 13:09:56,743 INFO:Total games: 8640
2024-06-18 13:11:36,819 INFO:Total games: 8650
2024-06-18 13:12:59,170 INFO:Total games: 8660
2024-06-18 13:14:36,709 INFO:Total games: 8670
2024-06-18 13:16:16,793 INFO:Total games: 8680
2024-06-18 13:18:07,906 INFO:Total games: 8690
2024-06-18 13:19:46,906 INFO:Total games: 8700
2024-06-18 13:21:18,089 INFO:Total games: 8710
2024-06-18 13:22:48,032 INFO:Total games: 8720
2024-06-18 13:24:13,088 INFO:Total games: 8730
2024-06-18 13:25:59,517 INFO:Total games: 8740
2024-06-18 13:27:28,567 INFO:Total games: 8750
2024-06-18 13:28:53,986 INFO:Total games: 8760
2024-06-18 13:30:18,381 INFO:Total games: 8770
2024-06-18 13:31:45,234 INFO:Total games: 8780
2024-06-18 13:33:11,906 INFO:Total games: 8790
2024-06-18 13:34:41,980 INFO:Total games: 8800
2024-06-18 13:35:56,357 INFO:Total games: 8810
2024-06-18 13:37:23,151 INFO:Total games: 8820
2024-06-18 13:38:52,280 INFO:Total games: 8830
2024-06-18 13:40:15,214 INFO:Total games: 8840
2024-06-18 13:41:42,015 INFO:Total games: 8850
2024-06-18 13:43:16,541 INFO:Total games: 8860
2024-06-18 13:44:54,985 INFO:Total games: 8870
2024-06-18 13:46:37,319 INFO:Total games: 8880
2024-06-18 13:47:53,050 INFO:Total games: 8890
2024-06-18 13:49:32,699 INFO:Total games: 8900
2024-06-18 13:50:48,498 INFO:Total games: 8910
2024-06-18 13:52:24,155 INFO:Total games: 8920
2024-06-18 13:54:14,886 INFO:Total games: 8930
2024-06-18 13:55:48,134 INFO:Total games: 8940
2024-06-18 13:57:21,109 INFO:Total games: 8950
2024-06-18 13:58:50,309 INFO:Total games: 8960
2024-06-18 14:00:20,176 INFO:Total games: 8970
2024-06-18 14:01:51,291 INFO:Total games: 8980
2024-06-18 14:03:02,035 INFO:Total games: 8990
2024-06-18 14:04:21,080 INFO:Total games: 9000
2024-06-18 14:05:45,558 INFO:Total games: 9010
2024-06-18 14:07:24,967 INFO:Total games: 9020
2024-06-18 14:08:51,645 INFO:Total games: 9030
2024-06-18 14:10:25,046 INFO:Total games: 9040
2024-06-18 14:12:00,481 INFO:Total games: 9050
2024-06-18 14:13:32,492 INFO:Total games: 9060
2024-06-18 14:14:51,968 INFO:Total games: 9070
2024-06-18 14:16:23,784 INFO:Total games: 9080
2024-06-18 14:18:01,611 INFO:Total games: 9090
2024-06-18 14:19:39,148 INFO:Total games: 9100
2024-06-18 14:21:08,081 INFO:Total games: 9110
2024-06-18 14:22:57,682 INFO:Total games: 9120
2024-06-18 14:24:37,749 INFO:Total games: 9130
2024-06-18 14:26:35,028 INFO:Total games: 9140
2024-06-18 14:27:58,634 INFO:Total games: 9150
2024-06-18 14:29:28,131 INFO:Total games: 9160
2024-06-18 14:31:08,819 INFO:Total games: 9170
2024-06-18 14:38:27,651 INFO:Total games: 9180
2024-06-18 14:39:59,084 INFO:Total games: 9190
2024-06-18 14:41:22,653 INFO:Total games: 9200
2024-06-18 14:42:36,269 INFO:Total games: 9210
2024-06-18 14:44:07,641 INFO:Total games: 9220
2024-06-18 14:45:31,093 INFO:Total games: 9230
2024-06-18 14:46:47,361 INFO:Total games: 9240
2024-06-18 14:48:03,225 INFO:Total games: 9250
2024-06-18 14:49:38,879 INFO:Total games: 9260
2024-06-18 14:51:09,625 INFO:Total games: 9270
2024-06-18 14:52:39,944 INFO:Total games: 9280
2024-06-18 14:53:56,011 INFO:Total games: 9290
2024-06-18 14:55:23,585 INFO:Total games: 9300
2024-06-18 14:56:58,374 INFO:Total games: 9310
2024-06-18 14:58:40,593 INFO:Total games: 9320
2024-06-18 15:00:36,678 INFO:Total games: 9330
2024-06-18 15:01:55,473 INFO:Total games: 9340
2024-06-18 15:03:17,644 INFO:Total games: 9350
2024-06-18 15:04:58,998 INFO:Total games: 9360
2024-06-18 15:06:32,220 INFO:Total games: 9370
2024-06-18 15:07:48,654 INFO:Total games: 9380
2024-06-18 15:09:18,690 INFO:Total games: 9390
2024-06-18 15:10:43,044 INFO:Total games: 9400
2024-06-18 15:12:29,065 INFO:Total games: 9410
2024-06-18 15:14:03,439 INFO:Total games: 9420
2024-06-18 15:15:28,934 INFO:Total games: 9430
2024-06-18 15:16:54,924 INFO:Total games: 9440
2024-06-18 15:18:19,167 INFO:Total games: 9450
2024-06-18 15:20:09,108 INFO:Total games: 9460
2024-06-18 15:21:27,831 INFO:Total games: 9470
2024-06-18 15:22:51,289 INFO:Total games: 9480
2024-06-18 15:24:19,903 INFO:Total games: 9490
2024-06-18 15:25:42,979 INFO:Total games: 9500
2024-06-18 15:27:19,612 INFO:Total games: 9510
2024-06-18 15:28:32,849 INFO:Total games: 9520
2024-06-18 15:30:07,063 INFO:Total games: 9530
2024-06-18 15:31:37,374 INFO:Total games: 9540
2024-06-18 15:33:17,808 INFO:Total games: 9550
2024-06-18 15:34:35,940 INFO:Total games: 9560
2024-06-18 15:36:03,024 INFO:Total games: 9570
2024-06-18 15:37:37,908 INFO:Total games: 9580
2024-06-18 15:38:53,992 INFO:Total games: 9590
2024-06-18 15:40:45,128 INFO:Total games: 9600
2024-06-18 15:42:14,381 INFO:Total games: 9610
2024-06-18 15:43:56,010 INFO:Total games: 9620
2024-06-18 15:45:30,683 INFO:Total games: 9630
2024-06-18 15:47:07,567 INFO:Total games: 9640
2024-06-18 15:48:48,262 INFO:Total games: 9650
2024-06-18 15:50:24,857 INFO:Total games: 9660
2024-06-18 15:51:59,776 INFO:Total games: 9670
2024-06-18 15:53:19,932 INFO:Total games: 9680
2024-06-18 15:54:58,032 INFO:Total games: 9690
2024-06-18 15:56:29,715 INFO:Total games: 9700
2024-06-18 15:58:41,629 INFO:Total games: 9710
2024-06-18 16:00:20,132 INFO:Total games: 9720
2024-06-18 16:01:40,418 INFO:Total games: 9730
2024-06-18 16:03:06,855 INFO:Total games: 9740
2024-06-18 16:04:36,167 INFO:Total games: 9750
2024-06-18 16:12:11,520 INFO:Total games: 9760
2024-06-18 16:13:55,700 INFO:Total games: 9770
2024-06-18 16:15:24,474 INFO:Total games: 9780
2024-06-18 16:16:53,294 INFO:Total games: 9790
2024-06-18 16:18:11,559 INFO:Total games: 9800
2024-06-18 16:19:48,859 INFO:Total games: 9810
2024-06-18 16:21:23,389 INFO:Total games: 9820
2024-06-18 16:22:54,729 INFO:Total games: 9830
2024-06-18 16:24:31,504 INFO:Total games: 9840
2024-06-18 16:25:56,569 INFO:Total games: 9850
2024-06-18 16:27:29,992 INFO:Total games: 9860
2024-06-18 16:29:06,075 INFO:Total games: 9870
2024-06-18 16:30:42,638 INFO:Total games: 9880
2024-06-18 16:32:23,494 INFO:Total games: 9890
2024-06-18 16:34:17,320 INFO:Total games: 9900
2024-06-18 16:35:38,152 INFO:Total games: 9910
2024-06-18 16:36:54,587 INFO:Total games: 9920
2024-06-18 16:38:17,273 INFO:Total games: 9930
2024-06-18 16:39:42,102 INFO:Total games: 9940
2024-06-18 16:41:03,552 INFO:Total games: 9950
2024-06-18 16:41:10,520 INFO:Ending
2024-06-18 16:41:10,520 INFO:Duration: 1 days, 3 hours, 2 minutes, 53 seconds
